cluster,PT08.S1(CO),PT08.S2(NMHC),PT08.S3(NOx),PT08.S4(NO2),PT08.S5(O3),T,RH,AH
0,1360.0,1046.0,1056.0,1692.0,1268.0,13.6,48.9,0.7578
2,1292.0,955.0,1174.0,1559.0,972.0,13.3,47.7,0.7255
2,1402.0,939.0,1140.0,1555.0,1074.0,11.9,54.0,0.7502
2,1376.0,948.0,1092.0,1584.0,1203.0,11.0,60.0,0.7867
2,1272.0,836.0,1205.0,1490.0,1110.0,11.2,59.6,0.7888
2,1197.0,750.0,1337.0,1393.0,949.0,11.2,59.2,0.7848
2,1185.0,690.0,1462.0,1333.0,733.0,11.3,56.8,0.7603
2,1136.0,672.0,1453.0,1333.0,730.0,10.7,60.0,0.7702
2,1094.0,609.0,1579.0,1276.0,620.0,10.7,59.7,0.7648
2,1010.0,561.0,1705.0,1235.0,501.0,10.3,60.2,0.7517
2,1011.0,527.0,1818.0,1197.0,445.0,10.1,60.5,0.7465
2,1066.0,512.0,1918.0,1182.0,422.0,11.0,56.2,0.7366
2,1052.0,553.0,1738.0,1221.0,472.0,10.5,58.1,0.7353
2,1144.0,667.0,1490.0,1339.0,730.0,10.2,59.6,0.7417
2,1333.0,900.0,1136.0,1517.0,1102.0,10.8,57.4,0.7408
2,1351.0,960.0,1079.0,1583.0,1028.0,10.5,60.6,0.7691
2,1233.0,827.0,1218.0,1446.0,860.0,10.8,58.4,0.7552
2,1179.0,762.0,1328.0,1362.0,671.0,10.5,57.9,0.7352
2,1236.0,774.0,1301.0,1401.0,664.0,9.5,66.8,0.7951
2,1286.0,869.0,1162.0,1537.0,799.0,8.3,76.4,0.8393
0,1371.0,1034.0,983.0,1730.0,1037.0,8.0,81.1,0.8736
2,1310.0,933.0,1082.0,1647.0,946.0,8.3,79.8,0.8778
2,1292.0,912.0,1103.0,1591.0,957.0,9.7,71.2,0.8569
0,1383.0,1020.0,1008.0,1719.0,1104.0,9.8,67.6,0.8185
0,1581.0,1319.0,799.0,2083.0,1409.0,10.3,64.2,0.8065
0,1776.0,1488.0,702.0,2333.0,1704.0,9.7,69.3,0.8319
0,1640.0,1404.0,743.0,2191.0,1654.0,9.6,67.8,0.8133
0,1313.0,1076.0,957.0,1707.0,1285.0,9.1,64.0,0.7419
2,965.0,749.0,1325.0,1333.0,821.0,8.2,63.4,0.6905
2,913.0,629.0,1565.0,1252.0,552.0,8.2,60.8,0.6657
2,1080.0,805.0,1254.0,1375.0,816.0,8.3,58.5,0.6438
2,1044.0,829.0,1247.0,1378.0,832.0,7.7,59.7,0.6308
2,988.0,718.0,1396.0,1304.0,692.0,7.1,61.8,0.6276
2,889.0,574.0,1680.0,1187.0,512.0,7.0,62.3,0.6261
2,831.0,506.0,1893.0,1134.0,384.0,6.1,65.9,0.6248
2,847.0,501.0,1895.0,1155.0,394.0,6.3,65.0,0.6233
2,927.0,571.0,1685.0,1223.0,487.0,6.8,62.9,0.6234
2,1091.0,730.0,1387.0,1361.0,748.0,6.4,65.1,0.6316
0,1587.0,1236.0,897.0,1900.0,1400.0,7.3,63.1,0.6499
0,1545.0,1353.0,767.0,2058.0,1588.0,9.2,56.2,0.6561
0,1350.0,1118.0,912.0,1712.0,1237.0,13.2,41.7,0.632
1,1263.0,1037.0,969.0,1598.0,1167.0,14.3,38.4,0.6243
2,1206.0,986.0,1035.0,1537.0,959.0,15.0,36.5,0.6195
1,1252.0,1016.0,1008.0,1593.0,983.0,16.1,34.5,0.6262
1,1287.0,1078.0,949.0,1660.0,1061.0,16.3,35.7,0.656
0,1353.0,1122.0,922.0,1740.0,1139.0,15.8,37.0,0.661
0,1309.0,1073.0,954.0,1657.0,1112.0,15.9,37.2,0.6657
1,1274.0,1041.0,1006.0,1610.0,994.0,16.9,34.3,0.6549
0,1510.0,1277.0,812.0,1910.0,1410.0,15.1,39.6,0.6766
0,1525.0,1246.0,821.0,1847.0,1448.0,14.4,43.4,0.7084
0,1843.0,1610.0,624.0,2390.0,1887.0,12.9,50.5,0.7478
0,1598.0,1299.0,752.0,1941.0,1627.0,12.1,53.3,0.7536
0,1484.0,1127.0,839.0,1723.0,1491.0,11.0,59.1,0.774
0,1677.0,1346.0,741.0,2062.0,1657.0,9.7,64.6,0.7771
0,1280.0,964.0,963.0,1544.0,1285.0,9.5,64.1,0.7597
2,1196.0,873.0,1071.0,1463.0,1144.0,9.1,63.9,0.7423
2,1184.0,782.0,1176.0,1365.0,1043.0,8.8,63.9,0.7256
2,1172.0,783.0,1179.0,1380.0,996.0,7.8,67.5,0.7173
2,1147.0,821.0,1132.0,1412.0,992.0,7.0,71.1,0.7158
2,978.0,625.0,1420.0,1274.0,819.0,8.3,63.6,0.6982
2,1100.0,646.0,1406.0,1268.0,835.0,7.2,67.5,0.6887
2,1112.0,770.0,1228.0,1409.0,940.0,6.3,71.9,0.6932
0,1336.0,1043.0,935.0,1678.0,1192.0,6.5,71.6,0.6945
0,1408.0,1153.0,830.0,1777.0,1411.0,9.6,59.7,0.7124
0,1447.0,1081.0,869.0,1667.0,1465.0,12.4,51.2,0.7335
0,1542.0,1184.0,808.0,1780.0,1583.0,15.6,42.2,0.7451
0,1451.0,1117.0,875.0,1679.0,1387.0,18.4,33.8,0.709
1,1328.0,1059.0,987.0,1600.0,1101.0,19.4,31.3,0.695
1,1207.0,924.0,1088.0,1488.0,850.0,18.0,34.8,0.7127
1,1240.0,947.0,1049.0,1532.0,947.0,18.4,33.6,0.7042
1,1306.0,987.0,1004.0,1554.0,1078.0,17.6,35.1,0.7012
1,1326.0,1000.0,976.0,1602.0,1084.0,16.7,37.8,0.7117
0,1473.0,1163.0,831.0,1779.0,1395.0,16.1,41.0,0.7451
0,1609.0,1286.0,758.0,1922.0,1612.0,15.8,42.4,0.7569
0,1611.0,1274.0,754.0,1915.0,1697.0,15.7,44.1,0.7786
0,1621.0,1247.0,762.0,1860.0,1886.0,15.3,46.8,0.8091
0,1444.0,1089.0,844.0,1748.0,1624.0,14.6,48.6,0.806
0,1418.0,1010.0,892.0,1603.0,1536.0,14.7,49.3,0.8193
0,1534.0,1013.0,889.0,1611.0,1535.0,13.9,53.6,0.8498
0,1484.0,1045.0,880.0,1624.0,1530.0,14.6,51.5,0.8536
0,1367.0,925.0,953.0,1543.0,1337.0,12.5,58.9,0.8537
0,1344.0,968.0,921.0,1620.0,1278.0,11.6,63.4,0.8674
2,1130.0,773.0,1130.0,1452.0,1051.0,12.1,61.1,0.8603
2,1062.0,691.0,1272.0,1377.0,929.0,11.5,63.1,0.8533
2,1076.0,618.0,1395.0,1333.0,872.0,11.6,62.2,0.8473
2,1028.0,615.0,1384.0,1340.0,853.0,10.4,67.6,0.853
2,1155.0,722.0,1225.0,1414.0,959.0,11.6,62.7,0.853
2,1235.0,828.0,1055.0,1527.0,1093.0,12.4,60.0,0.8627
0,1332.0,923.0,952.0,1614.0,1225.0,14.5,53.1,0.8728
0,1445.0,1009.0,878.0,1696.0,1355.0,16.9,46.1,0.8789
0,1416.0,1002.0,907.0,1677.0,1262.0,19.3,38.3,0.8474
1,1281.0,880.0,1084.0,1525.0,980.0,21.2,31.4,0.7812
1,1207.0,879.0,1104.0,1490.0,872.0,21.4,30.2,0.7616
1,1258.0,906.0,1081.0,1511.0,900.0,21.9,29.0,0.7525
1,1458.0,1045.0,974.0,1646.0,1099.0,22.2,28.4,0.7516
0,1438.0,1051.0,943.0,1668.0,1206.0,21.3,30.8,0.7696
0,1478.0,1055.0,929.0,1671.0,1262.0,19.7,36.7,0.8307
0,1808.0,1312.0,753.0,1993.0,1698.0,18.4,41.7,0.8732
0,1898.0,1381.0,681.0,2103.0,1905.0,17.6,46.1,0.921
0,1560.0,1140.0,784.0,1818.0,1648.0,16.7,49.6,0.932
0,1324.0,940.0,924.0,1587.0,1423.0,16.3,51.0,0.9341
0,1349.0,933.0,933.0,1617.0,1349.0,14.7,55.9,0.9314
2,1239.0,872.0,985.0,1547.0,1250.0,14.8,54.7,0.9164
2,1239.0,853.0,1010.0,1543.0,1174.0,14.0,57.0,0.9094
2,1224.0,855.0,998.0,1566.0,1149.0,13.4,61.3,0.9361
2,1078.0,734.0,1128.0,1487.0,1021.0,12.6,63.5,0.923
2,1078.0,711.0,1150.0,1468.0,1013.0,12.3,65.4,0.9351
2,1075.0,703.0,1156.0,1464.0,1010.0,11.9,67.4,0.9375
2,1157.0,830.0,1030.0,1584.0,1083.0,11.4,70.5,0.9475
0,1314.0,966.0,897.0,1710.0,1235.0,11.3,70.2,0.9401
0,1797.0,1451.0,652.0,2323.0,1680.0,12.4,63.9,0.917
0,1961.0,1701.0,537.0,2665.0,2184.0,14.8,54.3,0.9076
0,1771.0,1470.0,622.0,2262.0,1973.0,17.4,45.6,0.8993
0,1564.0,1300.0,710.0,2029.0,1798.0,19.8,38.5,0.8801
0,1430.0,1120.0,831.0,1783.0,1522.0,22.0,34.1,0.8904
0,1417.0,1146.0,830.0,1831.0,1404.0,23.3,32.2,0.9096
0,1400.0,1162.0,838.0,1829.0,1263.0,23.9,30.0,0.8757
1,1317.0,1053.0,926.0,1707.0,1137.0,24.4,28.9,0.8736
1,1318.0,1033.0,950.0,1675.0,1068.0,24.4,29.4,0.8848
0,1445.0,1141.0,857.0,1824.0,1252.0,23.8,31.3,0.9137
0,1917.0,1601.0,631.0,2447.0,1843.0,22.5,35.4,0.9547
0,2040.0,1754.0,542.0,2679.0,2122.0,20.4,42.5,1.0086
0,1895.0,1573.0,565.0,2443.0,1992.0,18.3,52.6,1.0945
0,1595.0,1294.0,678.0,2058.0,1707.0,16.7,57.4,1.0786
0,1439.0,1159.0,764.0,1856.0,1494.0,15.7,60.2,1.0654
2,1142.0,852.0,1008.0,1547.0,1164.0,15.3,61.4,1.058
0,1304.0,1019.0,852.0,1731.0,1272.0,14.1,65.7,1.0494
2,1074.0,784.0,1098.0,1483.0,1040.0,14.8,60.6,1.0148
2,968.0,640.0,1320.0,1386.0,867.0,14.8,59.2,0.9879
2,929.0,608.0,1376.0,1364.0,826.0,13.6,62.1,0.9636
2,941.0,626.0,1316.0,1373.0,840.0,12.3,66.2,0.945
2,937.0,585.0,1412.0,1348.0,793.0,12.8,63.2,0.9283
2,1017.0,681.0,1246.0,1418.0,870.0,11.2,68.5,0.9081
2,1171.0,770.0,1162.0,1467.0,930.0,11.0,66.5,0.8705
0,1541.0,1185.0,770.0,1889.0,1407.0,11.7,63.7,0.8719
0,1539.0,1287.0,698.0,2055.0,1507.0,13.6,56.3,0.8743
0,1735.0,1431.0,628.0,2211.0,1843.0,17.8,42.9,0.8672
0,1571.0,1297.0,730.0,1973.0,1729.0,21.4,33.3,0.8417
0,1452.0,1250.0,776.0,1868.0,1583.0,24.4,27.4,0.8231
0,1579.0,1359.0,724.0,1998.0,1671.0,25.3,26.1,0.8264
0,1466.0,1309.0,773.0,1897.0,1491.0,25.8,23.2,0.7589
1,1280.0,1136.0,893.0,1675.0,1240.0,27.0,20.2,0.7094
0,1407.0,1197.0,905.0,1759.0,1313.0,28.2,18.6,0.7014
0,1389.0,1173.0,898.0,1739.0,1363.0,28.0,19.1,0.7098
0,1447.0,1235.0,859.0,1778.0,1296.0,23.9,25.7,0.7519
0,1551.0,1271.0,800.0,1875.0,1432.0,21.3,34.8,0.873
0,1474.0,1173.0,854.0,1776.0,1432.0,20.4,36.7,0.8704
0,1800.0,1426.0,700.0,2106.0,2034.0,19.0,41.3,0.9007
0,1379.0,1101.0,818.0,1710.0,1602.0,17.9,45.9,0.9342
1,1201.0,943.0,935.0,1560.0,1362.0,16.7,48.9,0.9226
1,1205.0,925.0,922.0,1547.0,1314.0,15.5,52.9,0.9271
2,1072.0,784.0,1066.0,1442.0,1114.0,15.5,51.9,0.9059
2,998.0,714.0,1169.0,1383.0,992.0,14.1,55.6,0.891
2,933.0,625.0,1292.0,1332.0,884.0,13.1,57.9,0.8666
2,883.0,577.0,1396.0,1303.0,808.0,12.7,57.9,0.8447
2,869.0,554.0,1460.0,1268.0,667.0,11.8,58.0,0.8026
2,891.0,576.0,1417.0,1289.0,733.0,11.9,57.4,0.7978
2,1173.0,878.0,1038.0,1556.0,1052.0,9.9,65.2,0.7956
0,1587.0,1334.0,702.0,1999.0,1534.0,11.1,60.2,0.7958
0,1852.0,1696.0,553.0,2535.0,1931.0,14.1,50.0,0.802
0,1522.0,1331.0,703.0,2026.0,1734.0,17.7,40.1,0.8048
0,1438.0,1161.0,819.0,1782.0,1595.0,21.1,33.4,0.8265
0,1393.0,1067.0,905.0,1654.0,1490.0,24.3,28.3,0.8471
0,1452.0,1152.0,861.0,1747.0,1508.0,25.6,25.6,0.8254
0,1389.0,1108.0,887.0,1712.0,1334.0,25.9,25.9,0.8503
1,1207.0,994.0,1013.0,1520.0,1045.0,26.8,18.7,0.65
1,1365.0,1154.0,940.0,1679.0,1221.0,29.3,15.8,0.6309
1,1247.0,1060.0,1032.0,1525.0,1069.0,28.5,14.9,0.5708
0,1557.0,1478.0,793.0,1981.0,1569.0,25.9,16.0,0.5237
0,1973.0,1737.0,617.0,2414.0,2306.0,23.1,26.5,0.7403
0,1975.0,1667.0,597.0,2416.0,2359.0,20.5,38.2,0.9133
0,1795.0,1485.0,653.0,2174.0,2050.0,19.1,42.6,0.9294
0,1444.0,1150.0,770.0,1727.0,1727.0,17.2,44.1,0.8558
0,1488.0,1171.0,731.0,1778.0,1705.0,16.0,50.9,0.9206
0,1371.0,1083.0,796.0,1669.0,1551.0,14.8,53.9,0.9024
2,1161.0,904.0,947.0,1502.0,1240.0,14.3,55.4,0.8975
2,1064.0,787.0,1057.0,1407.0,1115.0,14.8,52.1,0.8686
2,970.0,687.0,1196.0,1351.0,969.0,13.9,53.9,0.8501
2,954.0,645.0,1260.0,1334.0,925.0,11.6,61.9,0.8442
2,931.0,623.0,1293.0,1307.0,828.0,12.0,58.9,0.8233
2,938.0,650.0,1251.0,1333.0,893.0,10.9,62.1,0.8113
2,1166.0,885.0,1005.0,1551.0,1075.0,10.6,63.3,0.8067
0,1643.0,1384.0,667.0,2094.0,1610.0,11.5,60.0,0.8117
0,1934.0,1682.0,541.0,2468.0,2051.0,14.3,50.6,0.8186
0,1617.0,1333.0,686.0,2010.0,1819.0,17.8,40.5,0.821
0,1473.0,1127.0,831.0,1752.0,1568.0,20.8,34.4,0.8365
0,1379.0,1068.0,899.0,1663.0,1374.0,23.8,28.2,0.8219
1,1385.0,1056.0,891.0,1648.0,1268.0,24.2,28.7,0.8515
1,1379.0,1087.0,901.0,1660.0,1144.0,25.2,24.9,0.7829
1,1322.0,1129.0,934.0,1639.0,1109.0,27.0,17.8,0.6275
0,1496.0,1205.0,822.0,1767.0,1347.0,27.1,23.1,0.818
1,1409.0,1131.0,873.0,1689.0,1206.0,25.8,23.9,0.7832
0,1513.0,1338.0,764.0,1957.0,1397.0,23.0,26.8,0.7446
0,1667.0,1464.0,683.0,2118.0,1588.0,20.7,31.1,0.7523
0,1667.0,1453.0,684.0,2051.0,1569.0,18.6,36.2,0.7676
0,1430.0,1121.0,814.0,1732.0,1322.0,16.0,48.4,0.8768
0,1333.0,989.0,885.0,1621.0,1194.0,14.5,57.8,0.9456
2,1262.0,911.0,948.0,1545.0,1062.0,13.1,64.2,0.9606
2,1287.0,936.0,918.0,1606.0,1040.0,12.0,69.7,0.9735
2,1134.0,840.0,1021.0,1501.0,917.0,11.9,71.1,0.9915
2,999.0,688.0,1229.0,1380.0,594.0,12.5,69.3,1.0029
2,961.0,622.0,1382.0,1301.0,430.0,12.5,67.5,0.9768
2,934.0,569.0,1440.0,1280.0,397.0,12.3,67.7,0.9665
2,913.0,525.0,1620.0,1260.0,370.0,12.5,66.8,0.962
2,969.0,607.0,1373.0,1324.0,438.0,12.3,66.3,0.9487
2,1182.0,845.0,1054.0,1539.0,704.0,12.4,64.9,0.9332
0,1740.0,1372.0,671.0,2144.0,1476.0,13.0,61.6,0.9209
0,1819.0,1582.0,575.0,2456.0,1716.0,13.6,58.8,0.912
0,1427.0,1275.0,701.0,1980.0,1398.0,13.9,57.1,0.9032
0,1390.0,1191.0,759.0,1879.0,1268.0,14.5,54.4,0.8917
0,1283.0,1117.0,813.0,1751.0,1188.0,15.5,50.1,0.8744
0,1304.0,1157.0,793.0,1801.0,1171.0,16.1,47.6,0.8655
0,1364.0,1202.0,771.0,1875.0,1250.0,16.3,47.1,0.864
0,1410.0,1268.0,724.0,1957.0,1344.0,16.4,47.5,0.8791
0,1476.0,1280.0,708.0,1955.0,1378.0,16.1,50.2,0.9094
0,1522.0,1320.0,690.0,2005.0,1435.0,16.0,50.7,0.9142
0,1442.0,1301.0,704.0,1952.0,1372.0,15.8,50.3,0.8989
0,1469.0,1344.0,677.0,1997.0,1471.0,15.5,50.6,0.884
0,1467.0,1292.0,698.0,1942.0,1439.0,15.4,51.4,0.8956
0,1421.0,1202.0,748.0,1854.0,1429.0,15.2,53.1,0.9117
1,1175.0,945.0,904.0,1604.0,1081.0,14.7,57.6,0.9573
2,1215.0,912.0,948.0,1547.0,993.0,14.2,58.3,0.938
2,1127.0,802.0,1064.0,1447.0,837.0,13.8,57.9,0.9085
2,1090.0,773.0,1105.0,1429.0,761.0,13.9,55.9,0.8842
2,1017.0,718.0,1182.0,1382.0,650.0,13.9,55.6,0.8765
2,997.0,677.0,1252.0,1359.0,591.0,13.8,55.1,0.8666
2,945.0,646.0,1308.0,1332.0,505.0,13.8,54.6,0.8574
2,956.0,661.0,1260.0,1351.0,518.0,13.6,55.1,0.856
2,966.0,622.0,1317.0,1342.0,571.0,13.6,59.0,0.9129
2,1064.0,728.0,1161.0,1461.0,842.0,13.5,58.4,0.896
0,1300.0,935.0,902.0,1623.0,1145.0,13.8,58.0,0.9083
0,1348.0,998.0,834.0,1689.0,1218.0,14.6,53.1,0.8765
0,1425.0,1068.0,776.0,1764.0,1341.0,15.0,52.3,0.8881
0,1474.0,1061.0,768.0,1768.0,1406.0,15.4,52.1,0.9046
0,1490.0,1039.0,782.0,1757.0,1422.0,16.3,50.0,0.9158
0,1495.0,1040.0,809.0,1735.0,1373.0,17.1,47.9,0.9281
1,1376.0,953.0,900.0,1636.0,1153.0,19.0,42.9,0.937
1,1305.0,884.0,980.0,1573.0,927.0,19.5,42.3,0.9476
1,1283.0,844.0,1036.0,1539.0,766.0,19.5,42.3,0.9493
1,1392.0,967.0,930.0,1649.0,941.0,19.1,43.8,0.9556
0,1452.0,1063.0,856.0,1774.0,1146.0,18.5,46.3,0.9744
0,1633.0,1199.0,734.0,1919.0,1417.0,17.4,51.6,1.0159
0,1625.0,1191.0,733.0,1885.0,1442.0,17.1,51.3,0.9914
0,1535.0,1108.0,785.0,1820.0,1323.0,16.4,53.8,0.9964
0,1323.0,973.0,864.0,1712.0,1125.0,16.2,55.4,1.0132
1,1309.0,937.0,905.0,1672.0,1036.0,15.9,57.7,1.0356
0,1456.0,999.0,835.0,1714.0,1202.0,15.7,58.6,1.0396
1,1300.0,872.0,941.0,1577.0,1054.0,15.1,60.9,1.0398
2,1203.0,823.0,1004.0,1526.0,903.0,15.6,56.6,0.9951
2,1195.0,836.0,987.0,1554.0,885.0,15.2,57.9,0.9941
2,1117.0,802.0,1029.0,1539.0,818.0,15.4,57.8,1.0021
2,1062.0,711.0,1136.0,1461.0,700.0,14.9,60.6,1.0196
2,947.0,594.0,1300.0,1390.0,580.0,14.5,63.0,1.0316
2,1065.0,687.0,1143.0,1492.0,815.0,14.2,66.2,1.063
2,1155.0,734.0,1062.0,1528.0,1035.0,14.5,65.3,1.0704
2,1220.0,782.0,996.0,1560.0,1067.0,15.3,62.1,1.073
1,1301.0,862.0,914.0,1633.0,1114.0,16.3,59.0,1.0868
1,1279.0,870.0,911.0,1646.0,1000.0,18.9,49.6,1.07
1,1267.0,883.0,953.0,1617.0,906.0,19.4,46.1,1.0249
1,1239.0,848.0,981.0,1568.0,822.0,20.8,41.6,1.0091
1,1128.0,742.0,1144.0,1507.0,610.0,21.4,40.3,1.0126
1,1243.0,916.0,962.0,1669.0,657.0,21.2,39.3,0.9791
1,1208.0,853.0,1060.0,1506.0,647.0,20.3,38.0,0.8942
1,1306.0,938.0,961.0,1607.0,762.0,19.4,41.3,0.9206
0,1546.0,1151.0,769.0,1874.0,1122.0,18.5,43.8,0.9252
0,1501.0,1071.0,823.0,1744.0,1130.0,17.8,48.1,0.9689
0,1605.0,1153.0,769.0,1840.0,1637.0,17.9,46.9,0.952
0,1316.0,974.0,883.0,1673.0,1272.0,17.4,49.1,0.9688
1,1195.0,898.0,933.0,1594.0,1098.0,17.0,51.7,0.9914
1,1211.0,896.0,920.0,1624.0,1066.0,16.4,55.1,1.0198
1,1161.0,815.0,995.0,1582.0,909.0,16.1,60.0,1.0919
2,1095.0,767.0,1050.0,1547.0,818.0,15.8,60.5,1.0805
2,897.0,563.0,1417.0,1355.0,472.0,16.3,57.0,1.0491
2,842.0,468.0,1813.0,1274.0,394.0,16.9,53.9,1.0309
2,854.0,481.0,1756.0,1304.0,396.0,16.1,55.9,1.0153
2,845.0,472.0,1786.0,1278.0,378.0,16.5,53.9,1.0049
2,942.0,586.0,1480.0,1373.0,432.0,16.4,54.0,0.9979
2,1090.0,768.0,1072.0,1538.0,699.0,15.7,57.6,1.0195
0,1514.0,1230.0,732.0,1996.0,1252.0,15.8,53.7,0.9571
0,1379.0,1252.0,711.0,1962.0,1237.0,17.4,42.1,0.8281
2,1074.0,854.0,1032.0,1484.0,772.0,17.9,38.4,0.7793
1,1090.0,868.0,1026.0,1509.0,766.0,18.5,36.7,0.7764
1,1110.0,964.0,947.0,1577.0,829.0,21.0,29.6,0.7263
1,1102.0,994.0,955.0,1599.0,783.0,21.3,28.1,0.7067
1,1100.0,1021.0,952.0,1607.0,822.0,21.3,26.1,0.6539
1,1094.0,1003.0,965.0,1574.0,813.0,21.3,26.8,0.6681
1,1076.0,1034.0,964.0,1544.0,813.0,21.3,24.2,0.606
1,1152.0,1062.0,928.0,1606.0,850.0,20.2,28.5,0.6682
0,1407.0,1249.0,720.0,1932.0,1276.0,17.0,43.1,0.8264
0,1438.0,1325.0,678.0,1993.0,1401.0,15.6,47.4,0.8347
0,1425.0,1325.0,678.0,1965.0,1356.0,15.3,47.4,0.8178
0,1279.0,1131.0,775.0,1758.0,1243.0,14.5,49.7,0.8177
2,1132.0,916.0,920.0,1561.0,1083.0,13.9,52.0,0.8231
2,1006.0,729.0,1142.0,1370.0,795.0,14.5,49.4,0.8106
2,982.0,700.0,1204.0,1359.0,735.0,13.8,51.4,0.8071
2,969.0,636.0,1271.0,1309.0,684.0,14.0,51.3,0.8163
2,941.0,621.0,1298.0,1330.0,714.0,13.0,56.8,0.8444
2,892.0,522.0,1522.0,1285.0,456.0,11.0,70.0,0.9215
2,855.0,478.0,1701.0,1261.0,401.0,10.1,76.8,0.9483
2,834.0,459.0,1908.0,1212.0,361.0,8.8,80.5,0.9147
2,909.0,567.0,1542.0,1287.0,418.0,9.6,75.4,0.9004
2,1061.0,745.0,1178.0,1429.0,616.0,9.8,75.0,0.9093
0,1441.0,1124.0,851.0,1829.0,1089.0,10.0,74.2,0.9117
0,1498.0,1325.0,684.0,2095.0,1329.0,11.2,69.7,0.9232
0,1343.0,1185.0,760.0,1857.0,1311.0,12.0,62.9,0.8803
0,1308.0,1166.0,792.0,1794.0,1236.0,12.8,55.8,0.821
0,1209.0,1097.0,837.0,1746.0,1147.0,13.1,54.8,0.8234
0,1310.0,1207.0,770.0,1847.0,1301.0,13.8,53.4,0.8351
1,1171.0,1064.0,881.0,1639.0,1097.0,16.0,42.4,0.7674
2,1112.0,980.0,924.0,1589.0,900.0,14.1,49.8,0.7971
2,1132.0,927.0,944.0,1570.0,781.0,12.0,61.1,0.8537
0,1225.0,1111.0,818.0,1719.0,1013.0,13.6,54.6,0.8465
2,1065.0,953.0,962.0,1514.0,790.0,13.7,49.5,0.7695
0,1236.0,1084.0,854.0,1688.0,1059.0,11.7,57.1,0.7822
0,1309.0,1126.0,812.0,1722.0,1205.0,11.5,58.2,0.7867
2,1089.0,884.0,1006.0,1487.0,975.0,12.6,54.2,0.7881
2,1000.0,776.0,1141.0,1375.0,896.0,12.0,54.9,0.7664
2,1041.0,782.0,1105.0,1425.0,911.0,11.0,61.4,0.8057
2,1045.0,756.0,1137.0,1411.0,902.0,11.1,62.2,0.8199
2,997.0,744.0,1151.0,1405.0,832.0,10.8,62.5,0.8082
2,948.0,634.0,1320.0,1326.0,715.0,11.3,60.0,0.8025
2,878.0,551.0,1493.0,1272.0,683.0,10.6,61.6,0.7856
2,908.0,559.0,1477.0,1287.0,721.0,10.2,62.7,0.7813
2,892.0,522.0,1572.0,1255.0,648.0,10.9,58.6,0.7628
2,954.0,561.0,1496.0,1255.0,612.0,10.8,57.2,0.7382
2,1045.0,751.0,1186.0,1403.0,800.0,10.4,59.2,0.7455
0,1383.0,1109.0,832.0,1706.0,1173.0,11.0,57.3,0.7501
0,1597.0,1395.0,652.0,2080.0,1519.0,11.2,56.9,0.7565
0,1318.0,1124.0,762.0,1770.0,1287.0,12.1,54.9,0.7734
2,1138.0,898.0,950.0,1505.0,966.0,15.1,44.3,0.7535
2,1098.0,842.0,1012.0,1440.0,828.0,15.6,40.6,0.7146
2,1118.0,927.0,959.0,1477.0,825.0,16.9,34.6,0.6597
1,1170.0,1009.0,879.0,1566.0,872.0,16.6,35.6,0.6697
2,1112.0,842.0,1015.0,1494.0,680.0,11.3,63.9,0.8554
0,1390.0,1028.0,829.0,1730.0,1002.0,9.6,81.1,0.972
0,1353.0,1096.0,774.0,1783.0,1159.0,11.7,69.1,0.9497
0,1260.0,1050.0,828.0,1722.0,979.0,10.7,68.5,0.8794
0,1501.0,1302.0,681.0,2008.0,1311.0,10.7,67.3,0.8643
0,1273.0,1130.0,795.0,1744.0,1071.0,10.8,65.7,0.8486
2,1179.0,955.0,928.0,1571.0,899.0,10.3,66.3,0.8336
2,1047.0,809.0,1064.0,1435.0,766.0,10.1,66.9,0.8248
2,973.0,739.0,1186.0,1354.0,589.0,10.4,61.1,0.7717
2,997.0,737.0,1168.0,1341.0,631.0,10.3,59.9,0.7516
2,970.0,621.0,1400.0,1249.0,479.0,11.0,58.4,0.7686
2,902.0,568.0,1450.0,1253.0,479.0,9.1,68.1,0.789
2,921.0,538.0,1564.0,1224.0,417.0,9.5,68.2,0.8091
2,858.0,490.0,1707.0,1212.0,378.0,9.3,72.3,0.8496
2,878.0,457.0,1935.0,1158.0,344.0,9.9,66.8,0.8152
2,893.0,540.0,1604.0,1268.0,413.0,7.6,83.2,0.8695
2,1038.0,697.0,1260.0,1383.0,605.0,8.1,79.0,0.8544
0,1320.0,1035.0,902.0,1721.0,991.0,8.7,74.6,0.8429
0,1353.0,1235.0,740.0,1937.0,1175.0,8.6,75.1,0.8415
2,1133.0,933.0,969.0,1552.0,923.0,9.7,69.7,0.8389
2,1066.0,849.0,1039.0,1468.0,829.0,11.0,64.4,0.8447
2,1027.0,809.0,1081.0,1442.0,733.0,13.6,53.0,0.8209
2,1106.0,935.0,958.0,1570.0,819.0,14.2,48.4,0.778
2,1038.0,907.0,976.0,1492.0,723.0,14.2,46.3,0.7438
2,1084.0,924.0,986.0,1501.0,786.0,16.0,41.3,0.7462
1,1105.0,982.0,939.0,1545.0,850.0,17.7,35.4,0.7094
1,1102.0,957.0,968.0,1527.0,820.0,17.1,37.4,0.7225
0,1240.0,1137.0,836.0,1748.0,991.0,14.9,40.5,0.6835
0,1443.0,1418.0,666.0,2060.0,1454.0,13.4,47.8,0.7293
0,1389.0,1341.0,692.0,1982.0,1488.0,12.6,52.5,0.7642
2,1183.0,989.0,904.0,1539.0,1205.0,12.2,53.2,0.7555
2,1014.0,798.0,1083.0,1376.0,909.0,10.6,56.1,0.714
2,979.0,736.0,1154.0,1324.0,769.0,9.9,59.5,0.7276
2,1048.0,787.0,1098.0,1373.0,835.0,9.6,61.1,0.7323
2,1024.0,753.0,1131.0,1357.0,793.0,9.7,61.6,0.7425
2,974.0,690.0,1208.0,1313.0,733.0,9.4,62.6,0.7398
2,862.0,561.0,1449.0,1219.0,502.0,8.2,68.5,0.7455
2,925.0,602.0,1398.0,1263.0,562.0,8.0,69.4,0.7459
2,952.0,654.0,1210.0,1312.0,832.0,7.7,72.4,0.7655
2,1005.0,713.0,1130.0,1363.0,924.0,8.0,71.8,0.7711
2,1122.0,842.0,1015.0,1438.0,974.0,8.5,66.3,0.7375
0,1351.0,1201.0,783.0,1828.0,1307.0,9.8,59.6,0.7214
0,1408.0,1278.0,682.0,1928.0,1481.0,11.2,57.0,0.7544
0,1304.0,1142.0,772.0,1747.0,1405.0,14.8,44.1,0.7407
0,1207.0,1098.0,826.0,1664.0,1195.0,16.8,35.3,0.6729
1,1099.0,1014.0,948.0,1503.0,868.0,19.2,27.1,0.5976
1,1106.0,1068.0,915.0,1535.0,874.0,19.1,26.2,0.5741
2,1009.0,916.0,1015.0,1391.0,738.0,16.3,30.8,0.5683
2,962.0,776.0,1152.0,1279.0,550.0,14.2,36.8,0.5922
2,1093.0,933.0,976.0,1454.0,777.0,13.4,41.0,0.6292
1,1180.0,1023.0,886.0,1588.0,966.0,14.2,43.3,0.6982
2,1168.0,1037.0,868.0,1580.0,990.0,12.1,45.6,0.6403
2,1168.0,1063.0,876.0,1540.0,944.0,10.4,48.0,0.6046
2,1140.0,1000.0,916.0,1490.0,962.0,10.0,51.1,0.628
2,1001.0,811.0,1097.0,1308.0,778.0,9.8,50.8,0.6172
2,953.0,743.0,1185.0,1252.0,690.0,9.7,50.4,0.6063
2,972.0,715.0,1237.0,1258.0,644.0,9.9,50.2,0.6103
2,1021.0,776.0,1144.0,1307.0,753.0,9.4,53.4,0.63
2,940.0,664.0,1290.0,1232.0,646.0,8.6,57.8,0.6488
2,1046.0,736.0,1142.0,1312.0,838.0,8.1,62.1,0.6746
2,1026.0,699.0,1191.0,1292.0,851.0,7.9,63.5,0.6777
2,983.0,698.0,1209.0,1296.0,801.0,7.4,64.8,0.6683
2,915.0,578.0,1417.0,1212.0,665.0,8.2,58.9,0.6444
2,935.0,615.0,1373.0,1250.0,717.0,6.3,66.6,0.641
2,976.0,669.0,1270.0,1266.0,795.0,7.2,62.9,0.6396
2,1124.0,842.0,1050.0,1418.0,936.0,7.2,63.9,0.65
2,1163.0,919.0,922.0,1530.0,1076.0,11.1,50.5,0.6654
2,1167.0,966.0,942.0,1520.0,1016.0,15.5,36.1,0.6313
2,1121.0,955.0,992.0,1451.0,834.0,17.8,29.2,0.592
2,1071.0,940.0,994.0,1449.0,756.0,17.6,30.1,0.6013
1,1065.0,979.0,950.0,1467.0,766.0,19.1,26.8,0.5861
1,1157.0,1072.0,888.0,1596.0,905.0,17.7,28.6,0.5735
2,1046.0,883.0,1051.0,1357.0,765.0,17.8,28.4,0.5737
1,1147.0,1042.0,934.0,1538.0,830.0,18.7,26.0,0.5555
1,1119.0,1022.0,916.0,1508.0,853.0,17.1,31.3,0.6038
1,1210.0,1062.0,886.0,1586.0,981.0,15.8,36.1,0.644
0,1306.0,1079.0,827.0,1621.0,1286.0,14.7,40.1,0.6657
0,1258.0,1057.0,841.0,1633.0,1244.0,13.6,44.9,0.6991
2,1148.0,930.0,948.0,1475.0,1056.0,12.5,48.1,0.6946
2,1108.0,848.0,1023.0,1421.0,1003.0,11.8,50.8,0.7042
2,1231.0,924.0,906.0,1483.0,1245.0,10.9,56.1,0.7326
2,1293.0,937.0,930.0,1464.0,1200.0,10.9,55.9,0.7277
2,1274.0,912.0,939.0,1451.0,1188.0,10.3,58.1,0.7278
2,1135.0,827.0,1013.0,1395.0,1070.0,9.3,62.2,0.7294
2,1151.0,911.0,935.0,1501.0,1075.0,8.2,66.7,0.7276
2,1010.0,769.0,1110.0,1396.0,895.0,8.3,64.9,0.7124
2,870.0,626.0,1325.0,1284.0,755.0,9.6,58.5,0.7
2,983.0,688.0,1251.0,1342.0,806.0,7.7,66.4,0.699
2,995.0,691.0,1219.0,1321.0,836.0,7.4,68.0,0.7043
2,1024.0,747.0,1136.0,1382.0,897.0,9.7,58.6,0.7035
2,1163.0,880.0,959.0,1486.0,1073.0,12.5,50.1,0.7242
1,1218.0,938.0,918.0,1501.0,1088.0,16.8,36.9,0.7018
1,1210.0,958.0,933.0,1514.0,1036.0,19.2,31.3,0.6887
1,1114.0,887.0,1020.0,1438.0,768.0,21.3,26.4,0.6607
2,995.0,796.0,1159.0,1287.0,587.0,21.2,23.1,0.5768
2,927.0,700.0,1285.0,1189.0,452.0,18.6,25.0,0.5319
2,1002.0,754.0,1189.0,1260.0,470.0,18.0,27.3,0.5594
2,987.0,727.0,1213.0,1244.0,502.0,18.2,28.3,0.5848
2,993.0,714.0,1217.0,1238.0,516.0,17.0,31.4,0.6048
2,1012.0,746.0,1174.0,1301.0,555.0,15.6,35.0,0.617
2,1114.0,823.0,1068.0,1357.0,671.0,14.1,40.2,0.6438
2,1093.0,789.0,1102.0,1329.0,788.0,13.4,43.2,0.6623
2,968.0,669.0,1261.0,1246.0,538.0,12.3,46.8,0.6686
2,960.0,666.0,1266.0,1224.0,544.0,11.9,46.5,0.6449
2,942.0,648.0,1300.0,1204.0,500.0,11.5,46.6,0.6319
2,888.0,598.0,1396.0,1156.0,417.0,10.6,48.0,0.6135
2,818.0,524.0,1588.0,1071.0,341.0,10.7,45.8,0.5895
2,840.0,509.0,1643.0,1076.0,352.0,10.4,46.6,0.5901
2,894.0,524.0,1557.0,1095.0,397.0,10.1,47.8,0.5913
2,864.0,516.0,1496.0,1153.0,502.0,11.3,46.9,0.628
2,898.0,559.0,1441.0,1180.0,648.0,10.1,51.2,0.6341
2,946.0,643.0,1309.0,1232.0,760.0,9.9,50.7,0.6167
0,1309.0,1125.0,844.0,1687.0,1183.0,8.1,56.8,0.615
0,1326.0,1289.0,714.0,1806.0,1431.0,10.9,44.1,0.5748
2,966.0,786.0,1111.0,1258.0,705.0,11.8,37.6,0.5184
2,975.0,793.0,1133.0,1254.0,637.0,13.9,33.2,0.5222
2,988.0,803.0,1105.0,1293.0,658.0,15.6,30.1,0.5285
2,971.0,786.0,1129.0,1272.0,546.0,16.5,29.0,0.5406
2,1010.0,833.0,1070.0,1332.0,561.0,17.5,27.9,0.5517
2,984.0,790.0,1131.0,1268.0,532.0,17.9,26.8,0.5446
2,962.0,776.0,1131.0,1247.0,535.0,18.2,26.1,0.5387
2,1012.0,801.0,1098.0,1289.0,525.0,18.0,27.1,0.5522
2,1058.0,896.0,996.0,1358.0,603.0,17.0,28.9,0.5558
2,1173.0,985.0,905.0,1477.0,802.0,16.1,31.3,0.568
2,1127.0,907.0,957.0,1404.0,796.0,14.5,35.4,0.5839
2,1020.0,797.0,1066.0,1302.0,689.0,13.2,37.9,0.5733
2,949.0,700.0,1221.0,1178.0,553.0,13.1,34.4,0.517
2,930.0,710.0,1278.0,1137.0,509.0,13.5,28.5,0.4405
2,900.0,643.0,1339.0,1089.0,455.0,12.4,31.9,0.4583
2,899.0,630.0,1418.0,1050.0,425.0,13.1,26.8,0.4023
2,866.0,569.0,1468.0,1055.0,436.0,11.6,33.6,0.4595
2,900.0,563.0,1402.0,1130.0,618.0,10.5,42.9,0.5442
2,949.0,540.0,1457.0,1104.0,747.0,11.7,38.7,0.5298
2,897.0,529.0,1462.0,1101.0,693.0,12.2,37.2,0.5277
2,956.0,605.0,1341.0,1117.0,691.0,12.9,33.9,0.5037
2,1054.0,779.0,1080.0,1266.0,1013.0,11.3,40.3,0.5376
0,1343.0,1096.0,839.0,1587.0,1311.0,11.9,38.4,0.5341
0,1584.0,1399.0,642.0,1947.0,1675.0,13.3,35.6,0.5416
0,1556.0,1337.0,674.0,1852.0,1689.0,16.3,28.8,0.5305
0,1565.0,1324.0,695.0,1872.0,1688.0,17.9,28.2,0.5741
0,1429.0,1251.0,734.0,1754.0,1548.0,18.3,26.6,0.5529
0,1419.0,1267.0,742.0,1763.0,1490.0,20.8,22.5,0.5463
0,1373.0,1213.0,791.0,1711.0,1354.0,22.4,20.0,0.5352
1,1185.0,992.0,942.0,1448.0,1014.0,20.9,21.7,0.5295
2,1122.0,897.0,991.0,1372.0,831.0,19.1,26.5,0.579
2,1085.0,820.0,1060.0,1325.0,699.0,18.1,30.6,0.6295
1,1249.0,968.0,874.0,1527.0,926.0,17.3,34.7,0.6788
1,1236.0,962.0,853.0,1532.0,928.0,15.8,40.4,0.7228
0,1334.0,1047.0,815.0,1638.0,1038.0,15.9,42.0,0.7541
1,1264.0,928.0,884.0,1534.0,1035.0,15.9,43.5,0.779
2,1073.0,746.0,1072.0,1360.0,789.0,15.0,46.1,0.7833
2,1053.0,701.0,1147.0,1323.0,692.0,15.1,44.6,0.7574
2,1098.0,747.0,1094.0,1360.0,764.0,14.9,43.5,0.7302
2,1029.0,702.0,1180.0,1287.0,639.0,14.8,41.0,0.685
2,973.0,631.0,1287.0,1240.0,541.0,14.8,40.8,0.6814
2,972.0,639.0,1222.0,1256.0,678.0,14.8,40.8,0.6834
2,832.0,496.0,1613.0,1066.0,381.0,14.2,36.1,0.5823
2,851.0,477.0,1699.0,1064.0,343.0,14.5,36.1,0.5928
2,909.0,545.0,1473.0,1131.0,436.0,14.6,36.0,0.5947
2,1038.0,684.0,1220.0,1279.0,688.0,14.4,38.5,0.6291
0,1636.0,1168.0,721.0,1926.0,1438.0,13.8,58.2,0.9129
0,1580.0,1295.0,639.0,1957.0,1489.0,13.2,61.1,0.9256
2,1262.0,924.0,872.0,1576.0,1093.0,10.4,74.4,0.9384
2,1197.0,837.0,957.0,1498.0,965.0,11.5,71.0,0.9582
2,1277.0,886.0,902.0,1579.0,1004.0,12.2,70.0,0.9924
0,1430.0,1025.0,779.0,1772.0,1166.0,12.3,73.3,1.0442
0,1242.0,944.0,846.0,1638.0,991.0,11.3,78.1,1.0411
0,1349.0,1023.0,804.0,1748.0,1054.0,13.6,69.2,1.0746
0,1390.0,1100.0,755.0,1799.0,1192.0,14.9,59.3,0.9974
1,1224.0,980.0,850.0,1637.0,1055.0,15.7,50.9,0.8997
0,1253.0,1026.0,810.0,1681.0,1048.0,15.2,52.9,0.9087
0,1312.0,1041.0,821.0,1712.0,1073.0,15.5,50.8,0.8881
0,1254.0,1033.0,819.0,1669.0,1068.0,14.3,52.9,0.8581
2,1198.0,953.0,882.0,1588.0,1019.0,13.2,56.0,0.8446
2,1060.0,787.0,1044.0,1418.0,833.0,12.6,57.0,0.8315
2,1050.0,769.0,1078.0,1409.0,759.0,12.3,57.8,0.8224
2,1029.0,754.0,1098.0,1395.0,749.0,12.0,58.4,0.8164
2,1143.0,825.0,986.0,1477.0,978.0,12.0,61.6,0.8593
2,1044.0,770.0,1031.0,1425.0,944.0,11.5,63.9,0.8652
2,1034.0,716.0,1085.0,1405.0,891.0,10.7,67.2,0.863
2,956.0,713.0,1099.0,1422.0,849.0,9.0,73.1,0.8394
2,909.0,615.0,1237.0,1322.0,790.0,10.2,66.6,0.8299
2,996.0,648.0,1176.0,1340.0,852.0,11.0,63.7,0.8325
2,1154.0,876.0,1002.0,1561.0,987.0,9.6,68.8,0.8243
0,1510.0,1291.0,675.0,1949.0,1435.0,9.5,69.6,0.8273
0,1722.0,1595.0,539.0,2439.0,1798.0,11.9,60.9,0.8455
0,1512.0,1323.0,631.0,2001.0,1677.0,16.2,48.6,0.8892
0,1258.0,1040.0,800.0,1701.0,1282.0,19.2,39.6,0.8693
1,1094.0,850.0,970.0,1489.0,871.0,19.7,38.4,0.8743
1,1129.0,875.0,974.0,1524.0,759.0,20.6,36.7,0.8797
1,1125.0,924.0,937.0,1542.0,790.0,21.8,33.9,0.8771
1,1308.0,1193.0,793.0,1193.0,1187.0,23.6,27.5,0.7913
0,1529.0,1331.0,700.0,2028.0,1399.0,22.8,32.1,0.8814
0,1592.0,1429.0,624.0,2089.0,1644.0,20.8,36.7,0.8878
0,1536.0,1302.0,666.0,1922.0,1599.0,18.3,40.9,0.8493
1,1192.0,1007.0,827.0,1604.0,1223.0,16.8,44.0,0.8341
1,1186.0,976.0,844.0,1570.0,1200.0,15.8,48.0,0.8569
1,1203.0,920.0,898.0,1529.0,1118.0,14.9,52.0,0.8757
2,1139.0,899.0,921.0,1514.0,1067.0,14.1,54.4,0.8701
2,1072.0,795.0,986.0,1442.0,1048.0,13.3,58.8,0.8922
2,954.0,667.0,1180.0,1350.0,718.0,13.3,60.9,0.9229
2,951.0,673.0,1137.0,1381.0,797.0,11.8,64.3,0.8869
2,926.0,638.0,1195.0,1342.0,749.0,11.2,65.9,0.8775
2,968.0,628.0,1197.0,1372.0,737.0,11.3,72.9,0.9738
2,1067.0,727.0,1055.0,1448.0,903.0,11.4,71.8,0.9671
0,1386.0,1083.0,798.0,1833.0,1159.0,11.9,73.7,1.0254
0,1474.0,1306.0,634.0,2060.0,1365.0,12.6,70.2,1.0221
0,1569.0,1316.0,634.0,2054.0,1510.0,13.6,65.3,1.0136
0,1375.0,1177.0,706.0,1898.0,1386.0,16.9,52.3,1.0013
0,1328.0,1123.0,738.0,1821.0,1368.0,19.4,44.1,0.9855
0,1341.0,1176.0,748.0,1825.0,1347.0,22.9,33.8,0.9322
0,1297.0,1183.0,765.0,1773.0,1242.0,23.6,31.3,0.9001
1,1303.0,1139.0,790.0,1761.0,1138.0,24.7,30.5,0.9371
1,1281.0,1116.0,809.0,1703.0,1080.0,26.1,27.3,0.9101
1,1248.0,1103.0,872.0,1632.0,1002.0,27.6,22.8,0.8288
0,1382.0,1288.0,778.0,1799.0,1212.0,26.9,22.3,0.7792
0,1491.0,1385.0,685.0,1915.0,1486.0,24.3,30.1,0.9012
0,1620.0,1407.0,641.0,2052.0,1567.0,21.2,40.1,0.9978
0,1693.0,1439.0,618.0,2083.0,1723.0,19.4,42.5,0.9483
0,1374.0,1121.0,771.0,1685.0,1399.0,18.5,43.0,0.9074
0,1287.0,982.0,841.0,1582.0,1291.0,17.8,47.0,0.9467
0,1408.0,1052.0,761.0,1684.0,1443.0,16.8,53.2,1.01
0,1254.0,941.0,828.0,1566.0,1270.0,17.1,51.8,0.999
2,1141.0,827.0,936.0,1488.0,1110.0,16.2,54.2,0.9933
2,1141.0,777.0,986.0,1455.0,1060.0,15.1,58.2,0.9886
2,1042.0,697.0,1056.0,1410.0,965.0,15.1,57.6,0.9796
2,986.0,651.0,1145.0,1380.0,891.0,14.5,58.0,0.9488
2,1005.0,673.0,1103.0,1387.0,905.0,13.7,61.6,0.9631
2,1041.0,683.0,1112.0,1398.0,899.0,13.9,59.6,0.9408
0,1272.0,959.0,846.0,1660.0,1136.0,13.3,61.7,0.9399
0,1436.0,1154.0,704.0,1872.0,1391.0,15.1,55.8,0.9486
0,1472.0,1126.0,720.0,1816.0,1460.0,17.0,50.5,0.9684
0,1418.0,1023.0,785.0,1720.0,1410.0,19.7,43.3,0.9837
0,1410.0,1030.0,781.0,1743.0,1372.0,20.7,41.7,1.0092
0,1438.0,1096.0,781.0,1779.0,1266.0,23.3,35.8,1.0098
1,1278.0,1000.0,866.0,1621.0,1014.0,23.8,30.5,0.8897
1,1257.0,1006.0,915.0,1573.0,870.0,24.8,27.0,0.8325
1,1331.0,1046.0,882.0,1635.0,905.0,25.0,27.5,0.8575
1,1361.0,1102.0,834.0,1704.0,991.0,25.8,26.5,0.8675
1,1398.0,1156.0,812.0,1722.0,1076.0,25.1,27.1,0.8496
0,1483.0,1213.0,764.0,1798.0,1249.0,23.7,28.6,0.8273
0,1697.0,1471.0,625.0,2153.0,1548.0,22.1,36.8,0.9681
0,1459.0,1124.0,736.0,1823.0,1300.0,19.9,47.5,1.0912
1,1268.0,918.0,873.0,1602.0,1029.0,18.7,50.4,1.0772
0,1469.0,1128.0,762.0,1870.0,1207.0,18.1,51.3,1.0587
1,1316.0,952.0,847.0,1644.0,1047.0,17.5,53.8,1.0648
1,1224.0,892.0,884.0,1580.0,923.0,16.7,56.5,1.0634
1,1215.0,843.0,929.0,1551.0,862.0,15.9,59.2,1.0635
2,1115.0,782.0,980.0,1500.0,752.0,15.2,62.4,1.0726
2,1124.0,793.0,965.0,1521.0,791.0,14.7,65.0,1.0766
2,1028.0,682.0,1090.0,1448.0,697.0,14.3,65.3,1.0594
2,1010.0,650.0,1171.0,1434.0,664.0,13.7,66.5,1.0393
2,1074.0,731.0,1020.0,1488.0,891.0,12.9,69.1,1.0264
2,1034.0,684.0,1110.0,1423.0,813.0,13.7,64.8,1.0135
2,1130.0,720.0,1063.0,1461.0,828.0,15.3,59.0,1.0181
1,1275.0,900.0,868.0,1634.0,1057.0,18.1,49.8,1.0272
1,1324.0,939.0,846.0,1658.0,1011.0,21.5,40.7,1.0301
1,1268.0,902.0,906.0,1589.0,932.0,23.3,37.1,1.0457
1,1272.0,924.0,895.0,1603.0,881.0,25.1,33.8,1.0594
1,1160.0,860.0,969.0,1531.0,646.0,25.6,32.1,1.0393
1,1136.0,792.0,1057.0,1476.0,536.0,25.8,31.1,1.0143
1,1296.0,977.0,863.0,1642.0,746.0,26.1,30.8,1.0253
1,1345.0,996.0,841.0,1678.0,833.0,24.4,36.0,1.085
1,1296.0,983.0,845.0,1626.0,802.0,23.0,36.2,1.0053
1,1258.0,977.0,838.0,1636.0,838.0,22.1,39.3,1.0336
0,1420.0,1085.0,755.0,1756.0,1051.0,19.8,44.6,1.0208
0,1366.0,997.0,830.0,1673.0,1041.0,18.5,48.9,1.0323
2,1113.0,772.0,989.0,1493.0,646.0,16.6,56.1,1.0481
1,1196.0,853.0,909.0,1556.0,769.0,15.8,58.8,1.0464
2,1188.0,829.0,930.0,1540.0,785.0,15.3,60.8,1.0501
2,1102.0,750.0,1007.0,1470.0,613.0,14.7,64.4,1.0717
2,969.0,611.0,1239.0,1330.0,430.0,14.8,63.3,1.0584
2,983.0,600.0,1233.0,1375.0,485.0,15.0,61.5,1.0418
2,876.0,505.0,1456.0,1294.0,467.0,15.5,56.9,0.9961
2,884.0,489.0,1536.0,1278.0,436.0,16.0,54.0,0.9742
2,1024.0,658.0,1175.0,1417.0,682.0,13.5,63.9,0.9809
2,1126.0,822.0,945.0,1541.0,927.0,12.9,65.3,0.9688
0,1415.0,1089.0,767.0,1795.0,1192.0,13.4,62.5,0.9582
0,1631.0,1449.0,570.0,2299.0,1615.0,14.5,58.8,0.963
0,1499.0,1247.0,647.0,1972.0,1505.0,15.3,56.7,0.9773
0,1461.0,1127.0,703.0,1836.0,1451.0,15.6,57.4,1.0075
0,1430.0,1107.0,713.0,1853.0,1409.0,16.6,55.2,1.0382
0,1498.0,1171.0,684.0,1942.0,1434.0,17.0,54.3,1.0434
0,1454.0,1162.0,682.0,1915.0,1457.0,18.0,51.5,1.0552
0,1402.0,1069.0,733.0,1793.0,1325.0,19.5,47.5,1.0653
1,1327.0,971.0,803.0,1705.0,1120.0,21.6,41.7,1.0606
1,1273.0,963.0,832.0,1662.0,931.0,22.2,38.3,1.0106
0,1457.0,1190.0,678.0,1877.0,1212.0,20.3,42.8,1.0053
0,1543.0,1290.0,631.0,2011.0,1353.0,19.7,45.4,1.0312
0,1499.0,1239.0,651.0,1957.0,1359.0,18.8,47.5,1.0199
0,1378.0,1102.0,742.0,1796.0,1273.0,17.9,49.4,1.0064
1,1243.0,928.0,852.0,1622.0,1079.0,17.5,50.9,1.009
1,1196.0,885.0,884.0,1589.0,973.0,17.4,51.8,1.023
1,1137.0,869.0,890.0,1554.0,951.0,17.0,53.9,1.0363
2,1015.0,718.0,1065.0,1428.0,714.0,16.6,55.4,1.0408
2,978.0,635.0,1188.0,1382.0,579.0,15.9,57.0,1.0224
2,933.0,547.0,1357.0,1336.0,542.0,15.0,59.2,1.0059
2,927.0,579.0,1267.0,1370.0,562.0,14.5,61.4,1.0041
2,908.0,569.0,1303.0,1360.0,526.0,14.1,61.6,0.9883
2,980.0,677.0,1141.0,1435.0,659.0,14.6,58.8,0.9711
1,1236.0,920.0,880.0,1641.0,1012.0,14.4,58.9,0.9594
0,1664.0,1407.0,594.0,2198.0,1564.0,15.3,55.2,0.9538
0,1757.0,1636.0,494.0,2560.0,1806.0,16.2,52.5,0.9576
0,1524.0,1350.0,588.0,2096.0,1604.0,18.4,46.3,0.9734
0,1329.0,1119.0,707.0,1823.0,1288.0,19.6,41.8,0.9407
1,1167.0,884.0,881.0,1580.0,931.0,20.2,40.1,0.937
0,1369.0,1132.0,715.0,1818.0,1162.0,20.9,36.6,0.8939
1,1284.0,1103.0,755.0,1704.0,1064.0,20.4,34.7,0.8229
1,1221.0,1032.0,811.0,1630.0,913.0,19.3,35.4,0.7813
1,1096.0,947.0,872.0,1519.0,684.0,18.6,36.9,0.7829
1,1143.0,988.0,849.0,1590.0,710.0,18.8,36.8,0.7883
1,1251.0,1116.0,760.0,1716.0,923.0,17.5,40.6,0.8068
0,1268.0,1148.0,728.0,1776.0,1006.0,16.8,44.3,0.8428
0,1314.0,1150.0,726.0,1784.0,1083.0,16.3,47.7,0.8746
0,1315.0,1142.0,724.0,1807.0,1161.0,15.6,50.7,0.8947
2,1095.0,918.0,896.0,1527.0,800.0,15.7,49.4,0.8768
2,1027.0,808.0,996.0,1458.0,647.0,15.8,48.6,0.8653
2,1012.0,752.0,1053.0,1393.0,649.0,15.7,47.0,0.8325
2,948.0,710.0,1127.0,1352.0,575.0,15.7,45.9,0.8121
2,889.0,603.0,1308.0,1271.0,455.0,15.6,44.9,0.792
2,830.0,538.0,1475.0,1214.0,392.0,15.6,44.4,0.7827
2,801.0,464.0,1749.0,1154.0,340.0,16.1,42.4,0.7718
2,804.0,468.0,1826.0,1166.0,320.0,15.7,45.4,0.8063
2,824.0,478.0,1705.0,1200.0,331.0,15.3,50.1,0.8617
2,1000.0,688.0,1257.0,1398.0,426.0,14.2,58.6,0.9443
0,1307.0,1082.0,777.0,1769.0,830.0,14.3,58.2,0.9431
0,1286.0,1171.0,716.0,1821.0,1006.0,15.0,52.0,0.8817
2,1150.0,925.0,865.0,1576.0,820.0,13.6,61.4,0.9519
2,1087.0,876.0,911.0,1554.0,737.0,16.1,53.1,0.9675
2,1016.0,839.0,991.0,1448.0,790.0,16.6,44.3,0.8294
2,1029.0,892.0,937.0,1474.0,760.0,17.4,40.3,0.7922
1,1109.0,943.0,883.0,1604.0,767.0,18.1,42.2,0.8679
2,997.0,817.0,1030.0,1426.0,626.0,14.4,51.8,0.8433
2,1177.0,880.0,927.0,1552.0,776.0,10.9,76.4,0.9953
2,1045.0,808.0,1038.0,1421.0,589.0,16.4,47.7,0.8819
1,1171.0,1073.0,847.0,1623.0,872.0,18.0,37.1,0.7598
0,1221.0,1101.0,799.0,1700.0,996.0,14.7,48.7,0.8089
0,1262.0,1133.0,774.0,1748.0,1033.0,11.3,71.3,0.9514
2,1207.0,1013.0,876.0,1632.0,982.0,10.0,74.0,0.9087
2,956.0,666.0,1235.0,1282.0,518.0,9.8,71.8,0.8702
2,1020.0,727.0,1153.0,1391.0,631.0,9.3,75.2,0.8796
2,1107.0,861.0,957.0,1510.0,879.0,9.6,76.0,0.9088
2,1020.0,752.0,1074.0,1398.0,839.0,9.3,75.0,0.8799
2,1051.0,798.0,1016.0,1455.0,876.0,9.0,76.7,0.8825
2,965.0,716.0,1087.0,1383.0,827.0,8.2,79.6,0.8672
2,890.0,672.0,1183.0,1338.0,781.0,7.6,80.6,0.8437
2,823.0,568.0,1366.0,1263.0,699.0,8.3,75.6,0.8302
2,869.0,642.0,1291.0,1288.0,723.0,8.1,72.1,0.7798
2,939.0,754.0,1169.0,1384.0,797.0,8.1,70.4,0.7609
0,1274.0,1109.0,820.0,1723.0,1138.0,8.1,70.5,0.7627
0,1512.0,1482.0,596.0,2189.0,1605.0,9.9,64.3,0.7859
0,1435.0,1271.0,676.0,1885.0,1569.0,13.0,54.2,0.809
0,1207.0,1041.0,813.0,1620.0,1319.0,16.5,42.6,0.7912
1,1223.0,1075.0,818.0,1678.0,1198.0,19.3,34.2,0.7566
1,1121.0,1026.0,865.0,1541.0,958.0,21.5,27.4,0.6941
1,1176.0,1123.0,816.0,1609.0,1068.0,20.4,26.7,0.6323
1,1144.0,1114.0,845.0,1551.0,1010.0,20.6,22.6,0.5432
1,1136.0,1089.0,856.0,1552.0,928.0,20.6,24.8,0.5931
1,1085.0,1004.0,888.0,1454.0,816.0,21.0,25.4,0.6264
0,1297.0,1287.0,723.0,1798.0,1216.0,21.5,24.5,0.6203
0,1408.0,1404.0,646.0,1972.0,1463.0,19.3,28.6,0.6357
0,1618.0,1530.0,579.0,2167.0,1791.0,18.0,32.9,0.6737
0,1319.0,1172.0,746.0,1699.0,1425.0,15.8,39.8,0.7096
2,1045.0,857.0,968.0,1410.0,922.0,15.3,41.5,0.7194
2,1058.0,824.0,993.0,1411.0,971.0,14.1,46.0,0.7363
2,1176.0,917.0,866.0,1560.0,1151.0,12.0,67.9,0.9523
2,1047.0,783.0,1014.0,1449.0,975.0,12.0,66.9,0.9336
2,1116.0,854.0,929.0,1533.0,1034.0,11.5,70.1,0.9503
2,1074.0,832.0,951.0,1507.0,980.0,11.4,69.8,0.939
2,922.0,687.0,1142.0,1390.0,825.0,11.1,69.3,0.9128
2,898.0,669.0,1163.0,1386.0,807.0,10.8,70.3,0.9092
2,970.0,708.0,1121.0,1435.0,842.0,10.2,73.4,0.9129
2,1073.0,812.0,988.0,1500.0,950.0,10.8,70.5,0.9142
2,1081.0,906.0,895.0,1591.0,1024.0,11.0,71.0,0.9279
0,1159.0,976.0,837.0,1663.0,1098.0,12.4,64.0,0.9206
1,1112.0,931.0,869.0,1588.0,1011.0,15.0,53.1,0.8993
1,1112.0,917.0,897.0,1542.0,931.0,16.6,44.4,0.8313
1,1063.0,877.0,971.0,1481.0,811.0,18.0,38.4,0.7862
1,1032.0,892.0,973.0,1457.0,756.0,20.6,30.0,0.7213
2,936.0,829.0,1054.0,1336.0,607.0,19.9,26.7,0.6137
2,883.0,766.0,1152.0,1238.0,498.0,19.8,23.1,0.5283
2,942.0,852.0,1055.0,1318.0,540.0,21.4,22.7,0.5722
2,943.0,850.0,1084.0,1296.0,544.0,22.1,21.3,0.5605
2,1007.0,875.0,1027.0,1357.0,620.0,21.1,24.5,0.604
2,1037.0,927.0,949.0,1426.0,740.0,18.3,31.6,0.6562
1,1127.0,1022.0,871.0,1534.0,921.0,16.1,35.0,0.6372
1,1123.0,996.0,861.0,1551.0,1033.0,14.8,41.5,0.6929
2,1110.0,909.0,916.0,1487.0,984.0,13.2,50.3,0.7577
0,1247.0,1037.0,812.0,1618.0,1193.0,12.3,55.5,0.7916
0,1220.0,967.0,844.0,1545.0,1219.0,11.8,56.6,0.7833
2,1028.0,770.0,1047.0,1326.0,913.0,11.2,56.2,0.7469
2,978.0,711.0,1144.0,1304.0,750.0,11.0,56.6,0.7418
2,949.0,694.0,1160.0,1310.0,772.0,9.3,64.3,0.7531
2,910.0,709.0,1162.0,1329.0,712.0,8.8,66.0,0.7501
2,863.0,651.0,1224.0,1286.0,712.0,7.8,70.4,0.7463
2,836.0,643.0,1244.0,1306.0,727.0,7.7,70.7,0.7463
2,856.0,644.0,1259.0,1301.0,746.0,7.4,71.0,0.7346
2,888.0,651.0,1240.0,1298.0,733.0,8.2,66.6,0.7283
2,912.0,694.0,1196.0,1343.0,727.0,8.7,64.3,0.7267
2,938.0,706.0,1177.0,1320.0,642.0,13.0,47.9,0.7116
2,1053.0,823.0,1040.0,1386.0,810.0,17.4,35.4,0.699
1,1087.0,870.0,1014.0,1412.0,851.0,20.2,29.2,0.683
1,1153.0,945.0,969.0,1425.0,911.0,22.7,22.9,0.6224
2,894.0,710.0,1209.0,1200.0,611.0,22.3,22.4,0.5955
2,797.0,606.0,1452.0,1076.0,368.0,22.2,18.9,0.4993
2,854.0,658.0,1409.0,1108.0,369.0,22.0,19.0,0.4969
2,892.0,665.0,1348.0,1150.0,394.0,21.0,23.6,0.5788
2,935.0,672.0,1299.0,1183.0,415.0,19.6,27.4,0.6162
2,989.0,709.0,1225.0,1233.0,469.0,17.9,30.8,0.6258
2,1063.0,797.0,1079.0,1285.0,607.0,16.4,35.3,0.6532
2,922.0,674.0,1220.0,1205.0,498.0,15.6,37.5,0.6575
2,925.0,680.0,1223.0,1217.0,481.0,15.5,36.7,0.6438
2,924.0,648.0,1272.0,1186.0,465.0,14.5,39.0,0.6428
2,914.0,661.0,1256.0,1187.0,478.0,14.2,38.2,0.6163
2,840.0,556.0,1474.0,1094.0,366.0,13.7,38.3,0.5957
2,799.0,514.0,1615.0,1036.0,332.0,14.1,34.0,0.5442
2,856.0,581.0,1448.0,1111.0,346.0,14.6,34.0,0.5605
2,830.0,560.0,1452.0,1066.0,350.0,14.4,32.8,0.5364
2,753.0,462.0,1822.0,955.0,274.0,13.9,30.9,0.4868
2,785.0,448.0,1923.0,1003.0,263.0,13.5,37.9,0.5852
2,835.0,472.0,1756.0,1117.0,314.0,13.9,43.6,0.6871
2,865.0,494.0,1613.0,1185.0,367.0,13.5,50.1,0.7706
2,922.0,541.0,1453.0,1246.0,432.0,13.3,53.6,0.8169
2,975.0,598.0,1268.0,1293.0,536.0,13.4,56.0,0.8576
2,1040.0,646.0,1210.0,1325.0,555.0,13.0,59.6,0.886
2,1115.0,707.0,1105.0,1384.0,677.0,12.7,62.7,0.9173
2,1004.0,641.0,1201.0,1305.0,557.0,12.1,60.5,0.8505
2,895.0,536.0,1415.0,1229.0,421.0,11.2,64.4,0.8537
2,917.0,563.0,1415.0,1257.0,423.0,10.7,67.6,0.8703
2,1025.0,689.0,1189.0,1325.0,519.0,11.4,61.2,0.8236
2,1035.0,660.0,1222.0,1301.0,533.0,9.9,70.5,0.8581
2,1025.0,682.0,1197.0,1313.0,537.0,10.3,65.2,0.8151
2,1040.0,705.0,1149.0,1324.0,612.0,11.0,58.9,0.7714
2,1070.0,776.0,1065.0,1369.0,697.0,10.6,59.5,0.7595
2,964.0,692.0,1176.0,1292.0,573.0,10.6,57.7,0.7362
2,904.0,635.0,1269.0,1233.0,489.0,10.6,56.1,0.7149
2,913.0,626.0,1271.0,1234.0,474.0,10.3,58.0,0.7239
2,914.0,610.0,1322.0,1230.0,455.0,10.4,58.4,0.7352
2,893.0,587.0,1368.0,1219.0,433.0,10.7,58.2,0.7459
2,844.0,532.0,1499.0,1176.0,376.0,10.5,59.9,0.7624
2,837.0,518.0,1581.0,1182.0,360.0,10.5,60.8,0.7704
2,868.0,530.0,1482.0,1215.0,384.0,10.6,63.1,0.8068
2,825.0,489.0,1565.0,1171.0,363.0,11.1,60.1,0.7925
2,956.0,656.0,1251.0,1356.0,525.0,10.1,68.4,0.8443
2,1124.0,853.0,960.0,1531.0,873.0,10.0,68.7,0.8456
0,1496.0,1272.0,667.0,2011.0,1399.0,11.0,64.2,0.8398
0,1452.0,1354.0,620.0,2057.0,1501.0,12.0,58.1,0.8138
0,1172.0,1042.0,797.0,1641.0,1186.0,12.8,52.0,0.7643
2,1020.0,871.0,956.0,1426.0,911.0,12.6,50.8,0.7387
2,1044.0,900.0,934.0,1471.0,919.0,13.8,47.4,0.7435
2,1020.0,866.0,972.0,1429.0,791.0,15.1,42.7,0.7294
2,1009.0,885.0,994.0,1439.0,751.0,16.3,38.1,0.7006
1,1073.0,966.0,935.0,1537.0,805.0,16.6,36.7,0.6867
1,1098.0,971.0,877.0,1527.0,966.0,15.8,40.5,0.7241
2,1061.0,887.0,920.0,1462.0,869.0,16.3,41.8,0.7712
0,1289.0,1158.0,755.0,1791.0,1196.0,16.1,42.8,0.7783
0,1442.0,1337.0,630.0,2004.0,1523.0,15.3,46.8,0.8074
0,1479.0,1343.0,631.0,1995.0,1579.0,14.7,47.0,0.7815
0,1266.0,1138.0,726.0,1747.0,1370.0,14.1,49.6,0.7931
2,1149.0,952.0,845.0,1577.0,1204.0,13.5,54.1,0.8351
2,1168.0,954.0,843.0,1586.0,1201.0,12.3,59.2,0.8461
2,1079.0,847.0,925.0,1463.0,1122.0,11.6,62.2,0.851
2,1047.0,760.0,1032.0,1379.0,1003.0,11.5,61.4,0.8303
2,936.0,705.0,1086.0,1364.0,918.0,10.9,64.6,0.8395
2,900.0,635.0,1207.0,1307.0,836.0,11.1,63.2,0.8331
2,839.0,576.0,1325.0,1285.0,759.0,10.7,64.4,0.8284
2,840.0,563.0,1349.0,1275.0,755.0,10.7,63.8,0.8174
2,905.0,670.0,1191.0,1346.0,820.0,10.2,65.8,0.8196
2,1079.0,875.0,947.0,1535.0,998.0,10.3,65.6,0.8225
0,1417.0,1246.0,669.0,1921.0,1403.0,10.8,64.0,0.8307
0,1529.0,1497.0,569.0,2278.0,1641.0,13.3,55.6,0.8453
0,1397.0,1248.0,659.0,1906.0,1534.0,15.8,46.8,0.8328
1,1214.0,1061.0,780.0,1662.0,1257.0,19.5,34.4,0.7738
1,1109.0,935.0,882.0,1518.0,1026.0,21.1,30.2,0.745
1,1122.0,993.0,859.0,1571.0,993.0,18.4,34.2,0.7185
1,1094.0,966.0,877.0,1519.0,919.0,21.0,30.6,0.7538
1,1164.0,1076.0,788.0,1653.0,1032.0,21.4,28.7,0.7231
1,1188.0,1082.0,790.0,1653.0,1077.0,21.3,27.3,0.6856
1,1098.0,934.0,895.0,1497.0,883.0,20.4,30.4,0.7193
1,1180.0,1014.0,826.0,1595.0,1036.0,18.7,34.8,0.7436
1,1195.0,1072.0,799.0,1609.0,1144.0,18.6,34.7,0.7369
0,1234.0,1095.0,789.0,1638.0,1212.0,17.9,35.8,0.7276
0,1425.0,1242.0,675.0,1858.0,1486.0,16.5,42.1,0.7856
0,1320.0,1085.0,730.0,1689.0,1440.0,14.8,49.7,0.8321
2,1158.0,892.0,870.0,1494.0,1242.0,13.4,54.3,0.8291
2,1060.0,805.0,964.0,1418.0,1089.0,13.4,54.2,0.8319
2,1036.0,746.0,1034.0,1364.0,993.0,12.3,57.6,0.8223
2,943.0,660.0,1163.0,1297.0,862.0,11.6,58.8,0.7996
2,899.0,591.0,1243.0,1259.0,815.0,10.7,62.3,0.7988
2,889.0,559.0,1331.0,1241.0,714.0,10.2,63.2,0.7865
2,847.0,527.0,1416.0,1216.0,682.0,10.5,61.3,0.7761
2,918.0,625.0,1255.0,1298.0,744.0,9.3,65.8,0.7722
2,1105.0,897.0,906.0,1510.0,1050.0,9.1,67.4,0.7814
0,1491.0,1335.0,625.0,2001.0,1522.0,10.2,62.9,0.7831
0,1508.0,1355.0,609.0,2034.0,1623.0,11.6,58.7,0.7999
0,1489.0,1270.0,633.0,1889.0,1638.0,13.5,53.4,0.8196
0,1451.0,1219.0,661.0,1804.0,1633.0,15.0,49.3,0.8364
0,1454.0,1225.0,661.0,1809.0,1654.0,17.1,42.1,0.812
0,1392.0,1210.0,689.0,1792.0,1559.0,18.4,36.9,0.7758
0,1351.0,1210.0,709.0,1783.0,1374.0,19.3,35.4,0.7824
0,1418.0,1282.0,681.0,1890.0,1418.0,19.2,35.7,0.7826
0,1303.0,1143.0,748.0,1734.0,1228.0,21.5,30.4,0.7677
0,1292.0,1116.0,746.0,1676.0,1293.0,19.6,34.6,0.7807
0,1560.0,1413.0,594.0,2046.0,1642.0,19.6,35.5,0.8017
0,1765.0,1507.0,533.0,2271.0,1895.0,18.3,44.1,0.9183
0,1875.0,1637.0,482.0,2446.0,2086.0,17.4,47.8,0.9392
0,1746.0,1409.0,553.0,2119.0,1898.0,16.8,49.8,0.9446
0,1607.0,1290.0,587.0,1960.0,1758.0,16.2,53.2,0.9723
0,1277.0,952.0,802.0,1607.0,1284.0,14.9,59.1,0.9928
2,1207.0,868.0,877.0,1532.0,1075.0,13.9,64.0,1.013
2,1209.0,863.0,882.0,1547.0,1084.0,13.7,66.8,1.041
2,1189.0,844.0,887.0,1566.0,1049.0,13.4,69.6,1.0688
2,1132.0,810.0,899.0,1532.0,1021.0,12.8,71.9,1.0632
2,974.0,635.0,1159.0,1387.0,778.0,12.9,68.5,1.0155
2,1033.0,686.0,1030.0,1420.0,948.0,11.9,74.8,1.038
2,1075.0,782.0,941.0,1505.0,988.0,11.6,76.4,1.0415
0,1242.0,978.0,778.0,1686.0,1184.0,11.7,75.3,1.0325
0,1657.0,1384.0,579.0,2176.0,1600.0,12.8,71.0,1.0428
0,1406.0,1258.0,636.0,1890.0,1495.0,13.8,61.1,0.9595
1,1150.0,973.0,827.0,1590.0,1188.0,15.3,51.4,0.8886
1,1184.0,983.0,823.0,1604.0,1166.0,16.6,48.7,0.9146
0,1223.0,1014.0,781.0,1666.0,1219.0,17.6,46.7,0.9324
1,1196.0,997.0,802.0,1644.0,1128.0,19.2,42.7,0.9425
0,1559.0,1267.0,653.0,2047.0,1373.0,15.7,62.5,1.1092
0,1544.0,1266.0,613.0,2066.0,1415.0,14.5,75.7,1.2425
0,1485.0,1223.0,650.0,1980.0,1302.0,14.4,77.4,1.2654
0,1498.0,1230.0,649.0,1963.0,1308.0,14.6,74.9,1.2391
0,1593.0,1378.0,582.0,2159.0,1449.0,14.6,76.0,1.2573
0,1529.0,1309.0,627.0,2083.0,1385.0,14.0,76.3,1.2166
0,1689.0,1474.0,560.0,2298.0,1492.0,13.9,78.0,1.2303
0,1535.0,1295.0,627.0,2039.0,1380.0,13.8,78.0,1.2229
0,1304.0,1067.0,737.0,1811.0,1167.0,13.5,79.4,1.2224
0,1235.0,963.0,803.0,1680.0,1095.0,13.1,80.1,1.2016
0,1281.0,977.0,794.0,1695.0,1105.0,12.8,81.0,1.1915
2,1167.0,904.0,846.0,1627.0,1051.0,12.7,80.6,1.1819
2,1134.0,863.0,869.0,1599.0,1009.0,12.5,81.8,1.1838
2,1100.0,829.0,887.0,1565.0,972.0,12.7,81.2,1.1849
2,1057.0,768.0,958.0,1527.0,884.0,12.4,82.4,1.1848
2,902.0,652.0,1158.0,1437.0,661.0,12.6,79.9,1.1619
2,982.0,724.0,1055.0,1508.0,774.0,12.8,80.0,1.1761
2,997.0,769.0,1002.0,1524.0,868.0,12.6,79.9,1.1596
2,1141.0,902.0,905.0,1672.0,965.0,12.5,79.6,1.1538
2,1163.0,930.0,849.0,1691.0,985.0,12.8,80.8,1.1863
2,1107.0,864.0,911.0,1604.0,963.0,13.5,78.1,1.1997
0,1228.0,949.0,838.0,1706.0,1069.0,14.6,74.9,1.2348
2,1033.0,810.0,969.0,1526.0,864.0,16.8,61.0,1.1599
2,984.0,763.0,1054.0,1472.0,641.0,18.8,50.1,1.0769
1,1066.0,879.0,939.0,1536.0,740.0,19.3,47.1,1.0445
2,926.0,707.0,1130.0,1429.0,532.0,19.3,46.6,1.0298
2,979.0,764.0,1054.0,1462.0,572.0,19.7,44.4,1.0081
1,993.0,783.0,1033.0,1482.0,630.0,19.3,45.7,1.0161
2,970.0,763.0,1043.0,1462.0,608.0,17.9,49.9,1.0135
2,997.0,788.0,1014.0,1482.0,644.0,16.9,53.2,1.0179
1,1097.0,892.0,909.0,1594.0,833.0,16.1,56.0,1.0151
1,1105.0,908.0,900.0,1566.0,923.0,16.5,52.8,0.986
2,993.0,777.0,1022.0,1482.0,790.0,16.9,51.1,0.9743
1,1136.0,896.0,919.0,1623.0,961.0,17.0,50.8,0.9751
0,1297.0,1003.0,798.0,1700.0,1177.0,16.9,54.8,1.0455
1,1110.0,855.0,897.0,1568.0,943.0,16.3,57.2,1.0492
2,1027.0,827.0,942.0,1529.0,742.0,16.0,56.2,1.0164
2,1024.0,795.0,982.0,1501.0,705.0,15.6,60.2,1.0617
2,992.0,783.0,988.0,1527.0,663.0,14.6,68.2,1.1282
2,929.0,664.0,1144.0,1449.0,536.0,14.3,69.6,1.1257
2,892.0,579.0,1309.0,1396.0,441.0,13.8,71.9,1.1312
2,895.0,609.0,1268.0,1410.0,477.0,13.8,72.7,1.1402
2,915.0,612.0,1266.0,1411.0,506.0,14.2,72.3,1.1632
2,947.0,649.0,1154.0,1459.0,608.0,14.5,72.9,1.195
2,1032.0,721.0,1052.0,1546.0,663.0,14.2,75.6,1.2201
1,1219.0,849.0,901.0,1664.0,912.0,14.5,77.2,1.2695
1,1217.0,869.0,873.0,1660.0,963.0,14.9,74.5,1.253
2,1097.0,779.0,980.0,1565.0,803.0,15.5,67.4,1.178
2,938.0,674.0,1136.0,1433.0,564.0,16.7,56.0,1.0544
2,944.0,677.0,1140.0,1436.0,501.0,17.1,55.5,1.0724
1,1139.0,847.0,929.0,1604.0,701.0,16.2,62.4,1.1423
1,1163.0,859.0,921.0,1603.0,783.0,17.4,58.9,1.1567
1,1157.0,885.0,916.0,1590.0,784.0,17.5,54.6,1.08
1,1154.0,919.0,876.0,1623.0,861.0,17.5,54.2,1.0722
0,1342.0,1102.0,744.0,1824.0,1156.0,17.0,55.1,1.0621
1,1178.0,949.0,847.0,1653.0,1047.0,16.4,57.8,1.0669
1,1152.0,926.0,854.0,1669.0,1034.0,15.8,60.4,1.0744
2,1078.0,841.0,920.0,1595.0,962.0,15.5,63.3,1.1071
1,1167.0,945.0,826.0,1702.0,1100.0,15.0,65.2,1.1045
1,1111.0,890.0,871.0,1658.0,1047.0,14.5,67.3,1.1054
2,988.0,722.0,1029.0,1500.0,874.0,14.1,70.1,1.1224
2,917.0,677.0,1103.0,1494.0,747.0,13.8,73.3,1.1518
2,850.0,562.0,1275.0,1407.0,589.0,13.1,78.3,1.1716
2,885.0,589.0,1238.0,1443.0,635.0,13.0,78.2,1.1664
2,888.0,597.0,1242.0,1428.0,671.0,14.3,70.1,1.1328
2,1101.0,852.0,913.0,1655.0,992.0,14.0,70.9,1.1306
0,1399.0,1195.0,680.0,1976.0,1308.0,15.4,64.2,1.1123
0,1325.0,1260.0,652.0,1969.0,1303.0,16.5,57.9,1.0826
1,1058.0,921.0,876.0,1594.0,893.0,18.8,48.0,1.0323
1,990.0,846.0,947.0,1503.0,715.0,19.5,43.3,0.9706
1,1018.0,879.0,950.0,1574.0,685.0,18.5,45.5,0.9606
1,1105.0,1010.0,811.0,1709.0,947.0,18.0,46.7,0.9569
0,1194.0,1097.0,743.0,1847.0,1049.0,16.5,58.2,1.0813
2,1088.0,893.0,892.0,1565.0,741.0,12.1,75.6,1.0662
2,1084.0,933.0,872.0,1602.0,801.0,11.1,75.6,0.9974
0,1207.0,1032.0,797.0,1701.0,969.0,10.5,79.0,1.0016
0,1186.0,1042.0,808.0,1684.0,1038.0,10.0,80.5,0.9853
2,1053.0,911.0,916.0,1528.0,889.0,11.3,70.5,0.9389
2,1032.0,895.0,921.0,1508.0,879.0,10.7,71.5,0.9197
2,989.0,846.0,960.0,1476.0,846.0,9.9,74.0,0.9009
2,930.0,745.0,1085.0,1391.0,712.0,10.8,68.2,0.8806
2,951.0,766.0,1056.0,1431.0,747.0,10.2,74.0,0.9176
2,985.0,780.0,1017.0,1444.0,791.0,10.1,77.5,0.9579
2,937.0,703.0,1136.0,1377.0,637.0,9.9,77.7,0.9497
2,887.0,648.0,1222.0,1357.0,553.0,9.5,80.2,0.9533
2,806.0,544.0,1429.0,1290.0,449.0,9.5,79.7,0.9489
2,771.0,483.0,1587.0,1277.0,485.0,9.7,78.9,0.9487
2,802.0,519.0,1523.0,1315.0,540.0,9.8,80.0,0.967
2,878.0,644.0,1260.0,1410.0,685.0,10.0,79.6,0.98
2,1070.0,883.0,942.0,1625.0,925.0,10.3,79.4,0.9927
0,1430.0,1316.0,638.0,2069.0,1382.0,11.0,77.4,1.0135
0,1565.0,1549.0,540.0,2396.0,1645.0,12.3,69.2,0.9906
0,1365.0,1299.0,637.0,1999.0,1514.0,14.5,60.4,0.9936
0,1348.0,1214.0,678.0,1874.0,1509.0,16.0,56.3,1.0185
0,1311.0,1279.0,648.0,1991.0,1520.0,18.1,51.1,1.0551
0,1302.0,1260.0,658.0,1970.0,1471.0,23.0,37.5,1.0389
0,1250.0,1173.0,720.0,1870.0,1282.0,21.8,39.6,1.0209
1,1083.0,988.0,859.0,1643.0,1004.0,21.9,37.2,0.9683
1,1005.0,894.0,956.0,1530.0,714.0,23.8,31.4,0.9132
1,1129.0,1107.0,844.0,1742.0,940.0,25.9,26.9,0.8845
0,1327.0,1289.0,712.0,1938.0,1272.0,25.8,29.9,0.9808
0,1428.0,1437.0,599.0,2156.0,1526.0,22.6,39.5,1.0679
0,1426.0,1400.0,612.0,2102.0,1488.0,19.9,45.0,1.0364
0,1310.0,1313.0,663.0,1958.0,1475.0,17.9,47.4,0.9657
1,1114.0,1059.0,792.0,1704.0,1182.0,16.8,50.4,0.9545
2,991.0,889.0,932.0,1550.0,933.0,16.0,52.0,0.9375
2,1089.0,940.0,866.0,1589.0,1001.0,14.2,59.1,0.952
2,911.0,740.0,1071.0,1412.0,756.0,14.2,56.7,0.9111
2,1005.0,802.0,976.0,1474.0,952.0,12.2,67.7,0.9625
2,863.0,664.0,1172.0,1381.0,808.0,13.2,61.7,0.9328
2,857.0,653.0,1197.0,1375.0,779.0,10.9,71.0,0.9249
2,804.0,585.0,1301.0,1319.0,717.0,11.3,67.6,0.9038
2,871.0,694.0,1160.0,1421.0,779.0,10.1,71.8,0.888
2,1035.0,929.0,887.0,1599.0,1009.0,10.2,70.9,0.8841
0,1513.0,1480.0,572.0,2249.0,1595.0,11.8,66.0,0.9085
0,1726.0,1776.0,478.0,2684.0,1940.0,14.0,58.2,0.9271
0,1396.0,1296.0,619.0,1991.0,1628.0,17.0,50.2,0.9646
0,1333.0,1212.0,668.0,1854.0,1573.0,22.3,36.9,0.9838
1,1161.0,1016.0,849.0,1642.0,1187.0,24.4,30.9,0.934
1,1081.0,1000.0,900.0,1561.0,900.0,25.9,26.7,0.8771
1,1075.0,998.0,914.0,1574.0,800.0,25.8,26.1,0.854
1,1055.0,964.0,953.0,1513.0,770.0,26.3,24.8,0.8393
1,1053.0,953.0,988.0,1483.0,758.0,27.0,22.2,0.7805
1,1087.0,1075.0,944.0,1558.0,886.0,27.3,20.5,0.7308
0,1304.0,1291.0,765.0,1838.0,1219.0,25.8,24.1,0.7912
0,1625.0,1608.0,601.0,2271.0,1725.0,25.3,28.9,0.9151
0,1649.0,1633.0,584.0,2328.0,1745.0,23.8,33.7,0.9786
0,1443.0,1455.0,635.0,2073.0,1600.0,21.4,36.0,0.9059
0,1209.0,1193.0,753.0,1737.0,1310.0,19.8,39.5,0.9016
1,1105.0,1000.0,847.0,1573.0,1208.0,19.2,42.1,0.9273
1,1020.0,863.0,933.0,1492.0,1074.0,18.8,45.8,0.9855
2,991.0,828.0,973.0,1469.0,993.0,17.1,50.8,0.9828
2,937.0,741.0,1058.0,1420.0,923.0,16.2,53.4,0.9775
2,882.0,654.0,1141.0,1377.0,819.0,16.0,53.5,0.9691
2,843.0,597.0,1242.0,1341.0,727.0,14.3,59.2,0.9601
2,819.0,565.0,1295.0,1316.0,694.0,13.3,62.6,0.9498
2,834.0,596.0,1276.0,1335.0,727.0,13.4,59.5,0.9097
2,977.0,800.0,990.0,1474.0,926.0,12.2,64.1,0.9062
0,1234.0,1109.0,767.0,1729.0,1194.0,13.9,57.2,0.9029
0,1403.0,1340.0,623.0,2003.0,1502.0,15.2,53.2,0.9107
0,1538.0,1458.0,593.0,2186.0,1743.0,19.2,41.6,0.9154
0,1343.0,1299.0,694.0,1945.0,1542.0,23.7,30.6,0.8854
1,1243.0,1162.0,766.0,1731.0,1354.0,26.1,26.8,0.8921
1,1201.0,1102.0,814.0,1682.0,1175.0,28.1,24.4,0.9138
1,1121.0,1020.0,893.0,1585.0,916.0,28.3,23.9,0.906
1,1087.0,1055.0,908.0,1562.0,818.0,28.0,21.0,0.7814
1,1165.0,1225.0,824.0,1676.0,1028.0,30.8,16.4,0.7167
1,1224.0,1270.0,806.0,1739.0,1113.0,31.3,16.2,0.7262
0,1431.0,1482.0,679.0,2025.0,1431.0,29.4,20.5,0.8262
0,1433.0,1510.0,661.0,2038.0,1503.0,25.8,24.3,0.794
0,1527.0,1664.0,587.0,2238.0,1775.0,23.8,29.5,0.8559
0,1387.0,1361.0,701.0,1932.0,1505.0,22.0,34.8,0.908
1,1158.0,1100.0,835.0,1659.0,1211.0,20.2,37.4,0.8748
1,1009.0,907.0,982.0,1466.0,872.0,19.3,38.8,0.8559
1,1026.0,890.0,976.0,1467.0,855.0,17.9,43.7,0.8856
1,1119.0,979.0,873.0,1593.0,1170.0,17.2,47.9,0.9334
2,1000.0,839.0,958.0,1467.0,1024.0,16.3,49.7,0.916
2,866.0,675.0,1155.0,1337.0,841.0,16.7,46.5,0.8755
2,848.0,642.0,1202.0,1325.0,760.0,14.6,53.0,0.8775
2,844.0,608.0,1213.0,1314.0,803.0,14.1,53.9,0.8633
2,852.0,646.0,1186.0,1321.0,793.0,14.2,52.2,0.8413
2,923.0,757.0,1041.0,1418.0,906.0,14.3,55.4,0.9003
0,1490.0,1368.0,627.0,2119.0,1541.0,14.0,58.0,0.9202
0,1662.0,1576.0,523.0,2417.0,1861.0,15.4,53.3,0.9289
0,1553.0,1354.0,621.0,2030.0,1895.0,19.1,42.1,0.9233
0,1423.0,1247.0,706.0,1887.0,1684.0,23.7,31.0,0.8968
0,1458.0,1350.0,677.0,1947.0,1731.0,26.9,25.7,0.8942
0,1349.0,1299.0,728.0,1838.0,1402.0,29.7,20.6,0.8478
0,1326.0,1265.0,757.0,1835.0,1246.0,29.2,21.5,0.8573
0,1356.0,1312.0,729.0,1865.0,1342.0,29.6,20.1,0.8181
0,1460.0,1438.0,680.0,1953.0,1489.0,30.0,19.4,0.81
0,1497.0,1449.0,679.0,1985.0,1532.0,29.5,20.1,0.8136
0,1645.0,1566.0,599.0,2228.0,1909.0,27.0,26.8,0.9403
0,1557.0,1483.0,615.0,2087.0,1757.0,24.9,30.8,0.954
0,1747.0,1608.0,557.0,2335.0,1983.0,23.1,36.7,1.0244
0,1482.0,1319.0,660.0,1975.0,1703.0,21.5,40.8,1.0333
1,1211.0,1010.0,816.0,1619.0,1246.0,20.5,41.5,0.9864
0,1294.0,1083.0,770.0,1687.0,1321.0,19.2,44.9,0.9875
0,1300.0,1043.0,777.0,1659.0,1375.0,18.8,47.7,1.0221
0,1402.0,1098.0,736.0,1729.0,1456.0,18.2,49.7,1.0284
0,1349.0,1097.0,707.0,1763.0,1442.0,16.1,57.4,1.0451
1,1161.0,938.0,827.0,1597.0,1243.0,16.3,55.3,1.0178
2,1022.0,802.0,916.0,1481.0,1078.0,15.7,53.6,0.9483
2,948.0,700.0,1045.0,1430.0,939.0,16.9,49.8,0.9514
2,933.0,697.0,1045.0,1403.0,937.0,14.8,57.7,0.9644
2,1021.0,800.0,931.0,1483.0,1019.0,14.0,59.7,0.9499
1,1134.0,979.0,794.0,1639.0,1140.0,14.6,56.8,0.9385
0,1311.0,1147.0,681.0,1838.0,1351.0,16.7,51.9,0.9788
0,1409.0,1169.0,685.0,1874.0,1459.0,20.0,45.0,1.039
0,1301.0,1059.0,787.0,1727.0,1297.0,23.9,33.7,0.9837
0,1354.0,1130.0,765.0,1808.0,1291.0,26.8,29.5,1.0209
0,1391.0,1136.0,738.0,1840.0,1296.0,27.2,32.4,1.1493
1,1200.0,929.0,879.0,1623.0,972.0,26.9,32.1,1.1217
1,1338.0,1016.0,798.0,1766.0,1194.0,24.3,41.8,1.2561
1,1223.0,938.0,884.0,1610.0,880.0,25.6,36.0,1.1629
1,1278.0,1003.0,845.0,1691.0,909.0,27.0,31.8,1.1176
1,1257.0,973.0,860.0,1634.0,839.0,27.5,31.6,1.1417
0,1497.0,1171.0,725.0,1899.0,1248.0,24.9,38.1,1.1838
0,1567.0,1280.0,661.0,1970.0,1476.0,23.4,39.7,1.1276
0,1503.0,1203.0,651.0,1863.0,1502.0,21.2,50.8,1.2631
1,1169.0,850.0,906.0,1584.0,873.0,15.6,73.5,1.2953
2,1007.0,650.0,1157.0,1404.0,528.0,12.9,79.7,1.1774
2,1004.0,667.0,1157.0,1365.0,492.0,11.5,76.9,1.0436
2,967.0,661.0,1181.0,1321.0,463.0,12.2,66.8,0.9455
2,984.0,707.0,1131.0,1359.0,494.0,12.4,64.1,0.9209
2,931.0,689.0,1161.0,1317.0,503.0,12.7,58.7,0.8605
2,966.0,737.0,1083.0,1363.0,581.0,12.6,58.6,0.8529
2,777.0,521.0,1535.0,1121.0,350.0,12.5,51.2,0.7374
2,763.0,471.0,1783.0,1098.0,305.0,12.5,50.9,0.7346
2,804.0,505.0,1718.0,1148.0,329.0,12.8,49.3,0.7285
2,830.0,535.0,1496.0,1184.0,375.0,13.5,48.6,0.7487
2,833.0,553.0,1476.0,1180.0,373.0,14.4,45.9,0.7476
2,875.0,603.0,1370.0,1206.0,385.0,15.1,43.9,0.7487
2,882.0,621.0,1346.0,1216.0,403.0,16.6,38.6,0.7236
2,862.0,635.0,1320.0,1193.0,393.0,17.2,35.0,0.6789
2,863.0,636.0,1290.0,1185.0,388.0,17.4,33.9,0.6683
2,830.0,596.0,1389.0,1145.0,371.0,17.9,30.7,0.6234
2,807.0,584.0,1488.0,1104.0,347.0,18.3,27.2,0.5675
2,873.0,675.0,1343.0,1181.0,396.0,19.4,25.7,0.5738
2,931.0,739.0,1274.0,1219.0,474.0,20.2,24.1,0.563
2,918.0,748.0,1228.0,1219.0,505.0,19.6,24.9,0.5625
2,1001.0,811.0,1122.0,1344.0,625.0,18.5,27.8,0.5843
1,1169.0,1039.0,883.0,1550.0,941.0,17.8,30.3,0.6129
2,1085.0,907.0,976.0,1419.0,893.0,16.6,34.0,0.6353
2,940.0,769.0,1103.0,1310.0,731.0,15.5,37.0,0.6447
1,1126.0,1083.0,875.0,1654.0,955.0,14.8,39.5,0.6595
2,978.0,858.0,1013.0,1379.0,761.0,14.5,42.0,0.6896
2,893.0,703.0,1192.0,1283.0,515.0,14.1,44.9,0.7206
2,838.0,601.0,1361.0,1220.0,434.0,14.2,45.5,0.7333
2,803.0,527.0,1513.0,1152.0,369.0,14.1,45.3,0.7247
2,775.0,477.0,1722.0,1115.0,335.0,14.0,44.3,0.7038
2,767.0,454.0,1826.0,1091.0,319.0,14.1,43.0,0.689
2,809.0,521.0,1575.0,1158.0,378.0,13.9,43.9,0.6923
2,898.0,676.0,1271.0,1307.0,517.0,14.0,43.8,0.6959
2,1053.0,880.0,982.0,1464.0,786.0,14.4,43.6,0.7113
2,1033.0,934.0,917.0,1490.0,844.0,15.0,41.7,0.7093
2,941.0,780.0,1080.0,1343.0,720.0,16.3,38.4,0.7052
2,941.0,782.0,1102.0,1328.0,668.0,18.3,32.3,0.676
2,917.0,772.0,1098.0,1311.0,605.0,18.8,31.7,0.6821
2,977.0,837.0,1038.0,1413.0,646.0,19.6,30.9,0.6968
2,994.0,851.0,1018.0,1436.0,640.0,20.2,30.7,0.7176
2,942.0,785.0,1065.0,1365.0,571.0,19.7,32.5,0.7396
2,981.0,810.0,1060.0,1395.0,605.0,20.7,31.6,0.7602
2,984.0,832.0,1034.0,1410.0,636.0,20.0,32.7,0.7545
1,1116.0,1003.0,864.0,1625.0,886.0,18.6,35.4,0.7535
1,1181.0,1114.0,787.0,1685.0,1032.0,18.3,35.9,0.7501
1,1163.0,1068.0,811.0,1616.0,977.0,17.8,37.5,0.7568
1,1081.0,950.0,907.0,1496.0,924.0,17.3,38.8,0.7584
2,1017.0,842.0,1000.0,1441.0,846.0,17.3,38.8,0.7596
2,966.0,778.0,1057.0,1359.0,755.0,16.4,40.8,0.7542
2,924.0,709.0,1158.0,1318.0,610.0,16.0,41.4,0.7487
2,861.0,601.0,1351.0,1225.0,439.0,15.4,43.0,0.7482
2,826.0,560.0,1424.0,1197.0,402.0,15.7,42.5,0.7539
2,846.0,557.0,1385.0,1212.0,406.0,15.6,43.4,0.7651
2,842.0,545.0,1423.0,1224.0,424.0,15.2,45.8,0.7864
2,909.0,617.0,1236.0,1302.0,558.0,14.7,49.9,0.828
2,930.0,670.0,1143.0,1339.0,746.0,15.5,47.3,0.8282
1,1120.0,935.0,843.0,1593.0,1126.0,14.4,53.1,0.8677
0,1518.0,1389.0,589.0,2101.0,1703.0,15.9,48.5,0.8704
0,1461.0,1398.0,630.0,2050.0,1628.0,18.1,40.3,0.8294
1,1075.0,896.0,938.0,1487.0,936.0,19.6,35.9,0.81
1,1061.0,908.0,968.0,1455.0,890.0,22.8,29.1,0.796
1,1066.0,931.0,979.0,1474.0,757.0,24.8,25.3,0.7793
1,1179.0,1137.0,829.0,1651.0,949.0,27.2,22.0,0.7785
1,1251.0,1238.0,773.0,1779.0,1109.0,28.2,20.4,0.7677
1,1120.0,1048.0,898.0,1560.0,870.0,25.4,24.2,0.7733
1,1187.0,1142.0,840.0,1651.0,1011.0,25.7,23.8,0.7737
1,1145.0,1066.0,903.0,1592.0,885.0,27.2,22.1,0.7811
1,1215.0,1164.0,817.0,1689.0,1015.0,27.0,22.3,0.786
0,1317.0,1231.0,766.0,1798.0,1155.0,24.5,27.8,0.8433
0,1388.0,1341.0,702.0,1955.0,1315.0,23.7,30.2,0.8718
0,1295.0,1266.0,716.0,1849.0,1359.0,21.5,34.5,0.8746
1,1153.0,1066.0,811.0,1651.0,1194.0,19.9,37.8,0.8675
1,1078.0,932.0,905.0,1511.0,951.0,18.9,40.6,0.8771
1,1133.0,1012.0,806.0,1608.0,1054.0,17.9,43.5,0.884
1,1055.0,899.0,880.0,1504.0,980.0,17.4,46.3,0.9112
2,953.0,735.0,999.0,1396.0,898.0,18.1,44.7,0.9186
2,892.0,639.0,1139.0,1359.0,803.0,16.5,50.1,0.9331
2,895.0,632.0,1167.0,1347.0,684.0,14.2,56.9,0.9141
2,859.0,602.0,1209.0,1321.0,644.0,14.7,56.2,0.9341
2,856.0,619.0,1191.0,1345.0,677.0,16.3,52.8,0.9722
2,1030.0,880.0,892.0,1539.0,996.0,13.9,60.7,0.9597
0,1689.0,1560.0,529.0,2396.0,1736.0,15.0,58.3,0.9876
0,1486.0,1351.0,571.0,2112.0,1692.0,16.1,54.8,0.996
0,1592.0,1423.0,577.0,2155.0,2108.0,19.3,46.4,1.0248
0,1469.0,1252.0,692.0,1903.0,1807.0,24.2,33.8,1.0097
0,1364.0,1205.0,723.0,1850.0,1566.0,26.7,28.7,0.9895
1,1285.0,1123.0,755.0,1741.0,1293.0,27.4,28.2,1.0098
1,1311.0,1170.0,748.0,1787.0,1219.0,28.1,26.9,1.0094
0,1416.0,1348.0,684.0,1969.0,1330.0,27.7,26.5,0.9693
0,1387.0,1318.0,701.0,1890.0,1299.0,28.4,23.4,0.8935
1,1329.0,1185.0,768.0,1750.0,1111.0,28.4,26.0,0.9922
0,1496.0,1292.0,680.0,1878.0,1300.0,27.3,30.0,1.0752
0,1676.0,1525.0,567.0,2226.0,1653.0,24.3,37.3,1.1199
0,1724.0,1510.0,562.0,2252.0,1716.0,23.1,42.2,1.1746
0,1642.0,1426.0,597.0,2117.0,1720.0,21.8,43.6,1.1226
0,1267.0,1088.0,764.0,1740.0,1339.0,19.8,46.8,1.0702
1,1146.0,923.0,845.0,1575.0,1166.0,19.6,49.8,1.1221
0,1216.0,960.0,788.0,1662.0,1256.0,17.9,56.2,1.142
1,1128.0,891.0,838.0,1574.0,1125.0,17.4,55.6,1.0963
2,1042.0,772.0,923.0,1495.0,968.0,16.8,59.5,1.1269
2,926.0,639.0,1115.0,1409.0,814.0,15.9,60.1,1.0806
2,898.0,608.0,1154.0,1386.0,743.0,15.6,61.2,1.0784
2,889.0,617.0,1168.0,1382.0,758.0,14.6,63.4,1.0446
2,959.0,734.0,1038.0,1470.0,861.0,13.3,67.0,1.0203
2,1097.0,956.0,827.0,1620.0,1047.0,12.9,66.5,0.9846
0,1674.0,1547.0,539.0,2405.0,1665.0,14.8,61.3,1.0237
0,1771.0,1690.0,461.0,2572.0,1982.0,16.1,56.5,1.0274
0,1408.0,1241.0,648.0,1886.0,1711.0,18.6,47.8,1.0143
1,1156.0,1009.0,875.0,1583.0,1204.0,23.8,30.2,0.8771
1,1042.0,941.0,971.0,1491.0,871.0,25.4,25.0,0.7966
1,1167.0,1128.0,829.0,1716.0,1040.0,25.6,25.5,0.8234
0,1398.0,1360.0,656.0,2037.0,1439.0,24.9,29.9,0.9325
0,1458.0,1321.0,654.0,2023.0,1516.0,22.4,37.9,1.016
0,1554.0,1379.0,614.0,2151.0,1693.0,21.7,44.0,1.1242
0,1495.0,1331.0,615.0,2069.0,1635.0,21.4,44.4,1.1176
0,1560.0,1424.0,579.0,2176.0,1688.0,20.8,45.3,1.1016
0,1664.0,1519.0,553.0,2312.0,1820.0,20.2,48.6,1.1354
0,1761.0,1610.0,502.0,2488.0,2006.0,20.2,50.8,1.1924
0,1524.0,1275.0,608.0,2046.0,1740.0,18.6,57.6,1.2233
0,1398.0,1189.0,646.0,1931.0,1577.0,18.2,58.8,1.2173
0,1342.0,1106.0,694.0,1856.0,1443.0,17.8,61.0,1.2352
0,1433.0,1104.0,681.0,1876.0,1411.0,17.0,70.7,1.3554
0,1297.0,1019.0,733.0,1823.0,1217.0,16.2,76.9,1.4051
1,1179.0,884.0,830.0,1696.0,1086.0,15.7,78.6,1.3943
1,1097.0,809.0,897.0,1628.0,1050.0,15.7,78.4,1.3917
2,1054.0,761.0,963.0,1598.0,965.0,15.7,77.4,1.3683
2,1017.0,711.0,1009.0,1554.0,906.0,15.4,78.5,1.3635
2,1005.0,738.0,1005.0,1563.0,917.0,15.7,74.7,1.3194
0,1206.0,949.0,818.0,1771.0,1116.0,15.9,73.1,1.3136
0,1458.0,1249.0,662.0,2033.0,1380.0,16.6,68.2,1.2737
0,1405.0,1295.0,638.0,2065.0,1378.0,18.7,57.6,1.2323
0,1381.0,1199.0,685.0,1970.0,1365.0,17.6,65.0,1.2945
0,1315.0,1072.0,736.0,1833.0,1273.0,16.3,73.2,1.3458
0,1332.0,1082.0,707.0,1889.0,1242.0,16.0,78.5,1.4209
0,1362.0,1145.0,673.0,1973.0,1294.0,17.3,72.4,1.4125
0,1399.0,1222.0,643.0,2061.0,1413.0,19.4,60.9,1.3545
0,1310.0,1160.0,695.0,1939.0,1224.0,21.4,50.9,1.2823
0,1399.0,1201.0,699.0,1971.0,1318.0,22.7,45.8,1.2465
0,1524.0,1239.0,644.0,2139.0,1404.0,20.9,60.8,1.4852
0,1487.0,1274.0,641.0,2133.0,1471.0,21.0,54.3,1.3353
0,1480.0,1324.0,622.0,2162.0,1623.0,20.8,54.4,1.3194
0,1626.0,1476.0,555.0,2356.0,1786.0,19.8,58.6,1.3392
0,1449.0,1282.0,625.0,2100.0,1569.0,19.1,61.1,1.3345
0,1363.0,1152.0,684.0,1951.0,1495.0,18.2,65.4,1.3529
0,1371.0,1136.0,689.0,1927.0,1471.0,18.1,66.1,1.3579
0,1406.0,1107.0,718.0,1872.0,1384.0,17.7,66.9,1.3422
0,1425.0,1155.0,709.0,1936.0,1789.0,17.8,66.8,1.346
0,1179.0,951.0,826.0,1724.0,1323.0,17.3,68.3,1.3346
1,1047.0,833.0,939.0,1647.0,1081.0,16.5,70.2,1.3099
1,1009.0,825.0,950.0,1629.0,938.0,15.7,73.1,1.2902
2,882.0,685.0,1134.0,1492.0,673.0,16.2,69.9,1.2756
2,858.0,624.0,1205.0,1434.0,543.0,16.7,67.1,1.2619
2,875.0,659.0,1180.0,1452.0,561.0,16.7,66.9,1.2631
1,1012.0,833.0,916.0,1632.0,862.0,16.9,66.5,1.2688
1,1049.0,836.0,926.0,1615.0,901.0,17.7,62.0,1.2458
1,1131.0,932.0,854.0,1693.0,1048.0,19.4,54.6,1.2184
1,1120.0,931.0,886.0,1652.0,971.0,21.6,46.1,1.1725
1,1117.0,946.0,909.0,1657.0,915.0,24.6,36.7,1.1202
1,1110.0,948.0,901.0,1632.0,891.0,26.0,31.9,1.0566
1,962.0,816.0,1044.0,1489.0,628.0,25.6,31.5,1.0184
1,963.0,835.0,1029.0,1495.0,556.0,24.8,34.8,1.0716
1,1050.0,948.0,928.0,1584.0,652.0,26.1,30.3,1.0101
1,1053.0,911.0,949.0,1603.0,683.0,25.5,33.5,1.0767
1,1045.0,910.0,948.0,1598.0,624.0,23.7,37.2,1.0746
1,1124.0,1013.0,849.0,1676.0,733.0,22.3,38.9,1.0324
0,1330.0,1140.0,759.0,1780.0,1062.0,20.7,42.8,1.0298
1,1171.0,1006.0,835.0,1674.0,988.0,19.0,51.7,1.1222
1,1085.0,954.0,866.0,1656.0,871.0,17.8,55.5,1.1174
0,1358.0,1144.0,727.0,1851.0,1243.0,17.4,57.6,1.1342
0,1385.0,1094.0,765.0,1769.0,1175.0,17.6,58.5,1.1645
1,1167.0,914.0,876.0,1599.0,1126.0,17.2,59.3,1.1551
1,1072.0,894.0,893.0,1646.0,1118.0,17.1,60.4,1.1633
2,938.0,789.0,989.0,1536.0,864.0,16.4,62.2,1.1507
2,1000.0,838.0,910.0,1580.0,942.0,14.8,67.6,1.1352
2,854.0,670.0,1141.0,1460.0,684.0,14.8,65.8,1.1028
2,815.0,628.0,1212.0,1426.0,689.0,14.7,65.2,1.0811
2,866.0,689.0,1138.0,1456.0,767.0,13.1,70.2,1.0554
2,911.0,751.0,1036.0,1518.0,817.0,14.3,66.2,1.0728
2,988.0,806.0,951.0,1568.0,940.0,16.0,61.6,1.1083
1,1046.0,851.0,920.0,1595.0,908.0,17.7,56.4,1.1342
1,1085.0,918.0,890.0,1639.0,871.0,21.3,44.7,1.1157
1,1008.0,816.0,1015.0,1531.0,689.0,23.6,36.4,1.0431
1,1004.0,821.0,1031.0,1510.0,629.0,24.3,34.0,1.0149
1,948.0,754.0,1086.0,1436.0,602.0,24.4,32.7,0.9863
1,1026.0,847.0,1010.0,1519.0,617.0,24.6,31.7,0.9647
1,1047.0,859.0,948.0,1538.0,677.0,23.9,34.3,1.002
1,1018.0,790.0,1047.0,1443.0,580.0,25.9,28.1,0.9258
1,1160.0,957.0,884.0,1637.0,861.0,24.5,32.3,0.9815
1,1269.0,1047.0,809.0,1721.0,1080.0,22.6,39.3,1.06
0,1394.0,1111.0,736.0,1853.0,1288.0,21.2,47.5,1.1828
0,1292.0,1003.0,789.0,1753.0,1163.0,19.9,54.9,1.2632
1,1212.0,966.0,840.0,1691.0,1043.0,19.4,52.1,1.1642
1,1137.0,985.0,858.0,1607.0,1045.0,19.4,42.6,0.9485
1,1080.0,910.0,923.0,1548.0,929.0,19.1,44.1,0.966
1,1031.0,861.0,903.0,1534.0,825.0,18.0,49.3,1.0086
2,917.0,654.0,1169.0,1414.0,545.0,17.6,54.6,1.0918
2,888.0,598.0,1228.0,1397.0,500.0,16.4,62.1,1.1493
2,872.0,564.0,1284.0,1385.0,494.0,15.6,65.3,1.1484
2,876.0,547.0,1256.0,1351.0,505.0,16.0,61.4,1.1043
2,964.0,697.0,1067.0,1516.0,717.0,15.8,64.3,1.1416
1,1147.0,906.0,815.0,1687.0,1126.0,16.0,65.8,1.1844
0,1493.0,1328.0,577.0,2193.0,1597.0,16.8,62.5,1.1869
0,1597.0,1466.0,518.0,2400.0,1687.0,16.9,66.1,1.2613
0,1483.0,1222.0,597.0,2054.0,1529.0,17.4,68.9,1.3557
0,1222.0,1080.0,742.0,1755.0,1366.0,21.4,45.0,1.1291
1,1060.0,1010.0,858.0,1623.0,1074.0,23.9,30.7,0.9002
1,1048.0,1013.0,886.0,1584.0,940.0,26.8,25.2,0.8721
1,1051.0,1008.0,911.0,1561.0,921.0,28.4,23.6,0.8983
1,998.0,977.0,947.0,1496.0,695.0,30.3,20.1,0.8539
1,1058.0,1023.0,896.0,1580.0,795.0,30.9,19.7,0.8649
1,1203.0,1204.0,790.0,1744.0,1079.0,30.2,20.5,0.8672
0,1491.0,1392.0,630.0,2149.0,1473.0,26.4,34.6,1.1724
0,1467.0,1385.0,623.0,2084.0,1493.0,24.9,39.4,1.2268
0,1407.0,1279.0,660.0,2009.0,1308.0,23.5,43.7,1.2484
0,1324.0,1086.0,692.0,1903.0,1189.0,19.3,63.1,1.4028
1,1214.0,970.0,777.0,1771.0,1076.0,18.7,64.6,1.3836
1,1016.0,780.0,967.0,1566.0,806.0,19.5,57.1,1.2806
1,1135.0,842.0,872.0,1653.0,973.0,18.9,62.5,1.3521
1,1065.0,789.0,936.0,1620.0,929.0,18.4,65.8,1.3802
2,999.0,692.0,1038.0,1588.0,778.0,16.4,79.2,1.4681
2,911.0,599.0,1189.0,1517.0,633.0,16.1,80.0,1.4562
2,873.0,545.0,1308.0,1471.0,497.0,15.6,81.0,1.4302
2,881.0,546.0,1335.0,1465.0,458.0,15.6,81.0,1.4216
2,967.0,646.0,1117.0,1552.0,579.0,15.7,80.5,1.4236
0,1280.0,976.0,780.0,1912.0,1003.0,16.0,80.8,1.4602
0,1564.0,1379.0,552.0,2306.0,1393.0,16.6,78.0,1.4572
0,1505.0,1358.0,556.0,2248.0,1406.0,16.1,79.2,1.4398
0,1309.0,1186.0,649.0,1973.0,1308.0,17.7,70.8,1.4171
1,1035.0,895.0,898.0,1657.0,863.0,20.3,54.8,1.2867
1,1148.0,1062.0,753.0,1825.0,1004.0,21.2,49.3,1.2271
1,1152.0,1104.0,725.0,1860.0,1023.0,21.5,47.9,1.2178
1,1131.0,1059.0,772.0,1784.0,978.0,21.4,47.7,1.2047
1,1142.0,1053.0,753.0,1814.0,979.0,20.4,54.0,1.2757
1,1197.0,1082.0,753.0,1851.0,971.0,19.9,57.1,1.3158
1,960.0,828.0,971.0,1565.0,617.0,19.9,55.2,1.2701
1,1077.0,1001.0,836.0,1764.0,717.0,19.5,55.7,1.2512
0,1377.0,1313.0,612.0,2120.0,1220.0,18.3,62.8,1.3127
0,1405.0,1353.0,602.0,2185.0,1296.0,17.2,68.3,1.3289
0,1484.0,1319.0,591.0,2166.0,1413.0,16.1,75.2,1.3654
0,1187.0,1042.0,766.0,1840.0,1093.0,16.6,70.8,1.3253
2,870.0,729.0,1096.0,1475.0,586.0,18.5,56.0,1.181
2,932.0,765.0,1054.0,1543.0,575.0,17.3,59.5,1.1667
2,830.0,608.0,1282.0,1370.0,441.0,18.6,52.3,1.1121
2,778.0,534.0,1480.0,1294.0,358.0,19.0,49.8,1.0831
2,820.0,541.0,1450.0,1360.0,377.0,15.7,64.5,1.14
2,842.0,565.0,1327.0,1399.0,437.0,15.5,66.9,1.1691
2,867.0,589.0,1267.0,1439.0,468.0,14.7,74.1,1.2302
2,927.0,682.0,1109.0,1526.0,580.0,14.6,77.1,1.2727
2,1060.0,851.0,912.0,1673.0,805.0,14.5,78.3,1.2851
0,1440.0,1271.0,630.0,2163.0,1273.0,15.1,76.8,1.3061
0,1449.0,1350.0,571.0,2264.0,1452.0,16.4,70.8,1.3088
0,1384.0,1265.0,620.0,2143.0,1307.0,16.4,72.4,1.3379
0,1172.0,1085.0,737.0,1876.0,1102.0,16.3,68.6,1.2657
0,1143.0,1083.0,735.0,1887.0,1083.0,17.2,62.9,1.2228
0,1167.0,1134.0,709.0,1920.0,1083.0,17.4,61.1,1.206
0,1303.0,1288.0,618.0,2116.0,1236.0,16.8,66.8,1.2691
0,1264.0,1279.0,631.0,2049.0,1223.0,17.3,62.6,1.226
0,1242.0,1193.0,684.0,1945.0,1175.0,17.5,60.8,1.2029
1,1070.0,1022.0,824.0,1740.0,933.0,17.5,59.2,1.1725
1,981.0,978.0,857.0,1682.0,835.0,17.7,56.9,1.1392
0,1198.0,1136.0,717.0,1870.0,1291.0,17.1,61.5,1.1873
1,1000.0,918.0,881.0,1661.0,802.0,17.5,63.9,1.2667
1,1110.0,949.0,850.0,1733.0,842.0,15.9,70.7,1.2672
2,1023.0,854.0,918.0,1637.0,744.0,15.1,75.1,1.2799
2,861.0,695.0,1130.0,1438.0,500.0,13.9,72.5,1.1502
2,969.0,760.0,1059.0,1518.0,560.0,12.0,79.8,1.1175
2,898.0,741.0,1085.0,1468.0,589.0,12.5,75.8,1.0938
2,835.0,674.0,1201.0,1416.0,488.0,12.0,75.0,1.0499
2,766.0,523.0,1534.0,1310.0,387.0,12.6,72.2,1.0503
2,743.0,502.0,1635.0,1292.0,355.0,12.7,71.6,1.0486
2,758.0,517.0,1625.0,1294.0,351.0,13.1,67.1,1.0079
2,804.0,604.0,1366.0,1357.0,420.0,13.2,64.6,0.9774
2,948.0,817.0,1048.0,1546.0,695.0,13.1,65.6,0.9815
0,1204.0,1205.0,729.0,1984.0,1139.0,14.7,58.5,0.9688
0,1231.0,1304.0,652.0,2029.0,1315.0,15.9,53.1,0.9529
0,1176.0,1191.0,705.0,1836.0,1217.0,17.9,46.1,0.9388
1,1043.0,1066.0,789.0,1692.0,1014.0,20.2,37.7,0.8833
1,992.0,970.0,869.0,1624.0,884.0,18.5,42.8,0.9026
2,885.0,772.0,1035.0,1450.0,524.0,13.0,64.3,0.9586
2,991.0,937.0,874.0,1581.0,644.0,15.1,54.5,0.9309
0,1182.0,1119.0,733.0,1831.0,1032.0,13.6,65.5,1.0184
0,1191.0,1074.0,741.0,1816.0,1038.0,12.3,78.3,1.1154
0,1272.0,1136.0,730.0,1869.0,1077.0,12.7,74.2,1.0863
1,1138.0,1063.0,804.0,1728.0,983.0,14.4,64.2,1.049
1,1008.0,954.0,892.0,1626.0,834.0,15.6,58.3,1.0266
1,1075.0,1015.0,824.0,1722.0,949.0,15.0,61.4,1.0385
2,1034.0,935.0,870.0,1605.0,941.0,13.7,65.8,1.0254
2,934.0,841.0,973.0,1497.0,756.0,12.3,66.4,0.944
2,883.0,705.0,1133.0,1422.0,655.0,15.4,58.8,1.0215
2,1021.0,871.0,938.0,1586.0,805.0,14.1,64.9,1.0405
2,1059.0,907.0,879.0,1579.0,970.0,13.8,64.7,1.0168
2,1023.0,878.0,896.0,1568.0,969.0,13.5,67.8,1.042
2,855.0,669.0,1160.0,1427.0,671.0,13.7,69.4,1.0794
2,826.0,616.0,1227.0,1384.0,575.0,13.9,67.7,1.0712
2,831.0,602.0,1269.0,1386.0,535.0,14.0,67.8,1.0787
2,817.0,639.0,1260.0,1364.0,489.0,14.6,61.1,1.0075
2,972.0,880.0,964.0,1590.0,689.0,14.3,60.5,0.9847
0,1200.0,1290.0,657.0,2014.0,1196.0,14.9,56.9,0.9582
0,1234.0,1355.0,621.0,2095.0,1266.0,16.4,50.2,0.9286
0,1164.0,1148.0,741.0,1824.0,1130.0,16.0,50.9,0.9211
1,976.0,952.0,878.0,1582.0,834.0,18.6,42.8,0.9091
2,844.0,825.0,1027.0,1405.0,536.0,19.7,33.7,0.7646
1,851.0,906.0,989.0,1418.0,545.0,21.2,27.7,0.6864
1,926.0,1010.0,904.0,1526.0,720.0,19.7,28.5,0.6445
1,890.0,950.0,940.0,1460.0,655.0,19.8,29.7,0.678
1,921.0,914.0,937.0,1481.0,614.0,19.2,35.6,0.7856
2,1052.0,956.0,869.0,1600.0,725.0,14.2,60.5,0.9765
0,1247.0,1238.0,691.0,1948.0,1036.0,12.9,69.1,1.0249
0,1205.0,1222.0,684.0,1911.0,1127.0,12.7,70.4,1.0294
2,1016.0,995.0,857.0,1642.0,854.0,13.9,62.7,0.9905
2,984.0,879.0,940.0,1527.0,792.0,13.9,62.9,0.9948
2,1041.0,898.0,922.0,1595.0,891.0,13.4,65.2,0.9996
2,1027.0,887.0,927.0,1568.0,876.0,13.4,64.6,0.9864
2,1025.0,869.0,954.0,1531.0,851.0,13.3,63.6,0.9677
2,984.0,829.0,1003.0,1516.0,787.0,13.3,61.8,0.9433
2,969.0,791.0,1084.0,1446.0,711.0,13.6,59.7,0.9271
2,758.0,546.0,1483.0,1252.0,396.0,14.6,53.3,0.8807
2,767.0,547.0,1482.0,1239.0,375.0,14.3,51.7,0.8412
2,772.0,518.0,1544.0,1202.0,343.0,10.9,67.5,0.8785
2,831.0,557.0,1480.0,1257.0,401.0,7.4,85.2,0.8808
2,871.0,628.0,1243.0,1329.0,518.0,8.7,81.5,0.919
2,995.0,808.0,1028.0,1479.0,685.0,10.3,75.6,0.9458
2,1093.0,918.0,857.0,1589.0,939.0,11.0,75.0,0.9821
2,1079.0,885.0,884.0,1588.0,974.0,13.6,66.1,1.0236
2,1084.0,852.0,910.0,1575.0,959.0,14.7,63.1,1.0488
0,1204.0,982.0,791.0,1739.0,1067.0,13.8,72.3,1.1361
0,1213.0,1018.0,760.0,1778.0,1061.0,13.3,76.8,1.1703
1,1124.0,949.0,827.0,1671.0,1008.0,16.2,60.0,1.0937
2,945.0,726.0,1053.0,1432.0,637.0,16.3,55.3,1.0146
1,964.0,833.0,1003.0,1489.0,647.0,20.0,40.4,0.9354
2,903.0,786.0,1073.0,1375.0,523.0,19.8,35.4,0.8099
2,918.0,863.0,992.0,1408.0,539.0,19.8,33.6,0.767
1,1028.0,961.0,913.0,1502.0,649.0,17.8,38.5,0.7763
0,1175.0,1209.0,720.0,1829.0,1071.0,16.7,44.6,0.8393
0,1215.0,1161.0,714.0,1802.0,1237.0,15.1,51.8,0.8816
1,1072.0,976.0,835.0,1603.0,1018.0,14.1,56.2,0.9028
2,1070.0,952.0,858.0,1573.0,966.0,13.8,58.3,0.9147
2,1021.0,853.0,979.0,1457.0,901.0,13.7,59.7,0.9285
2,1063.0,859.0,952.0,1519.0,949.0,13.7,60.3,0.9405
2,1068.0,938.0,862.0,1575.0,1057.0,12.7,64.9,0.9506
2,993.0,913.0,879.0,1601.0,989.0,12.6,65.4,0.9529
2,1034.0,928.0,848.0,1619.0,1005.0,12.1,68.6,0.964
2,1025.0,914.0,856.0,1605.0,1003.0,12.3,68.0,0.9722
2,1036.0,902.0,825.0,1558.0,1087.0,11.9,71.1,0.9899
2,924.0,774.0,987.0,1460.0,909.0,11.3,73.8,0.9848
2,922.0,737.0,1050.0,1414.0,882.0,13.1,62.6,0.9419
2,830.0,625.0,1266.0,1303.0,568.0,16.8,46.8,0.8881
2,947.0,752.0,1068.0,1434.0,620.0,17.9,44.8,0.9104
2,977.0,737.0,1025.0,1450.0,686.0,17.8,49.5,0.9986
2,1025.0,761.0,1008.0,1476.0,700.0,18.8,46.4,0.9968
1,1040.0,804.0,940.0,1502.0,780.0,19.3,44.0,0.9783
2,1013.0,718.0,1041.0,1492.0,558.0,14.7,68.4,1.1405
2,1035.0,755.0,997.0,1521.0,608.0,15.6,65.8,1.1577
1,1086.0,859.0,892.0,1595.0,754.0,17.7,54.0,1.0826
2,967.0,753.0,1048.0,1420.0,544.0,17.8,46.7,0.9466
2,968.0,785.0,1011.0,1446.0,550.0,17.8,44.4,0.8967
2,1004.0,827.0,972.0,1465.0,627.0,17.8,44.3,0.8929
1,1132.0,981.0,850.0,1614.0,877.0,16.4,47.8,0.8851
1,1121.0,985.0,833.0,1625.0,981.0,15.6,51.6,0.9063
2,1068.0,917.0,889.0,1570.0,832.0,14.9,55.0,0.9228
2,1123.0,937.0,866.0,1606.0,941.0,13.8,59.8,0.9398
2,1101.0,933.0,845.0,1600.0,1022.0,13.8,62.1,0.9721
2,997.0,835.0,951.0,1501.0,888.0,13.9,61.1,0.9656
2,875.0,654.0,1172.0,1375.0,683.0,14.9,57.6,0.9684
2,815.0,569.0,1361.0,1344.0,534.0,14.4,60.1,0.9797
2,803.0,531.0,1462.0,1318.0,489.0,13.8,63.2,0.9952
2,829.0,570.0,1304.0,1357.0,562.0,14.2,62.9,1.0136
2,867.0,625.0,1213.0,1385.0,652.0,14.0,63.8,1.0167
1,1118.0,970.0,837.0,1705.0,1019.0,13.4,67.4,1.0292
0,1632.0,1587.0,523.0,2459.0,1678.0,14.7,62.3,1.0351
0,1598.0,1668.0,490.0,2617.0,1749.0,16.0,57.3,1.0342
0,1378.0,1303.0,633.0,2051.0,1494.0,17.8,51.1,1.0362
1,1132.0,1096.0,731.0,1808.0,1186.0,20.0,45.0,1.0379
1,1108.0,1040.0,767.0,1748.0,1051.0,20.3,44.1,1.0392
1,1131.0,1097.0,735.0,1797.0,1027.0,20.7,42.4,1.0248
1,1105.0,1080.0,751.0,1758.0,981.0,20.8,40.6,0.9888
1,1120.0,1096.0,753.0,1767.0,976.0,21.5,39.7,1.0042
1,1100.0,1108.0,800.0,1731.0,932.0,25.0,30.1,0.9394
1,1098.0,1124.0,810.0,1716.0,871.0,25.2,29.7,0.9371
1,1137.0,1234.0,749.0,1824.0,990.0,23.4,32.0,0.91
0,1267.0,1352.0,651.0,1961.0,1196.0,21.0,37.8,0.9298
0,1319.0,1413.0,597.0,2050.0,1329.0,19.2,45.7,1.0084
0,1160.0,1189.0,698.0,1824.0,1151.0,17.7,50.9,1.0232
1,1084.0,1063.0,775.0,1703.0,1031.0,16.8,53.6,1.0167
1,1025.0,963.0,842.0,1621.0,917.0,15.8,56.2,1.0033
2,953.0,830.0,986.0,1521.0,860.0,16.0,56.5,1.0166
2,959.0,812.0,961.0,1518.0,910.0,14.2,64.1,1.0346
2,834.0,637.0,1187.0,1362.0,699.0,15.0,59.8,1.0142
2,787.0,549.0,1366.0,1317.0,596.0,14.3,61.9,1.0031
2,799.0,555.0,1327.0,1320.0,643.0,12.8,66.0,0.969
2,807.0,571.0,1305.0,1335.0,704.0,11.4,70.5,0.9484
2,866.0,686.0,1135.0,1405.0,741.0,12.0,68.0,0.9547
2,1035.0,917.0,882.0,1606.0,968.0,11.3,70.4,0.9443
0,1469.0,1491.0,555.0,2301.0,1561.0,12.7,65.6,0.962
0,1553.0,1575.0,508.0,2423.0,1779.0,14.5,59.8,0.9795
0,1513.0,1455.0,554.0,2182.0,1822.0,17.5,49.8,0.9877
0,1395.0,1368.0,605.0,2032.0,1675.0,21.9,35.2,0.9128
0,1209.0,1248.0,712.0,1891.0,1295.0,23.5,29.5,0.8435
1,1142.0,1115.0,776.0,1735.0,1091.0,24.3,29.8,0.8926
1,1140.0,1129.0,765.0,1728.0,1023.0,23.8,31.7,0.9212
1,1105.0,1035.0,826.0,1643.0,877.0,24.2,31.2,0.9257
1,1131.0,1058.0,824.0,1664.0,931.0,26.5,27.2,0.9282
1,1162.0,1064.0,832.0,1675.0,913.0,25.7,28.4,0.9248
0,1336.0,1326.0,674.0,1923.0,1255.0,26.3,27.5,0.9306
0,1533.0,1549.0,573.0,2233.0,1571.0,24.4,31.6,0.9545
0,1650.0,1649.0,528.0,2345.0,1779.0,23.1,35.3,0.9845
0,1535.0,1458.0,568.0,2120.0,1735.0,21.1,40.2,0.997
0,1382.0,1243.0,632.0,1941.0,1511.0,19.2,52.3,1.1516
0,1335.0,1122.0,673.0,1840.0,1424.0,18.1,58.7,1.2072
0,1267.0,1064.0,706.0,1766.0,1348.0,17.3,58.8,1.1494
1,1122.0,926.0,805.0,1619.0,1174.0,16.9,58.8,1.125
1,986.0,771.0,964.0,1518.0,947.0,17.6,57.6,1.1484
2,966.0,744.0,967.0,1511.0,935.0,15.6,63.9,1.1287
2,919.0,661.0,1089.0,1468.0,838.0,14.9,65.7,1.1073
2,872.0,632.0,1132.0,1403.0,768.0,15.6,62.2,1.0961
2,967.0,749.0,996.0,1517.0,881.0,14.0,68.3,1.0884
0,1152.0,964.0,800.0,1705.0,1096.0,14.5,65.7,1.0804
0,1500.0,1393.0,560.0,2163.0,1495.0,15.5,62.2,1.0875
0,1754.0,1716.0,452.0,2667.0,1895.0,17.0,56.8,1.0909
0,1558.0,1469.0,525.0,2281.0,1758.0,18.8,52.4,1.1285
0,1446.0,1350.0,568.0,2140.0,1630.0,19.7,51.9,1.1796
0,1349.0,1236.0,627.0,1964.0,1530.0,20.9,44.6,1.0872
0,1452.0,1371.0,576.0,2138.0,1622.0,21.9,43.3,1.1265
0,1676.0,1534.0,496.0,2413.0,1828.0,20.4,55.7,1.3205
0,1327.0,1139.0,658.0,1894.0,1323.0,17.4,67.0,1.325
0,1248.0,1072.0,713.0,1797.0,1188.0,17.1,64.0,1.2413
0,1250.0,1074.0,724.0,1806.0,1166.0,17.3,61.1,1.1957
0,1222.0,1084.0,727.0,1797.0,1108.0,17.7,56.3,1.13
1,1159.0,1097.0,748.0,1709.0,995.0,17.4,48.6,0.9559
0,1192.0,1143.0,740.0,1767.0,1108.0,17.6,43.7,0.8698
1,1074.0,954.0,846.0,1570.0,956.0,16.7,47.2,0.892
2,984.0,851.0,959.0,1452.0,817.0,16.8,45.6,0.8636
2,970.0,773.0,1026.0,1425.0,658.0,16.1,52.0,0.946
2,987.0,800.0,989.0,1462.0,658.0,15.5,57.1,0.996
2,1003.0,836.0,949.0,1455.0,748.0,16.2,50.2,0.9156
2,933.0,747.0,1045.0,1405.0,569.0,16.4,50.5,0.938
2,859.0,620.0,1201.0,1316.0,445.0,16.2,52.8,0.9626
2,815.0,538.0,1412.0,1272.0,379.0,16.0,53.7,0.9723
2,792.0,501.0,1554.0,1252.0,354.0,16.2,53.0,0.9672
2,835.0,560.0,1409.0,1317.0,407.0,16.2,53.7,0.9799
2,975.0,736.0,1069.0,1459.0,611.0,15.9,55.3,0.991
1,1133.0,957.0,815.0,1652.0,944.0,16.2,55.6,1.0151
0,1347.0,1237.0,645.0,1984.0,1328.0,16.0,59.3,1.0711
1,1122.0,1000.0,783.0,1663.0,1085.0,16.6,55.6,1.042
1,1152.0,1014.0,774.0,1714.0,1139.0,17.4,51.8,1.022
1,1020.0,866.0,907.0,1554.0,799.0,17.6,49.7,0.9944
1,1066.0,927.0,846.0,1608.0,804.0,17.2,52.8,1.0236
1,1105.0,1016.0,789.0,1736.0,930.0,18.2,49.6,1.0268
1,1056.0,894.0,891.0,1576.0,771.0,19.5,45.0,1.0114
1,1084.0,970.0,818.0,1626.0,845.0,19.5,45.5,1.0189
0,1288.0,1191.0,691.0,1910.0,1192.0,19.8,44.3,1.0104
0,1390.0,1368.0,605.0,2092.0,1494.0,20.3,43.1,1.0114
0,1374.0,1303.0,636.0,2036.0,1457.0,20.3,44.4,1.0457
0,1378.0,1342.0,612.0,2076.0,1489.0,19.8,47.9,1.092
0,1428.0,1329.0,594.0,2102.0,1602.0,19.1,52.3,1.1486
0,1336.0,1176.0,656.0,1891.0,1468.0,18.2,54.7,1.1336
0,1234.0,1049.0,746.0,1733.0,1274.0,17.8,55.0,1.1097
0,1300.0,1221.0,648.0,1946.0,1401.0,17.5,56.4,1.1175
0,1246.0,1150.0,654.0,1873.0,1354.0,17.3,57.8,1.1298
0,1141.0,1017.0,740.0,1690.0,1188.0,16.8,57.5,1.0912
1,1014.0,853.0,883.0,1538.0,975.0,16.3,57.0,1.0484
2,938.0,769.0,978.0,1463.0,816.0,16.2,56.3,1.0262
2,988.0,814.0,908.0,1512.0,921.0,15.5,59.9,1.0498
2,983.0,833.0,894.0,1524.0,1012.0,16.0,58.3,1.0481
1,1033.0,917.0,882.0,1617.0,905.0,17.2,52.3,1.0169
0,1388.0,1372.0,601.0,2105.0,1449.0,18.5,49.4,1.0397
0,1512.0,1530.0,527.0,2326.0,1725.0,20.0,45.6,1.0524
1,1148.0,1104.0,723.0,1713.0,1301.0,21.0,37.9,0.9313
1,1095.0,1019.0,815.0,1618.0,1181.0,22.8,32.4,0.887
1,987.0,979.0,923.0,1515.0,962.0,25.5,25.6,0.8218
1,984.0,998.0,905.0,1523.0,862.0,25.9,23.6,0.7771
1,1072.0,1084.0,843.0,1622.0,1017.0,27.7,20.8,0.7599
1,1048.0,1068.0,869.0,1573.0,993.0,27.1,21.6,0.7618
1,1042.0,1029.0,907.0,1540.0,879.0,28.4,20.2,0.7697
1,1113.0,1086.0,882.0,1584.0,926.0,28.1,21.9,0.8184
1,1146.0,1145.0,836.0,1647.0,1011.0,27.6,22.3,0.8116
0,1239.0,1272.0,748.0,1790.0,1380.0,25.2,24.3,0.7671
0,1302.0,1346.0,706.0,1880.0,1698.0,24.6,25.1,0.7636
0,1181.0,1183.0,792.0,1711.0,1432.0,23.1,27.2,0.7575
1,1068.0,1037.0,869.0,1567.0,1217.0,22.0,28.6,0.7483
1,1135.0,1065.0,803.0,1630.0,1317.0,20.8,34.5,0.8365
1,1121.0,992.0,844.0,1505.0,1255.0,20.4,35.3,0.8352
1,1131.0,965.0,843.0,1520.0,1223.0,19.1,38.3,0.8381
2,947.0,798.0,964.0,1395.0,930.0,18.0,40.5,0.8271
2,935.0,786.0,964.0,1389.0,954.0,17.4,43.4,0.8553
2,941.0,792.0,975.0,1397.0,889.0,14.8,50.6,0.8489
2,867.0,734.0,1043.0,1324.0,808.0,14.6,51.4,0.8489
2,839.0,638.0,1171.0,1271.0,643.0,15.7,46.9,0.8329
2,873.0,704.0,1091.0,1322.0,756.0,15.3,49.7,0.8552
1,1065.0,942.0,890.0,1576.0,1067.0,16.0,47.4,0.8564
0,1187.0,1104.0,727.0,1721.0,1391.0,17.6,43.3,0.8647
0,1249.0,1174.0,712.0,1774.0,1486.0,20.3,37.4,0.8807
1,1157.0,1072.0,802.0,1653.0,1327.0,23.1,30.3,0.8425
1,988.0,924.0,1015.0,1463.0,835.0,25.0,24.2,0.7568
1,1025.0,955.0,997.0,1457.0,834.0,25.6,23.5,0.7611
1,997.0,947.0,998.0,1460.0,815.0,25.5,22.6,0.7288
1,916.0,829.0,1124.0,1333.0,621.0,26.1,21.1,0.7023
1,965.0,910.0,1056.0,1389.0,643.0,28.2,19.4,0.7303
1,985.0,903.0,1059.0,1437.0,712.0,27.4,20.5,0.7379
1,1026.0,920.0,1037.0,1455.0,746.0,26.0,22.7,0.7532
1,1125.0,1016.0,910.0,1564.0,991.0,23.8,27.1,0.7858
1,1159.0,1054.0,878.0,1603.0,1046.0,23.0,28.7,0.7976
0,1284.0,1149.0,780.0,1725.0,1304.0,21.7,31.8,0.8191
1,1101.0,986.0,852.0,1574.0,1100.0,20.9,33.2,0.8098
1,1101.0,972.0,879.0,1552.0,1001.0,20.2,34.3,0.8017
1,1183.0,1049.0,762.0,1594.0,1290.0,19.6,37.0,0.8325
1,1132.0,996.0,822.0,1564.0,1205.0,18.1,40.9,0.8441
2,998.0,859.0,919.0,1450.0,1045.0,17.0,43.3,0.8341
2,911.0,743.0,1052.0,1370.0,739.0,16.7,43.4,0.8193
2,875.0,721.0,1083.0,1328.0,683.0,15.9,44.7,0.8009
2,808.0,630.0,1234.0,1256.0,573.0,15.2,45.5,0.783
2,792.0,599.0,1262.0,1235.0,564.0,13.5,50.1,0.7706
2,822.0,581.0,1326.0,1256.0,602.0,14.2,49.9,0.8025
2,918.0,721.0,1069.0,1353.0,785.0,13.8,51.4,0.8059
2,975.0,774.0,1001.0,1393.0,878.0,16.3,45.1,0.8286
1,1047.0,908.0,913.0,1458.0,981.0,19.2,35.4,0.7812
1,1053.0,970.0,930.0,1473.0,991.0,25.5,21.1,0.677
1,1017.0,897.0,1013.0,1400.0,780.0,28.2,19.0,0.7164
1,1021.0,889.0,1022.0,1405.0,684.0,29.5,19.8,0.8013
1,941.0,753.0,1173.0,1311.0,468.0,30.6,19.4,0.8348
1,991.0,776.0,1122.0,1375.0,468.0,29.9,22.0,0.9181
1,1117.0,862.0,995.0,1476.0,530.0,31.5,21.9,0.997
1,1217.0,947.0,887.0,1566.0,648.0,31.2,24.6,1.0987
1,1248.0,982.0,880.0,1617.0,746.0,30.4,26.5,1.1347
1,1242.0,973.0,856.0,1632.0,819.0,26.8,33.5,1.1602
0,1403.0,1151.0,747.0,1820.0,1125.0,25.5,37.4,1.1995
1,1238.0,999.0,833.0,1648.0,1013.0,23.7,39.4,1.1381
1,1093.0,858.0,975.0,1495.0,816.0,22.9,37.0,1.0197
1,1034.0,805.0,1030.0,1416.0,750.0,20.8,36.3,0.8775
2,934.0,795.0,1098.0,1328.0,673.0,20.3,28.5,0.6686
2,913.0,785.0,1110.0,1273.0,692.0,19.6,26.5,0.5974
2,835.0,691.0,1265.0,1182.0,517.0,19.1,25.9,0.5673
2,773.0,568.0,1474.0,1113.0,392.0,18.4,27.6,0.5799
2,771.0,533.0,1566.0,1110.0,360.0,17.4,30.2,0.5945
2,805.0,534.0,1454.0,1112.0,409.0,16.3,34.1,0.6257
2,930.0,684.0,1059.0,1220.0,779.0,15.8,36.5,0.6535
2,1009.0,859.0,944.0,1420.0,1016.0,16.0,38.1,0.6879
0,1196.0,1131.0,775.0,1675.0,1243.0,17.6,35.0,0.6965
1,1010.0,937.0,945.0,1444.0,949.0,18.5,31.2,0.6611
1,990.0,924.0,974.0,1404.0,861.0,19.8,28.5,0.652
1,988.0,918.0,1007.0,1393.0,850.0,22.3,24.1,0.6394
1,979.0,910.0,1028.0,1396.0,788.0,24.2,21.7,0.6451
1,1029.0,983.0,950.0,1470.0,879.0,25.1,20.8,0.6516
1,984.0,945.0,990.0,1423.0,747.0,25.8,19.5,0.6392
1,985.0,919.0,1028.0,1387.0,700.0,26.3,18.9,0.6344
1,981.0,886.0,1054.0,1363.0,695.0,25.8,18.6,0.608
1,1020.0,941.0,1016.0,1425.0,756.0,25.7,19.4,0.6304
1,1106.0,1097.0,902.0,1552.0,941.0,26.7,17.1,0.5909
1,1153.0,1168.0,842.0,1644.0,1021.0,24.3,19.8,0.5933
1,1215.0,1234.0,796.0,1735.0,1167.0,23.5,20.8,0.5937
1,1094.0,1072.0,888.0,1545.0,1105.0,22.0,24.0,0.6263
2,944.0,832.0,1072.0,1350.0,712.0,21.1,26.2,0.6481
1,964.0,861.0,1014.0,1398.0,735.0,20.9,28.8,0.7014
1,1003.0,872.0,988.0,1439.0,851.0,20.2,31.2,0.7304
2,914.0,774.0,1091.0,1323.0,706.0,20.0,31.5,0.7262
2,839.0,609.0,1276.0,1286.0,643.0,20.8,32.3,0.7813
2,830.0,582.0,1310.0,1264.0,608.0,20.0,34.5,0.7954
2,812.0,521.0,1413.0,1233.0,469.0,21.2,32.9,0.8178
2,832.0,547.0,1320.0,1254.0,469.0,18.3,40.0,0.8345
2,903.0,656.0,1155.0,1361.0,618.0,17.0,44.6,0.8593
2,1022.0,825.0,931.0,1487.0,931.0,17.1,45.3,0.8784
0,1378.0,1277.0,628.0,1970.0,1519.0,17.1,46.5,0.901
0,1745.0,1748.0,484.0,2605.0,2054.0,18.8,39.7,0.8547
0,1326.0,1137.0,719.0,1760.0,1550.0,20.3,38.1,0.8946
1,1215.0,1062.0,794.0,1650.0,1381.0,25.3,27.0,0.8565
1,1138.0,1015.0,854.0,1604.0,1115.0,27.4,22.8,0.8219
1,1244.0,1162.0,765.0,1735.0,1189.0,30.0,20.0,0.8338
1,1261.0,1210.0,736.0,1769.0,1200.0,30.9,19.1,0.8394
1,1182.0,1066.0,818.0,1663.0,965.0,30.6,20.2,0.8719
1,1208.0,1111.0,783.0,1653.0,1018.0,32.2,18.9,0.8964
1,1158.0,981.0,862.0,1573.0,775.0,31.7,19.5,0.8981
0,1346.0,1278.0,701.0,1873.0,1193.0,30.9,20.5,0.8996
0,1443.0,1371.0,664.0,1988.0,1425.0,27.5,24.7,0.8899
0,1440.0,1443.0,635.0,2068.0,1594.0,25.8,27.0,0.8821
0,1232.0,1173.0,751.0,1750.0,1284.0,23.7,30.0,0.8633
1,1159.0,1061.0,812.0,1648.0,1174.0,22.2,33.4,0.8806
1,1081.0,929.0,910.0,1518.0,937.0,21.1,36.5,0.9019
1,1083.0,911.0,883.0,1507.0,985.0,20.2,38.6,0.9016
1,1069.0,887.0,859.0,1542.0,1041.0,19.3,43.0,0.9535
2,940.0,724.0,1012.0,1407.0,867.0,19.2,43.6,0.9591
2,901.0,653.0,1094.0,1367.0,822.0,18.4,45.7,0.9599
2,848.0,571.0,1224.0,1297.0,624.0,18.7,44.3,0.9453
2,846.0,598.0,1211.0,1332.0,669.0,16.3,51.4,0.9468
2,848.0,598.0,1219.0,1318.0,628.0,17.0,49.2,0.9459
2,980.0,800.0,983.0,1462.0,810.0,16.4,52.1,0.9612
0,1408.0,1321.0,618.0,2044.0,1495.0,16.4,53.4,0.9863
0,1716.0,1701.0,490.0,2545.0,2018.0,18.6,46.8,0.99
0,1475.0,1351.0,625.0,2006.0,1696.0,21.0,41.1,1.0104
1,1262.0,1096.0,772.0,1711.0,1340.0,26.4,28.9,0.9785
1,1156.0,1034.0,813.0,1640.0,1123.0,27.7,26.3,0.9652
1,1192.0,1097.0,796.0,1688.0,971.0,30.1,22.1,0.9281
1,1233.0,1154.0,746.0,1740.0,1000.0,31.0,22.9,1.0144
1,1208.0,1083.0,792.0,1702.0,891.0,31.0,22.6,1.0012
1,1215.0,1116.0,784.0,1715.0,852.0,31.6,21.0,0.959
1,1251.0,1165.0,747.0,1774.0,975.0,30.4,24.7,1.0526
0,1358.0,1278.0,689.0,1899.0,1192.0,28.8,26.3,1.0271
0,1379.0,1349.0,645.0,1961.0,1373.0,26.4,30.1,1.0204
0,1379.0,1326.0,659.0,1961.0,1307.0,24.7,31.5,0.9672
0,1373.0,1252.0,670.0,1889.0,1325.0,22.9,36.5,1.0083
1,1197.0,950.0,823.0,1592.0,918.0,20.8,41.8,1.0155
1,1238.0,940.0,815.0,1622.0,877.0,19.7,47.1,1.0666
1,1255.0,963.0,781.0,1665.0,1024.0,18.9,52.2,1.1313
1,1164.0,908.0,821.0,1574.0,1019.0,18.5,50.1,1.0539
1,1046.0,803.0,900.0,1490.0,823.0,18.0,53.0,1.0832
2,956.0,661.0,1043.0,1398.0,701.0,18.4,51.7,1.0819
2,885.0,565.0,1217.0,1329.0,542.0,19.8,46.2,1.056
2,877.0,549.0,1265.0,1317.0,463.0,19.6,47.7,1.0736
2,925.0,609.0,1168.0,1363.0,533.0,17.3,54.1,1.0582
2,1086.0,837.0,885.0,1553.0,906.0,15.8,59.0,1.0495
0,1490.0,1286.0,593.0,2053.0,1447.0,16.6,55.9,1.0486
0,1763.0,1617.0,489.0,2503.0,1835.0,18.7,52.8,1.1279
0,1462.0,1242.0,637.0,1961.0,1552.0,20.7,46.4,1.1227
1,1232.0,1062.0,787.0,1707.0,1092.0,26.1,30.0,0.9972
1,1239.0,1067.0,779.0,1702.0,1071.0,28.6,25.8,0.9989
1,1218.0,1051.0,796.0,1689.0,881.0,30.3,23.3,0.9869
1,1235.0,1094.0,756.0,1729.0,907.0,31.3,22.3,1.0043
1,1196.0,1061.0,791.0,1649.0,899.0,31.1,22.3,0.9888
1,1288.0,1179.0,717.0,1799.0,1074.0,32.4,20.4,0.9732
1,1248.0,1108.0,772.0,1701.0,969.0,32.6,19.3,0.935
0,1401.0,1342.0,663.0,1959.0,1267.0,31.2,20.3,0.9064
0,1401.0,1396.0,645.0,2009.0,1402.0,27.7,24.8,0.9106
0,1444.0,1354.0,655.0,1956.0,1437.0,25.7,27.9,0.908
0,1379.0,1312.0,683.0,1870.0,1382.0,24.1,29.9,0.8879
0,1251.0,1097.0,771.0,1680.0,1280.0,22.2,34.4,0.9072
0,1269.0,1077.0,773.0,1706.0,1250.0,20.7,38.0,0.9149
0,1242.0,1060.0,745.0,1693.0,1359.0,20.2,42.8,0.9983
1,1045.0,850.0,889.0,1506.0,1102.0,20.5,42.0,1.0004
2,937.0,698.0,1039.0,1382.0,768.0,20.1,42.0,0.9763
2,875.0,622.0,1167.0,1331.0,656.0,20.0,41.5,0.9571
2,889.0,633.0,1123.0,1344.0,683.0,16.3,51.6,0.9461
2,888.0,640.0,1089.0,1330.0,670.0,16.5,50.2,0.932
2,881.0,624.0,1135.0,1319.0,656.0,16.4,50.2,0.931
2,998.0,856.0,894.0,1488.0,926.0,14.9,54.7,0.9203
0,1517.0,1460.0,551.0,2205.0,1677.0,16.4,51.3,0.9474
0,1522.0,1509.0,543.0,2275.0,1828.0,18.2,46.2,0.9575
0,1417.0,1303.0,635.0,1964.0,1752.0,20.7,40.0,0.9639
0,1329.0,1214.0,700.0,1845.0,1581.0,26.5,27.0,0.9217
1,1203.0,1023.0,825.0,1622.0,1132.0,28.5,23.8,0.915
1,1234.0,1037.0,788.0,1658.0,1037.0,29.7,23.7,0.9714
1,1286.0,1090.0,750.0,1719.0,1023.0,31.7,21.7,0.9966
1,1298.0,1075.0,749.0,1690.0,1022.0,31.7,21.5,0.9902
1,1308.0,1084.0,757.0,1724.0,989.0,32.8,19.5,0.9515
1,1276.0,1099.0,783.0,1680.0,925.0,32.5,18.6,0.8948
1,1234.0,985.0,815.0,1572.0,795.0,30.2,22.6,0.9524
0,1419.0,1300.0,670.0,1923.0,1263.0,27.6,25.7,0.9382
0,1325.0,1273.0,716.0,1815.0,1184.0,25.9,24.9,0.8195
0,1346.0,1224.0,715.0,1794.0,1272.0,23.9,29.4,0.8589
1,1241.0,1110.0,772.0,1698.0,1177.0,22.3,32.1,0.8515
0,1274.0,1094.0,771.0,1682.0,1231.0,20.5,35.9,0.8565
0,1321.0,1144.0,732.0,1745.0,1243.0,19.8,37.2,0.8509
0,1424.0,1240.0,662.0,1841.0,1427.0,19.1,41.9,0.9158
0,1357.0,1178.0,674.0,1782.0,1454.0,17.8,46.1,0.9344
1,1123.0,966.0,770.0,1594.0,1183.0,17.6,47.6,0.9465
1,1003.0,820.0,902.0,1455.0,908.0,17.9,46.3,0.9394
2,951.0,713.0,994.0,1385.0,821.0,16.9,49.8,0.9544
2,941.0,687.0,1024.0,1374.0,777.0,15.8,53.8,0.9615
2,986.0,745.0,959.0,1426.0,888.0,16.5,53.5,0.9928
1,1153.0,947.0,795.0,1643.0,1076.0,17.2,52.9,1.0276
0,1323.0,1137.0,696.0,1846.0,1285.0,19.3,48.3,1.0723
0,1315.0,1040.0,743.0,1740.0,1315.0,20.6,47.1,1.1287
1,1303.0,1015.0,777.0,1731.0,1250.0,23.7,40.0,1.153
1,1238.0,1037.0,813.0,1698.0,978.0,25.6,32.5,1.053
1,1259.0,1080.0,772.0,1736.0,1072.0,27.2,28.1,0.9989
1,1246.0,1070.0,770.0,1747.0,1064.0,27.9,28.1,1.0394
1,1154.0,912.0,872.0,1605.0,825.0,28.3,27.8,1.0539
1,1237.0,997.0,800.0,1688.0,924.0,29.2,27.0,1.081
1,1315.0,1041.0,773.0,1767.0,966.0,28.9,29.3,1.1503
0,1466.0,1174.0,680.0,1965.0,1302.0,25.4,39.8,1.2771
0,1409.0,1113.0,710.0,1850.0,1256.0,25.2,40.1,1.2642
0,1366.0,1171.0,693.0,1933.0,1068.0,24.5,39.4,1.1963
1,1241.0,1011.0,781.0,1748.0,1070.0,22.3,45.4,1.2088
1,1123.0,832.0,930.0,1565.0,792.0,21.2,48.3,1.2034
0,1321.0,1075.0,757.0,1891.0,1017.0,20.6,50.5,1.2082
0,1397.0,1159.0,681.0,1949.0,1207.0,20.2,52.9,1.234
0,1507.0,1311.0,608.0,2107.0,1499.0,19.8,54.5,1.2488
0,1405.0,1177.0,660.0,1931.0,1474.0,19.5,56.2,1.2624
1,1192.0,994.0,759.0,1780.0,1163.0,19.0,58.0,1.2581
0,1199.0,1070.0,671.0,1873.0,1189.0,18.1,61.6,1.2679
1,973.0,761.0,954.0,1501.0,815.0,18.0,57.6,1.1788
2,864.0,591.0,1247.0,1374.0,507.0,17.7,56.0,1.1215
2,886.0,598.0,1257.0,1374.0,506.0,17.9,52.4,1.0655
2,988.0,713.0,1092.0,1455.0,716.0,18.9,49.3,1.0668
1,1008.0,729.0,1034.0,1490.0,795.0,20.0,48.6,1.1199
2,976.0,698.0,1156.0,1393.0,594.0,20.6,41.2,0.9841
1,978.0,718.0,1137.0,1392.0,565.0,23.6,34.0,0.9749
1,987.0,740.0,1105.0,1407.0,523.0,26.7,28.1,0.9688
1,1030.0,778.0,1071.0,1452.0,591.0,26.8,28.1,0.9785
1,955.0,723.0,1129.0,1393.0,559.0,27.7,25.8,0.9467
1,924.0,673.0,1247.0,1346.0,430.0,28.8,22.7,0.8864
1,1005.0,758.0,1091.0,1434.0,522.0,26.8,27.3,0.9462
1,1059.0,816.0,1023.0,1468.0,641.0,25.9,28.7,0.9423
1,1079.0,851.0,991.0,1490.0,738.0,25.8,27.7,0.9076
1,1070.0,850.0,997.0,1502.0,778.0,24.8,29.5,0.9077
1,1085.0,805.0,972.0,1528.0,718.0,25.3,36.3,1.1513
1,1066.0,787.0,986.0,1552.0,689.0,23.9,40.4,1.1787
1,1094.0,815.0,934.0,1563.0,852.0,21.4,46.6,1.1764
1,1110.0,814.0,948.0,1571.0,854.0,20.5,49.3,1.173
2,968.0,719.0,1081.0,1388.0,664.0,19.2,42.3,0.9339
2,906.0,714.0,1163.0,1351.0,544.0,19.2,37.9,0.8352
2,849.0,615.0,1285.0,1276.0,461.0,17.2,43.1,0.8394
2,774.0,500.0,1536.0,1169.0,352.0,15.8,45.2,0.8052
2,746.0,450.0,1807.0,1111.0,308.0,15.7,42.3,0.7464
2,753.0,437.0,1904.0,1110.0,301.0,16.3,41.0,0.7513
2,749.0,466.0,1803.0,1089.0,307.0,16.1,36.5,0.664
2,864.0,642.0,1288.0,1255.0,441.0,16.5,36.2,0.6752
2,1002.0,893.0,1010.0,1394.0,775.0,17.5,30.9,0.6111
2,970.0,966.0,944.0,1379.0,907.0,18.4,24.0,0.5046
2,898.0,853.0,1066.0,1271.0,763.0,19.2,23.8,0.5235
2,847.0,800.0,1155.0,1179.0,649.0,21.7,18.1,0.4642
2,847.0,788.0,1203.0,1162.0,598.0,22.3,17.0,0.4513
2,871.0,848.0,1139.0,1208.0,579.0,22.8,16.1,0.4404
2,869.0,866.0,1107.0,1212.0,596.0,23.8,14.5,0.4222
2,875.0,854.0,1160.0,1200.0,595.0,25.1,13.1,0.4129
2,895.0,878.0,1122.0,1238.0,607.0,25.8,12.9,0.4219
1,926.0,885.0,1101.0,1259.0,662.0,25.5,14.0,0.4495
1,996.0,1048.0,959.0,1397.0,822.0,24.5,15.4,0.4663
1,997.0,1100.0,896.0,1392.0,987.0,22.6,17.2,0.4656
1,1006.0,1048.0,925.0,1416.0,966.0,21.2,18.9,0.471
2,895.0,845.0,1072.0,1241.0,763.0,19.1,22.8,0.501
2,862.0,751.0,1154.0,1213.0,617.0,18.4,24.6,0.5169
2,858.0,756.0,1159.0,1209.0,564.0,17.3,25.6,0.5032
2,853.0,762.0,1134.0,1184.0,646.0,16.5,24.9,0.4642
2,859.0,727.0,1120.0,1187.0,753.0,16.7,28.3,0.5316
2,837.0,634.0,1200.0,1150.0,669.0,15.5,32.2,0.5641
2,746.0,493.0,1522.0,1063.0,435.0,17.5,29.1,0.5773
2,752.0,515.0,1472.0,1068.0,436.0,13.3,35.6,0.5393
2,742.0,489.0,1559.0,1048.0,403.0,14.0,33.7,0.5355
2,774.0,560.0,1386.0,1107.0,532.0,11.6,40.0,0.5462
2,798.0,630.0,1291.0,1125.0,536.0,13.4,34.5,0.5272
2,1002.0,932.0,949.0,1405.0,917.0,15.2,31.0,0.5329
0,1210.0,1356.0,657.0,1786.0,1481.0,16.3,27.5,0.5066
1,1058.0,1158.0,820.0,1459.0,1187.0,19.2,20.0,0.439
1,1106.0,1118.0,885.0,1451.0,1220.0,24.9,13.0,0.4038
1,1153.0,1253.0,815.0,1541.0,1381.0,28.3,9.9,0.3754
1,1047.0,1101.0,913.0,1391.0,1103.0,29.2,9.8,0.3914
1,1091.0,1172.0,874.0,1459.0,1105.0,31.6,9.2,0.419
1,1162.0,1253.0,796.0,1595.0,1248.0,32.6,9.3,0.4499
1,1059.0,1070.0,925.0,1401.0,976.0,32.6,9.2,0.4463
1,1083.0,1051.0,939.0,1390.0,898.0,32.3,10.0,0.4747
1,1150.0,1161.0,867.0,1512.0,1038.0,32.1,10.7,0.4996
0,1321.0,1426.0,720.0,1859.0,1395.0,29.7,12.2,0.5007
0,1303.0,1776.0,946.0,1467.0,1608.0,20.4,35.7,0.844
1,1137.0,1146.0,1144.0,1392.0,1327.0,26.1,23.8,0.7938
1,1139.0,1109.0,1118.0,1436.0,1292.0,28.8,21.1,0.8193
1,1099.0,1059.0,1156.0,1416.0,1114.0,29.6,19.4,0.7897
1,1088.0,1116.0,1128.0,1449.0,1060.0,31.6,16.4,0.7489
1,1027.0,1041.0,1237.0,1345.0,915.0,32.3,13.3,0.6303
1,1014.0,1049.0,1200.0,1366.0,893.0,31.8,13.5,0.6249
1,969.0,968.0,1276.0,1325.0,768.0,31.8,13.8,0.6394
1,1120.0,1238.0,1023.0,1591.0,1126.0,31.0,15.9,0.7039
1,1131.0,1368.0,933.0,1707.0,1284.0,28.6,18.7,0.7216
1,1130.0,1368.0,933.0,1709.0,1269.0,26.7,19.5,0.6754
1,1123.0,1304.0,939.0,1720.0,1290.0,25.0,24.4,0.7616
1,1069.0,1086.0,1064.0,1536.0,1119.0,22.8,28.4,0.7804
1,1021.0,1010.0,1116.0,1480.0,1027.0,21.7,29.2,0.7458
1,1101.0,1093.0,1012.0,1564.0,1155.0,21.1,30.9,0.7617
1,1026.0,960.0,1072.0,1471.0,1078.0,19.9,36.3,0.8349
2,949.0,841.0,1155.0,1393.0,954.0,18.6,39.3,0.8355
2,846.0,687.0,1295.0,1288.0,726.0,18.6,38.8,0.8228
2,811.0,606.0,1417.0,1248.0,656.0,19.0,38.9,0.8468
2,803.0,586.0,1442.0,1232.0,573.0,18.0,40.9,0.8394
2,882.0,715.0,1246.0,1367.0,780.0,15.5,48.6,0.8505
2,963.0,836.0,1085.0,1429.0,920.0,16.0,47.9,0.8659
0,1413.0,1424.0,739.0,2102.0,1544.0,17.0,46.0,0.883
0,1485.0,1650.0,632.0,2337.0,1789.0,19.0,41.6,0.9039
0,1354.0,1418.0,749.0,2043.0,1629.0,21.8,35.0,0.9002
1,1074.0,939.0,1071.0,1513.0,997.0,25.6,28.0,0.9088
1,1022.0,914.0,1132.0,1446.0,847.0,26.4,23.1,0.7853
1,1100.0,1034.0,995.0,1586.0,958.0,27.1,24.2,0.856
1,1073.0,1052.0,1009.0,1574.0,854.0,27.5,20.9,0.7565
1,1049.0,983.0,1071.0,1515.0,782.0,29.5,19.7,0.8015
1,1086.0,1048.0,1016.0,1580.0,888.0,30.6,18.6,0.8014
1,1059.0,1027.0,1066.0,1521.0,764.0,31.3,15.8,0.7106
1,1244.0,1301.0,842.0,1801.0,1170.0,29.4,21.0,0.8452
0,1320.0,1423.0,767.0,1986.0,1385.0,27.0,23.5,0.8256
0,1236.0,1304.0,822.0,1868.0,1237.0,25.8,26.7,0.8758
1,1136.0,1187.0,904.0,1735.0,1127.0,23.7,28.4,0.8225
1,1110.0,1093.0,961.0,1661.0,1091.0,21.3,33.0,0.8284
1,1026.0,990.0,1032.0,1553.0,972.0,20.5,35.3,0.8435
1,1038.0,961.0,1026.0,1530.0,949.0,19.4,38.1,0.8511
1,975.0,892.0,1015.0,1480.0,890.0,19.4,40.7,0.9045
2,908.0,814.0,1089.0,1403.0,763.0,17.8,44.9,0.903
2,896.0,820.0,1074.0,1439.0,833.0,16.6,49.7,0.9295
2,810.0,697.0,1221.0,1321.0,675.0,16.5,48.6,0.9028
2,789.0,638.0,1305.0,1309.0,672.0,15.2,53.6,0.919
2,814.0,678.0,1276.0,1339.0,626.0,15.5,51.7,0.9019
2,958.0,907.0,992.0,1536.0,882.0,14.9,54.8,0.9247
0,1213.0,1274.0,762.0,1914.0,1264.0,16.3,51.3,0.9416
0,1221.0,1367.0,722.0,2008.0,1330.0,18.4,45.7,0.9559
0,1245.0,1281.0,774.0,1952.0,1324.0,20.8,43.6,1.0614
1,1050.0,963.0,998.0,1609.0,901.0,24.3,35.1,1.0477
1,1048.0,969.0,1012.0,1600.0,852.0,26.4,29.3,0.9889
1,1141.0,1128.0,902.0,1738.0,1009.0,28.3,25.0,0.9495
1,1052.0,1053.0,949.0,1641.0,831.0,28.9,23.7,0.9285
1,1152.0,1099.0,908.0,1706.0,954.0,28.5,25.8,0.9931
1,1026.0,1061.0,982.0,1564.0,814.0,29.6,18.9,0.7692
1,1039.0,1055.0,966.0,1590.0,845.0,28.0,23.2,0.8613
1,1148.0,1067.0,887.0,1790.0,956.0,23.6,41.0,1.1786
1,1176.0,1114.0,843.0,1805.0,1102.0,21.5,48.1,1.2148
1,1100.0,1028.0,900.0,1710.0,994.0,22.1,44.1,1.1573
1,1081.0,992.0,959.0,1680.0,935.0,20.2,47.2,1.1043
1,976.0,858.0,1070.0,1547.0,839.0,20.0,47.6,1.103
1,979.0,857.0,1082.0,1546.0,797.0,19.8,46.8,1.0697
1,1092.0,1024.0,937.0,1706.0,968.0,19.6,47.0,1.0606
1,1044.0,946.0,1009.0,1594.0,886.0,19.3,46.3,1.0279
2,940.0,849.0,1091.0,1509.0,764.0,18.5,48.7,1.0286
2,892.0,767.0,1180.0,1466.0,657.0,18.0,51.4,1.0504
2,838.0,675.0,1302.0,1390.0,540.0,17.9,50.8,1.0355
2,853.0,727.0,1179.0,1417.0,621.0,17.7,51.9,1.0379
2,738.0,545.0,1562.0,1266.0,450.0,17.7,49.7,0.997
2,762.0,581.0,1588.0,1277.0,434.0,17.9,46.1,0.9383
2,841.0,713.0,1293.0,1356.0,559.0,18.4,43.9,0.9192
2,843.0,712.0,1303.0,1343.0,548.0,18.9,42.1,0.9081
2,841.0,713.0,1326.0,1330.0,525.0,19.2,39.7,0.8728
2,862.0,721.0,1329.0,1335.0,522.0,20.8,36.6,0.8878
2,869.0,740.0,1296.0,1366.0,535.0,21.3,35.8,0.8975
2,894.0,810.0,1204.0,1421.0,585.0,21.8,34.9,0.9004
2,844.0,755.0,1284.0,1350.0,521.0,22.8,31.4,0.8615
2,823.0,699.0,1382.0,1311.0,493.0,22.9,31.3,0.862
2,843.0,719.0,1353.0,1330.0,501.0,22.9,30.7,0.8461
2,865.0,767.0,1279.0,1369.0,559.0,23.8,29.2,0.8499
2,873.0,792.0,1247.0,1397.0,589.0,23.2,30.2,0.8442
2,899.0,803.0,1221.0,1426.0,596.0,22.4,31.3,0.8365
1,921.0,856.0,1163.0,1437.0,681.0,21.7,32.2,0.825
1,937.0,893.0,1106.0,1463.0,783.0,20.8,33.2,0.8061
2,901.0,834.0,1177.0,1408.0,738.0,20.1,35.0,0.8149
1,955.0,918.0,1056.0,1511.0,762.0,19.5,36.9,0.8258
1,1065.0,1106.0,897.0,1707.0,929.0,19.0,38.2,0.8327
1,1035.0,1110.0,907.0,1652.0,1044.0,18.5,39.4,0.832
1,956.0,945.0,1030.0,1509.0,892.0,17.8,41.7,0.844
2,869.0,835.0,1078.0,1437.0,807.0,19.2,42.0,0.9248
2,831.0,822.0,1085.0,1418.0,710.0,17.8,44.8,0.9048
2,815.0,774.0,1113.0,1374.0,712.0,17.0,47.7,0.9185
2,781.0,661.0,1271.0,1299.0,568.0,17.2,47.2,0.9178
2,781.0,645.0,1295.0,1320.0,575.0,17.3,47.6,0.9295
2,828.0,690.0,1263.0,1353.0,658.0,18.6,44.2,0.9385
2,803.0,635.0,1417.0,1272.0,537.0,20.2,37.8,0.8837
2,811.0,653.0,1411.0,1269.0,486.0,22.0,31.9,0.8335
2,844.0,696.0,1353.0,1292.0,507.0,25.5,25.9,0.8339
2,833.0,697.0,1361.0,1294.0,496.0,27.5,22.8,0.8249
1,832.0,719.0,1318.0,1299.0,502.0,28.7,20.7,0.8024
2,771.0,626.0,1502.0,1210.0,430.0,29.1,19.6,0.7771
2,783.0,637.0,1498.0,1215.0,439.0,29.8,18.4,0.7595
1,815.0,723.0,1378.0,1256.0,471.0,32.0,15.0,0.7028
1,912.0,819.0,1224.0,1368.0,589.0,30.3,17.0,0.7232
1,894.0,774.0,1239.0,1339.0,598.0,31.7,16.2,0.745
1,963.0,885.0,1102.0,1447.0,695.0,29.2,19.6,0.7817
1,990.0,930.0,1045.0,1506.0,739.0,27.4,23.8,0.858
1,1025.0,980.0,986.0,1591.0,891.0,25.0,26.9,0.8408
1,997.0,971.0,993.0,1573.0,930.0,23.6,30.1,0.8663
1,976.0,916.0,1044.0,1515.0,880.0,22.3,33.6,0.8913
2,878.0,784.0,1181.0,1407.0,610.0,21.4,36.9,0.9271
2,836.0,728.0,1213.0,1353.0,518.0,20.6,39.9,0.9597
2,855.0,751.0,1107.0,1418.0,664.0,19.7,43.2,0.9812
2,759.0,588.0,1323.0,1286.0,515.0,19.7,42.4,0.9636
2,738.0,539.0,1421.0,1257.0,477.0,18.9,45.0,0.9703
2,736.0,528.0,1451.0,1254.0,477.0,18.7,45.4,0.9694
2,765.0,609.0,1304.0,1319.0,581.0,16.4,52.4,0.9709
2,909.0,834.0,1031.0,1527.0,763.0,16.6,52.1,0.9785
1,1108.0,1123.0,804.0,1801.0,1111.0,17.4,50.9,1.0017
0,1252.0,1369.0,681.0,2120.0,1390.0,19.3,46.0,1.0185
0,1175.0,1188.0,790.0,1901.0,1251.0,20.9,43.6,1.0683
1,1111.0,1120.0,839.0,1790.0,1141.0,25.6,33.3,1.0773
1,1044.0,1069.0,889.0,1683.0,942.0,28.9,26.0,1.0188
1,1018.0,1088.0,909.0,1677.0,795.0,30.3,22.8,0.9695
1,1060.0,1122.0,863.0,1721.0,836.0,30.9,24.4,1.0724
1,1071.0,1110.0,864.0,1733.0,847.0,30.5,26.2,1.1278
1,1006.0,1054.0,921.0,1636.0,769.0,30.7,23.4,1.015
1,1104.0,1171.0,827.0,1803.0,968.0,28.1,29.8,1.1132
0,1196.0,1336.0,739.0,1971.0,1157.0,26.9,32.2,1.1267
0,1243.0,1429.0,687.0,2093.0,1367.0,26.0,34.6,1.1485
1,1124.0,1199.0,794.0,1858.0,1101.0,24.5,37.7,1.1454
1,1020.0,1003.0,904.0,1716.0,916.0,21.7,46.9,1.2044
1,1035.0,878.0,977.0,1694.0,825.0,19.3,68.8,1.519
1,986.0,781.0,1063.0,1633.0,693.0,17.6,81.6,1.6296
1,1017.0,834.0,986.0,1676.0,734.0,17.8,80.3,1.6212
1,922.0,750.0,1085.0,1585.0,685.0,18.6,75.7,1.6074
2,830.0,644.0,1235.0,1487.0,524.0,19.6,68.4,1.5443
2,805.0,583.0,1339.0,1494.0,527.0,18.0,76.4,1.5608
2,760.0,505.0,1527.0,1413.0,452.0,17.3,77.2,1.5104
2,783.0,529.0,1437.0,1435.0,466.0,16.5,82.3,1.5318
2,854.0,613.0,1272.0,1515.0,565.0,16.8,81.3,1.5452
1,985.0,816.0,987.0,1677.0,799.0,17.3,78.6,1.5412
0,1225.0,1067.0,760.0,1922.0,1102.0,16.9,80.9,1.5472
0,1313.0,1283.0,671.0,2180.0,1299.0,17.1,79.8,1.542
0,1199.0,1156.0,758.0,1958.0,1272.0,18.5,70.3,1.4826
0,1182.0,1051.0,829.0,1870.0,1206.0,19.6,66.7,1.5023
0,1173.0,1063.0,814.0,1905.0,1218.0,20.4,63.1,1.4969
0,1259.0,1178.0,722.0,2060.0,1367.0,21.6,61.8,1.5775
0,1263.0,1171.0,759.0,2029.0,1290.0,24.0,49.3,1.4509
1,1156.0,1100.0,800.0,1884.0,1175.0,25.7,43.8,1.4262
1,1167.0,1065.0,808.0,1886.0,1139.0,24.6,47.5,1.4487
0,1278.0,1213.0,733.0,2041.0,1293.0,24.8,47.4,1.4628
0,1342.0,1351.0,657.0,2201.0,1419.0,23.7,50.5,1.4636
0,1353.0,1292.0,683.0,2178.0,1326.0,23.0,53.8,1.4968
0,1501.0,1501.0,588.0,2486.0,1517.0,21.5,65.8,1.6688
0,1355.0,1289.0,678.0,2158.0,1391.0,21.0,66.9,1.6436
0,1230.0,1169.0,737.0,2020.0,1275.0,20.6,68.1,1.6329
1,1148.0,1048.0,822.0,1883.0,1168.0,20.5,66.9,1.5914
1,1171.0,1088.0,822.0,1889.0,1132.0,20.2,65.2,1.5251
1,1021.0,949.0,927.0,1764.0,977.0,19.5,68.0,1.5269
1,964.0,877.0,958.0,1692.0,942.0,19.9,66.4,1.5203
1,887.0,758.0,1094.0,1622.0,804.0,19.1,69.0,1.5043
1,885.0,773.0,1051.0,1641.0,805.0,18.5,70.7,1.4962
2,830.0,662.0,1217.0,1556.0,704.0,18.9,67.8,1.4689
2,792.0,611.0,1280.0,1529.0,657.0,20.0,63.7,1.4742
2,813.0,639.0,1267.0,1538.0,655.0,19.8,64.7,1.4769
1,890.0,703.0,1145.0,1601.0,751.0,19.7,65.3,1.4843
1,984.0,854.0,964.0,1751.0,885.0,20.8,62.0,1.5002
1,1043.0,920.0,925.0,1777.0,955.0,22.2,56.6,1.4973
1,1054.0,936.0,915.0,1791.0,962.0,24.3,49.0,1.4724
1,1063.0,930.0,925.0,1749.0,957.0,25.0,46.5,1.4492
1,978.0,873.0,1003.0,1669.0,788.0,28.9,34.8,1.3603
1,887.0,748.0,1141.0,1560.0,596.0,29.6,33.4,1.3581
1,887.0,754.0,1164.0,1523.0,560.0,30.9,30.7,1.3493
1,977.0,850.0,1035.0,1645.0,701.0,31.8,31.0,1.4286
1,1043.0,934.0,929.0,1707.0,811.0,31.4,31.2,1.4127
1,1010.0,902.0,966.0,1676.0,724.0,28.9,35.7,1.3985
1,1094.0,996.0,876.0,1807.0,864.0,27.2,42.5,1.5135
1,1223.0,1142.0,778.0,1965.0,1084.0,26.2,46.4,1.5573
1,1109.0,1042.0,834.0,1888.0,998.0,24.5,51.0,1.5454
1,1026.0,927.0,915.0,1781.0,878.0,22.8,56.1,1.5353
1,1036.0,928.0,914.0,1787.0,909.0,21.9,60.9,1.5799
1,963.0,853.0,995.0,1732.0,789.0,21.7,61.0,1.5617
1,996.0,868.0,957.0,1741.0,857.0,20.8,64.8,1.568
1,999.0,853.0,951.0,1756.0,885.0,20.3,70.9,1.6699
1,893.0,741.0,1056.0,1664.0,743.0,18.9,79.0,1.704
2,730.0,530.0,1517.0,1362.0,445.0,18.1,64.6,1.3276
2,753.0,562.0,1420.0,1414.0,454.0,18.6,64.5,1.3655
2,825.0,663.0,1203.0,1504.0,610.0,17.6,67.4,1.346
1,1012.0,982.0,882.0,1796.0,1024.0,17.6,67.6,1.3479
0,1221.0,1293.0,688.0,2144.0,1316.0,19.0,61.7,1.3393
0,1215.0,1303.0,694.0,2180.0,1358.0,20.0,57.4,1.3268
0,1234.0,1318.0,714.0,2108.0,2202.0,22.6,45.9,1.2418
0,1138.0,1152.0,798.0,1877.0,1947.0,27.3,34.3,1.2284
1,987.0,1009.0,914.0,1697.0,1227.0,27.4,31.0,1.1184
1,980.0,1019.0,921.0,1720.0,950.0,26.2,33.6,1.1244
1,966.0,1054.0,885.0,1742.0,917.0,26.8,32.4,1.1263
1,905.0,923.0,1025.0,1582.0,707.0,28.7,27.7,1.071
1,903.0,968.0,992.0,1565.0,740.0,28.7,25.0,0.9684
1,914.0,1014.0,988.0,1597.0,775.0,29.1,22.3,0.8811
1,1050.0,1199.0,849.0,1781.0,1035.0,29.0,24.5,0.9655
1,1043.0,1139.0,876.0,1756.0,1001.0,27.2,28.3,1.0016
1,1125.0,1283.0,792.0,1899.0,1101.0,25.3,30.0,0.952
1,1058.0,1134.0,855.0,1797.0,1034.0,24.1,34.8,1.0333
1,951.0,892.0,1015.0,1611.0,786.0,23.0,43.1,1.1993
1,944.0,891.0,1016.0,1593.0,844.0,22.1,43.9,1.1521
1,959.0,892.0,996.0,1616.0,866.0,21.0,48.1,1.178
1,974.0,919.0,976.0,1638.0,909.0,20.6,49.2,1.1754
1,880.0,799.0,1097.0,1533.0,724.0,21.2,47.6,1.1799
1,853.0,740.0,1146.0,1526.0,715.0,21.0,50.1,1.2338
1,912.0,795.0,1042.0,1564.0,827.0,20.1,53.1,1.2342
2,863.0,745.0,1098.0,1496.0,786.0,19.0,54.0,1.1745
2,729.0,520.0,1570.0,1318.0,445.0,19.2,51.1,1.124
2,830.0,674.0,1246.0,1459.0,607.0,19.2,53.1,1.1662
0,1198.0,1209.0,779.0,2058.0,1213.0,20.6,49.0,1.1748
1,971.0,977.0,921.0,1667.0,910.0,21.8,41.9,1.077
1,885.0,812.0,1100.0,1495.0,675.0,22.8,37.6,1.0315
1,862.0,798.0,1148.0,1456.0,582.0,24.8,31.3,0.9646
1,892.0,853.0,1080.0,1509.0,666.0,26.0,29.4,0.976
1,933.0,960.0,994.0,1577.0,726.0,27.0,27.8,0.9731
1,975.0,1017.0,930.0,1668.0,801.0,27.0,29.3,1.0277
1,927.0,905.0,1016.0,1554.0,711.0,27.0,29.6,1.0419
1,993.0,985.0,950.0,1680.0,790.0,25.8,32.6,1.072
1,1053.0,1093.0,873.0,1749.0,924.0,26.2,32.6,1.0892
1,1116.0,1198.0,811.0,1863.0,1045.0,28.3,27.5,1.0418
1,1097.0,1206.0,813.0,1867.0,1088.0,26.5,29.7,1.0123
1,1116.0,1226.0,792.0,1938.0,1038.0,25.7,31.8,1.0317
1,1057.0,1087.0,871.0,1769.0,981.0,24.4,35.2,1.0632
1,973.0,949.0,987.0,1615.0,820.0,23.5,36.9,1.0518
1,1016.0,977.0,951.0,1652.0,948.0,22.4,41.0,1.1006
1,1120.0,1088.0,849.0,1785.0,1067.0,21.7,44.7,1.1451
1,1076.0,1080.0,846.0,1787.0,1070.0,21.1,48.1,1.1864
1,937.0,890.0,970.0,1625.0,877.0,20.7,50.0,1.203
1,980.0,948.0,888.0,1702.0,1028.0,19.8,53.1,1.2093
1,937.0,853.0,962.0,1604.0,969.0,19.8,53.6,1.2214
1,852.0,739.0,1095.0,1525.0,837.0,19.6,54.8,1.236
1,858.0,757.0,1066.0,1542.0,904.0,19.3,57.3,1.265
1,963.0,894.0,942.0,1702.0,1065.0,19.7,58.4,1.3254
1,966.0,874.0,969.0,1682.0,999.0,19.8,59.4,1.3554
1,983.0,901.0,954.0,1691.0,986.0,20.9,54.8,1.3387
1,990.0,881.0,985.0,1685.0,874.0,22.4,47.9,1.2817
1,891.0,780.0,1110.0,1543.0,689.0,24.1,41.3,1.2202
1,883.0,778.0,1130.0,1545.0,608.0,25.9,36.9,1.2133
1,914.0,900.0,1010.0,1596.0,706.0,30.7,26.0,1.1287
1,896.0,917.0,1017.0,1577.0,704.0,30.3,25.2,1.0652
1,841.0,811.0,1135.0,1463.0,609.0,30.1,25.4,1.0641
1,926.0,868.0,1048.0,1599.0,687.0,27.6,35.1,1.2764
1,1133.0,984.0,838.0,1897.0,976.0,26.6,47.6,1.6315
1,1042.0,939.0,917.0,1744.0,860.0,30.4,31.3,1.3331
1,1124.0,1118.0,793.0,1915.0,1021.0,27.8,35.0,1.282
1,1157.0,1183.0,738.0,1970.0,1079.0,26.6,37.9,1.2994
1,989.0,906.0,954.0,1681.0,826.0,23.4,44.4,1.2646
1,841.0,699.0,1123.0,1508.0,558.0,23.0,51.1,1.4175
1,916.0,791.0,1007.0,1588.0,679.0,22.1,53.5,1.4087
1,1008.0,900.0,907.0,1681.0,850.0,21.6,53.6,1.3674
1,895.0,792.0,975.0,1574.0,733.0,21.9,52.7,1.365
1,810.0,702.0,1093.0,1529.0,612.0,21.3,54.9,1.3707
1,968.0,840.0,891.0,1727.0,788.0,17.5,79.1,1.5709
1,922.0,859.0,871.0,1739.0,728.0,17.6,78.6,1.5722
1,892.0,773.0,926.0,1660.0,724.0,17.1,81.8,1.5816
2,806.0,615.0,1172.0,1525.0,543.0,16.6,80.2,1.5002
2,827.0,659.0,1115.0,1552.0,616.0,16.8,77.4,1.4739
1,881.0,776.0,1037.0,1623.0,677.0,18.3,66.5,1.381
1,877.0,808.0,1011.0,1614.0,723.0,20.4,55.8,1.3196
2,784.0,638.0,1314.0,1412.0,529.0,21.6,45.3,1.1533
2,806.0,675.0,1270.0,1414.0,528.0,23.1,39.4,1.0983
2,775.0,653.0,1349.0,1365.0,491.0,25.4,31.6,1.0058
1,773.0,676.0,1331.0,1374.0,489.0,26.6,29.0,0.9928
2,734.0,603.0,1471.0,1303.0,450.0,25.9,28.8,0.9475
2,757.0,635.0,1445.0,1345.0,451.0,27.0,28.0,0.981
2,817.0,688.0,1299.0,1435.0,512.0,23.6,38.1,1.0917
1,815.0,720.0,1225.0,1418.0,525.0,25.9,32.0,1.0529
1,844.0,757.0,1186.0,1445.0,556.0,26.3,31.5,1.0643
1,880.0,807.0,1123.0,1510.0,599.0,23.9,36.8,1.0774
1,906.0,838.0,1084.0,1547.0,694.0,23.7,36.8,1.0609
1,904.0,882.0,1048.0,1549.0,744.0,22.5,37.8,1.0157
1,877.0,858.0,1080.0,1535.0,724.0,21.8,39.2,1.0115
1,918.0,879.0,1030.0,1569.0,804.0,20.9,42.6,1.04
1,930.0,914.0,991.0,1631.0,862.0,20.0,45.6,1.0555
1,870.0,858.0,1061.0,1557.0,811.0,19.3,47.9,1.059
2,793.0,703.0,1222.0,1439.0,627.0,18.7,49.0,1.0462
2,760.0,626.0,1263.0,1386.0,575.0,17.8,54.1,1.0938
2,733.0,588.0,1281.0,1394.0,589.0,18.6,52.7,1.1206
2,726.0,591.0,1263.0,1386.0,579.0,17.2,57.9,1.127
2,732.0,613.0,1273.0,1413.0,605.0,18.2,54.1,1.1155
1,933.0,962.0,867.0,1705.0,974.0,17.3,57.6,1.1289
1,1061.0,1162.0,777.0,1898.0,1132.0,19.9,49.4,1.1354
0,1201.0,1428.0,664.0,2249.0,1378.0,21.7,44.2,1.1321
1,1065.0,1151.0,801.0,1894.0,1160.0,23.5,40.0,1.1386
1,1075.0,1222.0,774.0,1943.0,1213.0,28.4,29.7,1.1345
1,998.0,1119.0,832.0,1780.0,1057.0,31.6,24.1,1.0994
1,922.0,1042.0,887.0,1744.0,832.0,31.3,24.1,1.0816
1,1023.0,1147.0,829.0,1842.0,983.0,34.4,20.4,1.0857
1,1039.0,1180.0,833.0,1815.0,1047.0,33.7,21.3,1.0988
1,1054.0,1195.0,815.0,1848.0,1078.0,35.9,18.9,1.0999
1,1022.0,1155.0,871.0,1840.0,979.0,34.3,19.4,1.0279
1,1082.0,1266.0,788.0,1910.0,1139.0,33.5,19.9,1.0112
1,1056.0,1268.0,786.0,1896.0,1111.0,30.5,24.2,1.0386
0,1243.0,1524.0,647.0,2281.0,1470.0,30.3,26.2,1.1161
1,1029.0,1097.0,825.0,1827.0,980.0,27.0,36.7,1.2898
1,1004.0,1011.0,867.0,1754.0,893.0,24.6,41.9,1.2752
1,979.0,937.0,919.0,1683.0,858.0,23.3,44.5,1.2566
1,972.0,919.0,934.0,1668.0,904.0,22.4,46.9,1.2544
1,942.0,846.0,980.0,1615.0,905.0,21.7,50.8,1.3019
1,825.0,720.0,1129.0,1511.0,678.0,21.0,51.9,1.2794
2,780.0,621.0,1277.0,1452.0,586.0,20.5,54.3,1.2926
2,746.0,565.0,1369.0,1423.0,608.0,20.9,52.5,1.2852
2,734.0,538.0,1449.0,1400.0,514.0,21.0,53.1,1.3031
2,785.0,640.0,1265.0,1467.0,588.0,19.6,57.1,1.2851
1,946.0,931.0,917.0,1745.0,884.0,18.2,62.3,1.2903
0,1201.0,1279.0,683.0,2144.0,1338.0,19.5,57.7,1.2966
0,1377.0,1688.0,525.0,2746.0,1708.0,21.6,51.7,1.313
0,1346.0,1481.0,602.0,2367.0,1681.0,23.9,44.4,1.3029
0,1230.0,1268.0,698.0,2049.0,1509.0,28.1,35.2,1.312
1,1160.0,1208.0,728.0,1925.0,1330.0,31.4,28.6,1.298
1,1146.0,1171.0,761.0,1902.0,1138.0,33.7,25.5,1.3095
1,1078.0,1121.0,818.0,1806.0,963.0,35.9,20.8,1.2103
1,1111.0,1194.0,794.0,1875.0,1015.0,37.5,18.1,1.1529
1,1083.0,1141.0,825.0,1793.0,1008.0,37.7,17.7,1.1383
1,1056.0,1083.0,865.0,1723.0,898.0,37.8,17.4,1.1219
1,1220.0,1334.0,695.0,2066.0,1215.0,36.6,20.6,1.2445
0,1268.0,1393.0,650.0,2144.0,1334.0,32.5,26.0,1.2502
0,1256.0,1430.0,660.0,2151.0,1380.0,30.8,27.2,1.1832
0,1213.0,1341.0,683.0,2090.0,1601.0,28.8,30.2,1.1761
1,1145.0,1170.0,751.0,1894.0,1376.0,26.7,35.4,1.2233
1,1050.0,1011.0,836.0,1739.0,1161.0,25.3,40.7,1.291
1,972.0,902.0,933.0,1647.0,878.0,24.9,41.2,1.2809
1,1020.0,984.0,853.0,1753.0,1031.0,23.7,45.1,1.3033
1,934.0,878.0,940.0,1644.0,847.0,22.5,49.0,1.3151
1,914.0,801.0,965.0,1609.0,908.0,22.3,50.6,1.3486
1,824.0,698.0,1107.0,1517.0,733.0,22.0,50.5,1.3199
1,817.0,672.0,1113.0,1501.0,751.0,20.8,54.4,1.3229
1,833.0,708.0,1084.0,1525.0,799.0,20.3,56.0,1.3204
1,935.0,905.0,899.0,1675.0,954.0,20.5,54.8,1.3073
0,1297.0,1359.0,630.0,2214.0,1425.0,21.7,50.6,1.2981
0,1496.0,1705.0,507.0,2691.0,2147.0,23.4,46.1,1.3091
0,1201.0,1224.0,701.0,1987.0,1532.0,25.1,43.0,1.3488
0,1267.0,1276.0,676.0,2059.0,1570.0,30.1,32.8,1.3795
1,1224.0,1228.0,711.0,1972.0,1380.0,34.7,25.9,1.4069
1,1247.0,1257.0,701.0,2000.0,1337.0,37.2,23.2,1.4478
1,1183.0,1241.0,721.0,1937.0,1308.0,39.5,18.3,1.2917
1,1078.0,1116.0,815.0,1761.0,1013.0,40.6,15.3,1.1485
1,1076.0,1012.0,894.0,1665.0,816.0,40.3,16.1,1.1896
1,1052.0,1019.0,896.0,1610.0,836.0,40.3,14.2,1.0494
1,1287.0,1340.0,699.0,2008.0,1267.0,39.6,16.7,1.1867
0,1460.0,1493.0,586.0,2288.0,1649.0,37.3,23.4,1.4672
0,1357.0,1445.0,620.0,2195.0,1622.0,33.7,27.7,1.4213
0,1234.0,1257.0,695.0,2019.0,1349.0,30.7,32.2,1.3983
1,1151.0,1154.0,747.0,1894.0,1186.0,28.4,35.7,1.3549
1,1065.0,1038.0,805.0,1763.0,1026.0,26.5,38.6,1.3154
1,984.0,929.0,917.0,1654.0,817.0,25.4,40.1,1.2822
1,938.0,881.0,956.0,1607.0,662.0,24.1,43.3,1.2839
1,878.0,774.0,1065.0,1527.0,552.0,23.9,45.6,1.3328
1,919.0,807.0,967.0,1598.0,775.0,22.0,52.8,1.3752
1,836.0,709.0,1085.0,1498.0,646.0,20.7,56.1,1.3565
2,814.0,673.0,1138.0,1488.0,647.0,20.1,57.3,1.3352
1,872.0,782.0,1001.0,1607.0,874.0,19.5,59.4,1.3328
1,949.0,929.0,887.0,1711.0,973.0,20.0,56.6,1.3095
0,1227.0,1292.0,661.0,2087.0,1327.0,21.7,53.9,1.3848
0,1360.0,1561.0,545.0,2525.0,1626.0,23.7,49.0,1.4152
0,1318.0,1420.0,586.0,2316.0,1640.0,25.9,44.3,1.4544
1,1196.0,1208.0,705.0,1981.0,1341.0,30.1,34.3,1.4414
1,1152.0,1102.0,770.0,1868.0,1113.0,33.5,27.2,1.3859
1,1220.0,1157.0,715.0,1935.0,1224.0,35.4,26.1,1.4806
1,1182.0,1120.0,735.0,1893.0,1095.0,37.9,23.2,1.502
1,1167.0,1210.0,719.0,1944.0,1152.0,39.7,18.7,1.3306
1,1142.0,1109.0,782.0,1789.0,1047.0,40.4,17.2,1.2774
1,1157.0,1105.0,779.0,1792.0,982.0,40.0,18.8,1.363
1,1274.0,1329.0,670.0,2054.0,1320.0,38.9,18.8,1.29
0,1372.0,1451.0,631.0,2183.0,1541.0,35.8,22.1,1.2792
0,1373.0,1440.0,635.0,2183.0,1510.0,33.1,25.9,1.2923
0,1290.0,1393.0,655.0,2146.0,1511.0,30.9,28.2,1.2388
1,1056.0,1051.0,826.0,1758.0,1078.0,27.5,32.6,1.176
1,1116.0,1123.0,768.0,1826.0,1235.0,26.3,34.3,1.1605
1,1106.0,1122.0,783.0,1813.0,1202.0,25.5,34.1,1.0968
1,1018.0,992.0,839.0,1710.0,1103.0,24.7,39.3,1.2065
1,919.0,880.0,915.0,1628.0,1013.0,24.2,39.5,1.1764
1,807.0,681.0,1092.0,1435.0,765.0,24.8,37.8,1.1639
2,787.0,620.0,1176.0,1403.0,618.0,22.7,43.8,1.1952
2,789.0,623.0,1146.0,1407.0,663.0,22.0,44.3,1.1553
2,825.0,709.0,1050.0,1491.0,813.0,19.3,51.4,1.1364
1,912.0,858.0,923.0,1608.0,894.0,19.8,50.4,1.1525
0,1339.0,1425.0,595.0,2264.0,1495.0,20.5,48.2,1.1474
0,1355.0,1526.0,567.0,2397.0,1658.0,22.8,42.7,1.1667
0,1250.0,1336.0,632.0,2104.0,1506.0,25.6,35.8,1.1548
1,1105.0,1079.0,788.0,1774.0,1168.0,30.0,27.5,1.1509
1,1076.0,1055.0,817.0,1734.0,993.0,34.4,21.0,1.1248
1,1096.0,1087.0,801.0,1759.0,910.0,35.9,19.6,1.1422
1,1093.0,1094.0,797.0,1769.0,912.0,37.2,18.2,1.1389
1,1027.0,1066.0,837.0,1689.0,814.0,37.3,16.6,1.0435
1,1026.0,1085.0,848.0,1654.0,1341.0,37.4,14.9,0.9413
1,1015.0,1062.0,877.0,1668.0,847.0,36.4,15.1,0.9005
1,1028.0,1155.0,832.0,1691.0,925.0,35.4,14.7,0.8323
1,1074.0,1270.0,776.0,1833.0,1087.0,34.2,14.2,0.7502
1,1124.0,1289.0,765.0,1863.0,1132.0,31.1,18.7,0.8302
1,1111.0,1256.0,765.0,1851.0,1197.0,29.1,22.0,0.8702
1,1062.0,1183.0,794.0,1731.0,1229.0,27.2,22.5,0.7962
1,1072.0,1148.0,805.0,1683.0,1171.0,25.3,24.6,0.7796
1,936.0,871.0,990.0,1430.0,921.0,24.9,27.2,0.8429
1,988.0,937.0,894.0,1543.0,1008.0,23.5,32.2,0.922
1,924.0,839.0,957.0,1453.0,849.0,23.5,32.7,0.9349
1,839.0,725.0,1052.0,1368.0,668.0,24.1,32.0,0.9467
2,826.0,666.0,1109.0,1349.0,641.0,22.6,34.8,0.9441
2,853.0,716.0,1047.0,1414.0,707.0,20.8,40.2,0.9725
1,918.0,810.0,936.0,1524.0,939.0,18.8,46.6,1.0027
1,890.0,791.0,950.0,1489.0,886.0,19.8,46.0,1.0524
1,865.0,752.0,996.0,1451.0,837.0,21.3,42.3,1.0625
1,1003.0,937.0,850.0,1622.0,1005.0,21.3,41.8,1.0449
1,1123.0,1088.0,746.0,1789.0,1191.0,24.0,36.6,1.0772
1,1146.0,1119.0,746.0,1823.0,1200.0,27.2,30.7,1.0884
1,1110.0,1021.0,820.0,1724.0,971.0,32.3,23.6,1.1271
1,1126.0,979.0,849.0,1700.0,907.0,31.9,25.8,1.2023
1,1067.0,962.0,860.0,1658.0,802.0,35.1,21.8,1.2093
1,1008.0,866.0,937.0,1573.0,695.0,36.0,20.5,1.1995
1,1062.0,924.0,892.0,1683.0,777.0,37.0,20.1,1.2423
1,1082.0,939.0,869.0,1678.0,818.0,36.4,21.0,1.2515
1,1042.0,897.0,901.0,1605.0,681.0,35.2,22.6,1.267
1,1022.0,823.0,964.0,1599.0,631.0,32.5,27.6,1.3229
1,1024.0,828.0,936.0,1601.0,641.0,29.1,35.1,1.3919
1,1048.0,828.0,922.0,1618.0,683.0,26.9,39.7,1.3898
1,1153.0,1022.0,765.0,1806.0,1013.0,26.1,42.2,1.4039
1,1195.0,1077.0,731.0,1860.0,1151.0,25.5,43.8,1.4095
1,1245.0,1091.0,734.0,1870.0,1134.0,24.9,45.6,1.4135
1,1086.0,946.0,847.0,1729.0,945.0,25.2,45.2,1.4262
1,972.0,804.0,955.0,1620.0,734.0,25.4,45.5,1.457
1,880.0,677.0,1109.0,1500.0,554.0,26.2,43.6,1.4599
1,906.0,719.0,1050.0,1561.0,612.0,24.3,48.2,1.4476
1,879.0,658.0,1121.0,1511.0,564.0,24.4,48.3,1.4499
1,842.0,597.0,1237.0,1444.0,512.0,23.3,51.0,1.4346
2,797.0,543.0,1466.0,1347.0,410.0,21.6,48.1,1.2259
2,796.0,526.0,1534.0,1322.0,392.0,21.4,47.8,1.2005
2,767.0,520.0,1526.0,1287.0,377.0,20.5,46.8,1.1152
2,784.0,562.0,1460.0,1286.0,389.0,20.8,40.7,0.9882
2,811.0,622.0,1315.0,1307.0,432.0,22.3,35.3,0.9371
2,838.0,620.0,1292.0,1325.0,502.0,21.7,38.3,0.9842
2,821.0,632.0,1295.0,1302.0,469.0,24.4,29.6,0.8921
2,793.0,579.0,1380.0,1303.0,427.0,23.4,34.9,0.991
2,794.0,567.0,1426.0,1306.0,406.0,23.5,35.2,1.0019
2,821.0,614.0,1309.0,1350.0,430.0,22.4,39.0,1.04
2,849.0,628.0,1274.0,1379.0,453.0,22.0,41.7,1.0865
2,852.0,651.0,1246.0,1387.0,470.0,21.7,42.7,1.0949
2,847.0,645.0,1245.0,1364.0,480.0,20.7,43.4,1.047
2,849.0,682.0,1215.0,1378.0,472.0,20.3,42.6,1.0045
2,865.0,687.0,1191.0,1388.0,521.0,20.3,44.1,1.0392
2,848.0,689.0,1180.0,1403.0,520.0,20.1,45.2,1.0538
2,807.0,606.0,1340.0,1337.0,440.0,19.8,45.7,1.0424
2,814.0,627.0,1305.0,1351.0,446.0,19.6,45.3,1.0244
2,785.0,582.0,1377.0,1311.0,417.0,19.4,45.9,1.0242
2,748.0,515.0,1580.0,1261.0,381.0,19.7,44.8,1.0172
2,716.0,461.0,1795.0,1235.0,350.0,19.5,46.3,1.0363
2,708.0,437.0,1941.0,1227.0,334.0,19.0,49.0,1.063
2,724.0,448.0,1917.0,1256.0,346.0,19.1,50.7,1.109
2,748.0,477.0,1703.0,1301.0,380.0,19.1,52.7,1.1545
2,888.0,683.0,1196.0,1483.0,563.0,20.3,49.3,1.1596
1,973.0,858.0,941.0,1584.0,779.0,21.1,46.2,1.1389
1,993.0,927.0,886.0,1665.0,842.0,21.5,44.5,1.129
1,929.0,825.0,992.0,1561.0,692.0,22.4,43.6,1.1637
1,962.0,858.0,941.0,1613.0,779.0,24.8,39.1,1.2039
1,906.0,786.0,1026.0,1538.0,633.0,23.9,42.1,1.2335
1,915.0,776.0,1029.0,1544.0,616.0,25.5,38.3,1.2328
1,928.0,787.0,1012.0,1585.0,606.0,25.4,39.2,1.2534
1,855.0,698.0,1134.0,1449.0,526.0,25.6,37.0,1.2006
1,920.0,783.0,1046.0,1550.0,588.0,24.5,38.4,1.1669
1,917.0,842.0,985.0,1563.0,674.0,23.9,39.9,1.1639
1,1072.0,1057.0,812.0,1820.0,885.0,24.2,39.2,1.1665
1,1000.0,985.0,846.0,1726.0,879.0,23.5,41.2,1.1759
1,914.0,845.0,972.0,1583.0,703.0,22.3,44.9,1.1973
1,888.0,799.0,1023.0,1531.0,637.0,21.7,46.5,1.1917
1,851.0,718.0,1134.0,1471.0,561.0,22.0,44.9,1.1699
1,870.0,749.0,1096.0,1487.0,612.0,22.2,44.1,1.1654
1,883.0,773.0,1062.0,1514.0,621.0,21.8,45.6,1.1763
1,886.0,767.0,1055.0,1532.0,702.0,21.6,46.0,1.1742
2,792.0,637.0,1249.0,1400.0,559.0,21.6,45.8,1.1715
2,754.0,535.0,1490.0,1335.0,435.0,20.7,48.3,1.168
2,732.0,503.0,1525.0,1321.0,441.0,21.0,47.1,1.1546
2,770.0,586.0,1326.0,1392.0,527.0,20.8,48.5,1.18
2,797.0,654.0,1097.0,1450.0,720.0,20.8,49.4,1.1994
1,915.0,877.0,897.0,1651.0,937.0,19.9,51.8,1.1911
0,1287.0,1423.0,610.0,2319.0,1482.0,20.9,49.3,1.2049
0,1195.0,1424.0,609.0,2244.0,1489.0,23.7,39.9,1.1508
1,1003.0,1009.0,823.0,1710.0,1015.0,25.3,35.8,1.1421
1,1037.0,1046.0,838.0,1763.0,1004.0,28.8,29.1,1.1349
1,1114.0,1181.0,747.0,1928.0,1129.0,30.3,26.9,1.1399
1,1085.0,1171.0,767.0,1863.0,1068.0,32.8,23.3,1.138
1,1024.0,1087.0,824.0,1745.0,924.0,33.9,21.4,1.1135
1,1017.0,1057.0,859.0,1698.0,861.0,35.3,19.6,1.1036
1,1053.0,1173.0,785.0,1808.0,981.0,34.0,20.8,1.0898
1,1065.0,1198.0,766.0,1852.0,1043.0,35.3,18.8,1.0572
1,1136.0,1250.0,722.0,1940.0,1124.0,32.6,24.1,1.1688
1,1100.0,1202.0,732.0,1856.0,1004.0,30.8,28.7,1.2507
1,1143.0,1319.0,673.0,2001.0,1190.0,28.7,31.2,1.2099
1,1083.0,1157.0,742.0,1884.0,1072.0,26.8,35.1,1.2201
1,1009.0,1034.0,806.0,1763.0,925.0,25.3,39.4,1.2524
1,969.0,983.0,853.0,1680.0,862.0,23.9,40.9,1.1966
1,1029.0,993.0,816.0,1728.0,969.0,23.0,44.4,1.2354
1,1064.0,956.0,812.0,1770.0,932.0,22.2,53.9,1.4237
1,986.0,853.0,865.0,1645.0,794.0,20.9,59.8,1.4659
1,872.0,709.0,1034.0,1522.0,599.0,21.3,58.1,1.457
1,840.0,654.0,1124.0,1489.0,614.0,20.8,58.4,1.4189
2,812.0,626.0,1134.0,1471.0,625.0,20.3,58.9,1.3878
2,810.0,612.0,1163.0,1462.0,595.0,21.3,54.5,1.3682
1,936.0,849.0,882.0,1640.0,886.0,20.6,57.4,1.3753
0,1244.0,1265.0,640.0,2084.0,1257.0,21.3,56.9,1.4226
0,1440.0,1556.0,517.0,2530.0,1561.0,22.9,52.4,1.4442
1,1180.0,1145.0,713.0,1929.0,1191.0,24.1,46.5,1.3802
1,1126.0,1058.0,765.0,1879.0,1061.0,27.1,38.8,1.3705
1,1005.0,910.0,881.0,1670.0,751.0,28.4,34.4,1.314
1,1032.0,940.0,862.0,1703.0,733.0,30.1,30.9,1.2958
1,1087.0,1106.0,755.0,1839.0,906.0,32.7,25.8,1.2547
1,1090.0,1119.0,756.0,1811.0,902.0,32.4,25.7,1.2271
1,1072.0,1050.0,802.0,1748.0,836.0,33.6,24.4,1.2472
1,1101.0,1057.0,797.0,1772.0,863.0,33.0,26.0,1.2877
1,1111.0,1086.0,787.0,1802.0,824.0,33.2,23.7,1.1855
1,1048.0,1070.0,807.0,1737.0,842.0,31.3,25.4,1.1415
1,1197.0,1249.0,698.0,1986.0,1132.0,28.3,31.7,1.1968
1,1173.0,1217.0,695.0,1930.0,1175.0,26.5,35.0,1.1981
1,1075.0,1079.0,764.0,1798.0,1111.0,24.4,40.0,1.2079
1,1067.0,1106.0,745.0,1840.0,1125.0,23.3,43.4,1.2251
1,1060.0,1099.0,742.0,1838.0,1077.0,22.5,45.3,1.2226
1,1081.0,1099.0,749.0,1854.0,1087.0,21.8,47.8,1.2325
1,1017.0,975.0,822.0,1722.0,1014.0,20.9,51.0,1.2446
1,836.0,734.0,1035.0,1501.0,801.0,20.8,51.7,1.2572
1,831.0,727.0,1038.0,1522.0,802.0,19.3,57.1,1.2661
2,804.0,668.0,1102.0,1479.0,753.0,18.8,58.6,1.2581
2,798.0,677.0,1092.0,1473.0,696.0,20.2,53.8,1.2569
1,966.0,951.0,812.0,1735.0,996.0,18.3,60.8,1.2635
0,1277.0,1388.0,611.0,2241.0,1513.0,20.2,54.5,1.2777
0,1335.0,1496.0,562.0,2385.0,1598.0,21.9,49.9,1.2957
0,1297.0,1353.0,588.0,2128.0,1690.0,25.2,43.0,1.3548
1,1041.0,979.0,837.0,1705.0,1053.0,28.0,36.6,1.3603
1,1027.0,936.0,867.0,1696.0,931.0,27.1,38.3,1.3548
1,1037.0,969.0,841.0,1728.0,865.0,27.4,37.0,1.3319
1,1014.0,954.0,865.0,1697.0,818.0,29.4,32.9,1.3244
1,1007.0,971.0,866.0,1682.0,802.0,31.3,28.7,1.2885
1,998.0,958.0,881.0,1657.0,778.0,31.5,28.7,1.3058
1,1014.0,958.0,878.0,1684.0,767.0,30.9,30.3,1.3306
1,1157.0,1160.0,738.0,1936.0,1000.0,31.4,30.3,1.3689
1,1225.0,1281.0,683.0,2082.0,1143.0,30.7,31.4,1.3686
1,1131.0,1194.0,726.0,1907.0,1009.0,29.0,33.4,1.3169
1,1111.0,1126.0,754.0,1883.0,1076.0,27.3,37.5,1.342
1,976.0,909.0,878.0,1675.0,830.0,25.8,40.9,1.3389
1,1016.0,929.0,868.0,1724.0,853.0,25.2,43.0,1.358
0,1177.0,1156.0,684.0,1983.0,1310.0,24.6,45.8,1.394
1,1013.0,999.0,791.0,1751.0,1119.0,24.0,47.3,1.3914
1,886.0,813.0,936.0,1592.0,918.0,23.5,48.3,1.3777
1,791.0,658.0,1140.0,1467.0,609.0,24.0,45.8,1.3467
2,762.0,618.0,1214.0,1431.0,516.0,22.2,50.7,1.3405
2,740.0,568.0,1259.0,1404.0,510.0,22.8,48.1,1.3184
2,775.0,628.0,1178.0,1437.0,554.0,21.9,50.1,1.3002
1,872.0,833.0,947.0,1598.0,760.0,20.4,54.1,1.28
0,1123.0,1134.0,711.0,1922.0,1170.0,20.8,52.6,1.2758
0,1306.0,1522.0,535.0,2450.0,1545.0,22.8,47.9,1.3156
0,1237.0,1332.0,605.0,2157.0,1508.0,25.2,42.9,1.3552
1,1143.0,1146.0,701.0,1917.0,1292.0,29.3,34.8,1.397
1,1170.0,1168.0,703.0,1949.0,1287.0,33.3,27.8,1.4013
1,1116.0,1128.0,739.0,1856.0,1042.0,34.9,24.9,1.363
1,1054.0,1069.0,785.0,1766.0,817.0,36.1,22.7,1.3324
1,1083.0,1097.0,765.0,1810.0,847.0,37.6,21.1,1.3478
1,1078.0,1069.0,782.0,1780.0,806.0,37.3,21.9,1.3761
1,1104.0,1143.0,747.0,1840.0,896.0,37.2,21.6,1.3514
1,1170.0,1257.0,693.0,1956.0,1069.0,35.6,23.4,1.341
1,1091.0,1201.0,738.0,1834.0,945.0,33.1,24.3,1.2087
1,1216.0,1318.0,673.0,2043.0,1168.0,30.5,29.5,1.2635
1,1125.0,1179.0,719.0,1921.0,1065.0,28.7,35.8,1.3834
1,971.0,881.0,916.0,1635.0,672.0,26.6,42.2,1.4452
1,1062.0,984.0,816.0,1796.0,842.0,25.2,46.6,1.4733
1,1140.0,1109.0,714.0,1892.0,1123.0,24.7,47.7,1.4649
1,1038.0,992.0,802.0,1731.0,1007.0,24.4,47.4,1.4301
1,935.0,836.0,909.0,1604.0,855.0,23.3,49.9,1.4135
1,861.0,729.0,1043.0,1528.0,689.0,23.8,47.3,1.3783
1,839.0,678.0,1062.0,1478.0,622.0,22.9,50.2,1.3808
1,850.0,703.0,1021.0,1511.0,658.0,21.2,55.0,1.3689
1,817.0,651.0,1109.0,1472.0,628.0,21.7,52.6,1.35
1,825.0,667.0,1079.0,1475.0,659.0,22.8,48.9,1.3424
1,921.0,792.0,943.0,1595.0,799.0,23.5,47.6,1.3611
1,1031.0,945.0,806.0,1697.0,964.0,24.6,44.9,1.3661
1,1092.0,967.0,801.0,1774.0,910.0,27.0,39.9,1.402
1,1095.0,923.0,843.0,1736.0,999.0,29.3,35.9,1.4411
1,1097.0,964.0,822.0,1743.0,853.0,31.2,32.4,1.4517
1,1101.0,972.0,819.0,1714.0,752.0,34.4,26.6,1.423
1,1060.0,991.0,833.0,1718.0,778.0,36.1,22.1,1.3004
2,732.0,544.0,1353.0,1367.0,466.0,18.9,55.2,1.1895
2,809.0,681.0,1108.0,1463.0,609.0,18.2,57.6,1.193
1,934.0,911.0,857.0,1639.0,863.0,18.6,56.0,1.1865
0,1132.0,1220.0,691.0,1910.0,1203.0,20.8,48.0,1.1702
0,1221.0,1386.0,626.0,2138.0,1412.0,23.3,38.6,1.0919
1,1024.0,1111.0,770.0,1753.0,1069.0,25.1,32.4,1.017
1,938.0,987.0,862.0,1597.0,817.0,27.8,25.8,0.9473
1,869.0,897.0,965.0,1480.0,649.0,29.6,21.0,0.8548
1,846.0,930.0,947.0,1467.0,598.0,30.2,18.0,0.7613
1,838.0,868.0,1005.0,1454.0,540.0,30.1,18.5,0.7747
1,875.0,912.0,978.0,1504.0,601.0,29.5,19.4,0.7872
1,907.0,961.0,920.0,1564.0,668.0,31.1,18.2,0.8079
1,889.0,939.0,920.0,1492.0,647.0,30.3,19.0,0.8103
1,969.0,1064.0,834.0,1645.0,816.0,30.1,19.3,0.8083
1,1051.0,1157.0,760.0,1787.0,963.0,28.6,22.3,0.859
1,1043.0,1181.0,736.0,1813.0,1010.0,26.1,28.3,0.9407
1,1043.0,1121.0,736.0,1793.0,967.0,24.5,35.7,1.0807
1,1007.0,1027.0,798.0,1737.0,904.0,23.1,41.5,1.1582
1,966.0,959.0,838.0,1686.0,852.0,21.8,46.3,1.1913
1,920.0,875.0,915.0,1594.0,744.0,20.9,48.9,1.1945
1,889.0,831.0,956.0,1570.0,760.0,20.5,49.9,1.1903
2,825.0,715.0,1062.0,1462.0,613.0,20.0,50.9,1.1794
2,758.0,580.0,1215.0,1374.0,531.0,22.1,44.3,1.1665
2,735.0,533.0,1338.0,1350.0,493.0,21.0,47.5,1.1666
2,719.0,522.0,1385.0,1343.0,509.0,19.8,50.3,1.1444
2,757.0,596.0,1236.0,1381.0,560.0,19.0,52.8,1.1489
1,890.0,831.0,922.0,1594.0,826.0,17.8,56.5,1.1375
0,1181.0,1255.0,632.0,2002.0,1334.0,18.2,55.8,1.1529
0,1332.0,1556.0,523.0,2394.0,1660.0,20.6,47.7,1.1448
0,1128.0,1124.0,717.0,1832.0,1362.0,22.8,41.9,1.1496
1,1128.0,1126.0,725.0,1856.0,1316.0,27.1,31.7,1.1147
1,1064.0,1069.0,766.0,1766.0,1089.0,30.4,26.4,1.131
1,1139.0,1240.0,702.0,1940.0,1129.0,31.1,26.2,1.1647
1,1121.0,1214.0,707.0,1912.0,1120.0,31.4,25.3,1.1444
1,1032.0,1083.0,776.0,1772.0,916.0,30.8,26.7,1.168
1,1040.0,1022.0,826.0,1747.0,812.0,31.8,25.6,1.1868
1,1076.0,1105.0,762.0,1782.0,959.0,33.5,22.9,1.1649
1,1177.0,1310.0,656.0,2011.0,1189.0,33.1,23.5,1.1673
1,1196.0,1303.0,654.0,2017.0,1199.0,31.7,25.9,1.1883
0,1204.0,1381.0,623.0,2085.0,1283.0,29.0,30.4,1.2013
0,1166.0,1304.0,646.0,2016.0,1291.0,27.4,33.6,1.2095
1,959.0,949.0,857.0,1640.0,949.0,25.2,36.4,1.1528
1,1004.0,997.0,813.0,1726.0,1018.0,24.0,39.6,1.1662
1,1050.0,1105.0,729.0,1807.0,1122.0,23.8,39.6,1.1558
1,965.0,900.0,864.0,1631.0,968.0,22.9,43.6,1.1974
1,849.0,744.0,1004.0,1496.0,806.0,22.8,43.9,1.202
1,809.0,666.0,1093.0,1455.0,714.0,21.8,47.3,1.2189
2,777.0,609.0,1170.0,1405.0,644.0,21.7,47.3,1.2135
2,768.0,591.0,1183.0,1402.0,606.0,20.8,50.3,1.2207
2,768.0,597.0,1155.0,1396.0,606.0,21.7,46.8,1.2031
1,917.0,842.0,934.0,1656.0,819.0,20.3,52.3,1.2367
0,1252.0,1380.0,579.0,2210.0,1462.0,20.5,52.3,1.245
0,1224.0,1268.0,605.0,2046.0,1478.0,21.7,49.6,1.2673
0,1277.0,1300.0,608.0,2090.0,1598.0,24.0,43.1,1.2677
0,1149.0,1192.0,672.0,1944.0,1449.0,28.5,31.7,1.2144
1,1091.0,1082.0,746.0,1790.0,1221.0,32.2,25.1,1.189
1,1053.0,1087.0,763.0,1762.0,1023.0,34.9,20.5,1.1279
1,1023.0,1042.0,796.0,1711.0,910.0,35.4,19.9,1.1222
1,1085.0,1075.0,767.0,1786.0,913.0,34.4,22.5,1.205
1,1116.0,1120.0,724.0,1854.0,1035.0,34.8,22.8,1.2488
1,1111.0,1131.0,735.0,1825.0,1085.0,34.3,22.4,1.1907
1,1210.0,1316.0,645.0,2030.0,1278.0,32.5,25.3,1.2165
0,1250.0,1339.0,616.0,2075.0,1383.0,31.3,27.3,1.2234
0,1297.0,1408.0,595.0,2134.0,1473.0,30.2,29.0,1.2224
0,1313.0,1345.0,603.0,2118.0,1507.0,28.5,33.3,1.2775
1,1146.0,1084.0,713.0,1829.0,1215.0,27.3,35.3,1.2606
1,1199.0,1152.0,685.0,1897.0,1242.0,26.1,37.8,1.2575
0,1274.0,1197.0,626.0,2023.0,1356.0,24.7,47.1,1.44
0,1243.0,1072.0,675.0,1978.0,1195.0,23.6,59.8,1.7193
1,1054.0,923.0,783.0,1793.0,899.0,23.3,60.5,1.706
1,962.0,778.0,929.0,1645.0,726.0,23.3,59.4,1.6753
1,915.0,690.0,983.0,1570.0,743.0,22.9,57.7,1.5902
1,871.0,639.0,1062.0,1528.0,684.0,23.7,53.5,1.546
1,877.0,658.0,1047.0,1530.0,779.0,21.2,60.9,1.5092
1,893.0,696.0,1008.0,1548.0,801.0,22.1,56.2,1.48
1,1030.0,851.0,824.0,1700.0,983.0,21.9,57.0,1.4742
1,1059.0,926.0,783.0,1750.0,989.0,24.7,45.9,1.4061
1,1020.0,860.0,864.0,1649.0,875.0,27.0,40.8,1.4286
1,1045.0,840.0,879.0,1656.0,807.0,29.1,37.4,1.4833
1,1029.0,866.0,874.0,1651.0,727.0,31.1,32.4,1.4351
1,959.0,763.0,976.0,1561.0,549.0,31.9,30.3,1.4125
1,975.0,798.0,939.0,1576.0,570.0,32.8,28.9,1.412
1,988.0,813.0,927.0,1596.0,596.0,33.4,27.8,1.4119
1,971.0,818.0,942.0,1565.0,585.0,35.3,23.7,1.3331
1,999.0,899.0,869.0,1629.0,637.0,35.8,22.4,1.2915
1,989.0,889.0,889.0,1602.0,664.0,35.3,20.8,1.1664
1,1075.0,1020.0,802.0,1732.0,797.0,33.3,23.9,1.2085
1,1190.0,1177.0,695.0,1934.0,1046.0,30.3,30.8,1.3044
1,1172.0,1108.0,706.0,1878.0,1058.0,28.3,34.5,1.3084
0,1256.0,1340.0,594.0,2176.0,1214.0,27.1,38.9,1.3758
1,1190.0,1203.0,658.0,1967.0,1056.0,25.4,43.2,1.3805
0,1249.0,1310.0,601.0,2114.0,1280.0,24.6,45.3,1.3767
1,1072.0,1120.0,711.0,1838.0,1045.0,23.7,46.0,1.3346
1,1035.0,1011.0,750.0,1752.0,1039.0,23.0,48.1,1.3322
1,839.0,690.0,1030.0,1457.0,640.0,24.8,43.4,1.3366
1,833.0,671.0,1061.0,1482.0,705.0,23.1,47.4,1.3208
2,804.0,616.0,1144.0,1427.0,662.0,21.7,50.2,1.2917
1,811.0,651.0,1097.0,1442.0,579.0,21.9,50.7,1.3138
1,1028.0,934.0,818.0,1743.0,987.0,20.1,57.0,1.3216
0,1138.0,1141.0,671.0,1927.0,1197.0,21.5,51.8,1.3129
0,1203.0,1185.0,649.0,1968.0,1328.0,22.9,48.7,1.3416
0,1193.0,1136.0,667.0,1924.0,1370.0,25.7,41.0,1.3351
1,1049.0,898.0,858.0,1671.0,921.0,29.9,33.2,1.3793
1,1090.0,942.0,828.0,1713.0,876.0,32.9,28.0,1.3789
1,1070.0,976.0,808.0,1688.0,819.0,34.0,25.6,1.3363
1,1014.0,970.0,826.0,1684.0,763.0,34.7,22.6,1.2297
1,972.0,912.0,882.0,1596.0,675.0,35.5,20.3,1.1586
1,951.0,880.0,920.0,1539.0,637.0,35.9,18.8,1.0912
1,1033.0,1038.0,802.0,1690.0,826.0,36.2,18.6,1.0945
1,983.0,1094.0,817.0,1659.0,854.0,35.4,15.3,0.8613
1,973.0,1128.0,813.0,1642.0,894.0,32.9,15.5,0.7649
1,1083.0,1237.0,737.0,1786.0,1077.0,29.9,19.8,0.8211
1,1062.0,1176.0,763.0,1743.0,1121.0,28.1,22.4,0.8394
1,1011.0,1122.0,808.0,1680.0,1071.0,26.1,24.7,0.8233
1,1054.0,1110.0,765.0,1670.0,1167.0,25.0,28.7,0.8944
1,1013.0,1038.0,793.0,1598.0,1162.0,24.3,31.0,0.9268
1,870.0,823.0,975.0,1398.0,848.0,24.0,31.2,0.919
1,857.0,769.0,1006.0,1390.0,759.0,22.4,34.9,0.9362
2,835.0,739.0,1036.0,1382.0,694.0,21.2,37.6,0.9355
2,844.0,759.0,1005.0,1409.0,848.0,19.5,42.3,0.9461
2,763.0,622.0,1129.0,1321.0,689.0,21.2,39.4,0.9802
2,769.0,606.0,1171.0,1314.0,610.0,19.5,42.4,0.9515
2,891.0,790.0,960.0,1466.0,816.0,18.6,45.8,0.9723
1,1037.0,993.0,779.0,1680.0,1158.0,19.7,44.1,1.0039
1,1090.0,1065.0,728.0,1773.0,1228.0,21.9,39.4,1.0243
1,1117.0,1118.0,716.0,1791.0,1323.0,24.5,34.3,1.0407
1,1109.0,1074.0,761.0,1734.0,1274.0,30.0,25.6,1.0674
1,961.0,939.0,912.0,1508.0,846.0,34.5,18.9,1.0168
1,985.0,919.0,918.0,1540.0,737.0,36.3,17.5,1.0411
1,960.0,909.0,910.0,1523.0,675.0,37.7,16.0,1.0231
1,927.0,806.0,1013.0,1446.0,559.0,38.3,15.8,1.0465
1,958.0,795.0,1002.0,1481.0,604.0,38.4,17.5,1.1609
1,1019.0,842.0,935.0,1565.0,729.0,37.2,20.5,1.2813
1,1010.0,816.0,955.0,1567.0,741.0,34.0,26.4,1.3781
1,1030.0,844.0,917.0,1599.0,747.0,32.3,30.4,1.445
1,1100.0,946.0,827.0,1726.0,932.0,30.5,33.9,1.4564
1,1079.0,909.0,861.0,1686.0,928.0,29.2,37.8,1.5098
1,1036.0,859.0,900.0,1645.0,860.0,28.4,39.1,1.4881
1,1085.0,959.0,827.0,1747.0,963.0,27.7,40.6,1.4828
0,1214.0,1151.0,683.0,1938.0,1309.0,27.2,42.5,1.5069
1,1127.0,1041.0,728.0,1830.0,1266.0,26.5,44.8,1.528
1,1038.0,950.0,776.0,1750.0,1181.0,25.5,47.6,1.5318
1,948.0,829.0,873.0,1638.0,937.0,25.2,47.8,1.5076
1,953.0,844.0,848.0,1685.0,995.0,23.2,53.7,1.5046
1,869.0,723.0,975.0,1522.0,789.0,23.2,52.3,1.4668
1,809.0,628.0,1127.0,1490.0,682.0,24.0,50.3,1.4811
1,833.0,641.0,1088.0,1496.0,717.0,23.5,51.2,1.4634
1,857.0,661.0,1083.0,1511.0,696.0,23.5,50.8,1.452
1,966.0,820.0,913.0,1634.0,807.0,24.7,47.6,1.4597
1,1063.0,894.0,823.0,1688.0,1025.0,27.2,41.1,1.4611
1,1110.0,996.0,782.0,1771.0,1090.0,31.0,32.4,1.4294
1,1055.0,941.0,844.0,1648.0,932.0,35.2,24.8,1.3854
1,939.0,828.0,991.0,1486.0,639.0,37.8,18.5,1.1977
1,816.0,684.0,1195.0,1285.0,467.0,39.0,15.1,1.0424
1,841.0,712.0,1175.0,1339.0,476.0,41.3,12.8,0.9933
1,842.0,722.0,1163.0,1294.0,490.0,41.8,11.9,0.9476
1,990.0,852.0,967.0,1488.0,669.0,42.2,14.2,1.1609
1,1042.0,894.0,916.0,1537.0,800.0,41.4,15.5,1.2089
1,1089.0,893.0,879.0,1609.0,791.0,38.9,21.4,1.4605
1,1102.0,990.0,799.0,1685.0,849.0,34.3,26.0,1.3865
1,1095.0,996.0,799.0,1695.0,934.0,32.7,27.7,1.3439
1,1116.0,1075.0,761.0,1784.0,1081.0,30.5,30.4,1.3031
1,1105.0,1046.0,777.0,1751.0,1102.0,29.0,33.6,1.3277
1,1018.0,950.0,830.0,1636.0,914.0,28.2,36.6,1.3781
1,991.0,896.0,857.0,1616.0,926.0,27.2,38.9,1.3821
1,923.0,765.0,952.0,1508.0,786.0,26.7,40.0,1.3754
1,874.0,679.0,1049.0,1444.0,619.0,26.0,41.2,1.3598
1,846.0,662.0,1068.0,1464.0,633.0,22.8,50.1,1.3677
1,838.0,632.0,1079.0,1438.0,634.0,24.0,46.6,1.37
1,827.0,656.0,1075.0,1447.0,722.0,24.0,46.4,1.3689
1,901.0,763.0,984.0,1552.0,717.0,23.7,47.1,1.3602
0,1291.0,1316.0,603.0,2172.0,1445.0,23.6,47.3,1.3634
0,1441.0,1606.0,503.0,2568.0,1786.0,25.5,43.1,1.3891
0,1363.0,1410.0,565.0,2199.0,1791.0,28.5,36.8,1.4128
1,1218.0,1198.0,671.0,1907.0,1413.0,32.6,28.0,1.3566
1,1132.0,1091.0,751.0,1795.0,1092.0,36.3,23.4,1.3902
1,1103.0,1060.0,770.0,1748.0,940.0,37.5,21.5,1.3673
1,1081.0,1053.0,770.0,1773.0,883.0,39.6,19.0,1.3447
1,1079.0,1018.0,793.0,1739.0,850.0,40.1,19.3,1.4013
1,1167.0,1087.0,741.0,1820.0,928.0,40.4,20.0,1.4854
1,1148.0,1037.0,772.0,1720.0,835.0,39.9,20.1,1.4495
1,1221.0,1230.0,670.0,1905.0,1157.0,39.1,19.6,1.3542
1,1255.0,1283.0,640.0,2023.0,1232.0,37.0,21.9,1.3503
1,1245.0,1287.0,635.0,2067.0,1288.0,33.9,26.8,1.3899
1,1162.0,1151.0,687.0,1912.0,1143.0,31.9,30.6,1.4201
1,1079.0,1020.0,754.0,1760.0,1014.0,29.7,33.9,1.3874
1,1091.0,1038.0,744.0,1786.0,1088.0,28.6,36.8,1.416
1,1085.0,1039.0,745.0,1790.0,1092.0,27.8,38.7,1.4187
1,1050.0,966.0,780.0,1748.0,1090.0,27.8,40.0,1.4691
1,941.0,814.0,873.0,1592.0,979.0,27.5,41.3,1.4962
1,891.0,705.0,980.0,1534.0,806.0,27.3,41.6,1.4906
1,842.0,624.0,1080.0,1480.0,712.0,26.0,44.2,1.4657
1,850.0,639.0,1048.0,1519.0,853.0,24.8,48.0,1.4857
1,863.0,652.0,1055.0,1504.0,816.0,25.9,45.1,1.4889
1,956.0,784.0,928.0,1634.0,934.0,25.3,47.6,1.5108
0,1384.0,1391.0,552.0,2316.0,1548.0,24.7,49.5,1.5201
0,1502.0,1631.0,459.0,2622.0,1858.0,27.1,43.1,1.5224
0,1219.0,1163.0,642.0,1963.0,1410.0,28.3,39.8,1.5053
1,1237.0,1157.0,663.0,1968.0,1334.0,32.4,32.3,1.5484
1,1181.0,1078.0,706.0,1870.0,1140.0,35.4,27.8,1.5733
1,1251.0,1154.0,682.0,1955.0,1111.0,35.5,27.4,1.5635
1,1214.0,1170.0,681.0,1963.0,1054.0,37.8,24.4,1.5722
1,1166.0,1062.0,726.0,1825.0,924.0,37.2,25.5,1.5914
1,1226.0,1157.0,683.0,1912.0,1041.0,37.2,25.6,1.6014
1,1265.0,1229.0,636.0,2040.0,1282.0,38.0,25.0,1.6312
0,1317.0,1338.0,593.0,2132.0,1362.0,37.1,26.9,1.6635
0,1372.0,1382.0,568.0,2268.0,1441.0,36.9,27.8,1.7099
0,1443.0,1443.0,543.0,2332.0,1559.0,34.7,31.9,1.7325
1,1200.0,1126.0,664.0,1979.0,1198.0,31.9,38.4,1.7897
1,1216.0,1130.0,655.0,1994.0,1246.0,30.5,42.3,1.8173
1,1160.0,1070.0,687.0,1929.0,1192.0,29.3,45.8,1.8362
1,1194.0,1106.0,667.0,1985.0,1194.0,28.2,48.1,1.8144
1,1199.0,1087.0,658.0,1954.0,1252.0,27.3,51.0,1.8287
1,965.0,818.0,844.0,1681.0,777.0,26.8,52.4,1.8141
1,961.0,801.0,850.0,1683.0,798.0,26.0,54.9,1.8141
1,901.0,697.0,952.0,1586.0,800.0,26.8,51.9,1.8058
1,864.0,629.0,1052.0,1558.0,728.0,26.9,51.8,1.805
1,952.0,742.0,892.0,1656.0,953.0,24.6,59.1,1.8013
1,1009.0,875.0,797.0,1738.0,1060.0,26.4,53.1,1.7987
0,1225.0,1155.0,643.0,1992.0,1338.0,27.3,46.4,1.6542
0,1245.0,1202.0,628.0,2039.0,1622.0,28.4,40.4,1.5442
0,1265.0,1209.0,638.0,2015.0,1812.0,30.8,37.1,1.6169
0,1276.0,1241.0,642.0,2024.0,1784.0,34.2,30.7,1.6252
1,1232.0,1183.0,675.0,1920.0,1509.0,37.0,26.5,1.6352
1,1193.0,1097.0,698.0,1832.0,1139.0,36.6,27.8,1.676
1,1162.0,1117.0,700.0,1857.0,1044.0,36.9,26.9,1.6477
1,1126.0,1097.0,723.0,1810.0,1015.0,39.3,22.2,1.552
1,1089.0,993.0,801.0,1675.0,825.0,38.5,22.4,1.5018
1,1134.0,1073.0,747.0,1765.0,1022.0,39.7,20.4,1.4594
0,1388.0,1418.0,568.0,2250.0,1913.0,38.8,24.2,1.6433
0,1506.0,1499.0,506.0,2485.0,2043.0,33.5,38.0,1.939
0,1352.0,1385.0,563.0,2205.0,1661.0,34.0,32.9,1.7251
0,1217.0,1227.0,641.0,2040.0,1404.0,31.9,33.7,1.5663
1,1149.0,1132.0,688.0,1936.0,1233.0,30.2,37.6,1.587
1,1156.0,1129.0,688.0,1941.0,1181.0,28.9,41.0,1.6096
1,1180.0,1122.0,678.0,1921.0,1272.0,27.8,45.2,1.6604
1,1109.0,1080.0,696.0,1874.0,1190.0,27.1,47.4,1.6701
1,1032.0,974.0,763.0,1800.0,982.0,26.2,49.4,1.6555
1,893.0,767.0,918.0,1607.0,805.0,26.9,49.3,1.7196
1,848.0,642.0,1079.0,1536.0,654.0,26.3,50.8,1.7058
1,850.0,664.0,1038.0,1568.0,727.0,24.9,54.6,1.6908
1,938.0,782.0,879.0,1685.0,1001.0,23.4,58.6,1.6651
1,948.0,828.0,858.0,1711.0,994.0,24.4,55.2,1.6604
0,1225.0,1214.0,625.0,2090.0,1322.0,25.1,54.3,1.7057
0,1380.0,1359.0,538.0,2337.0,1617.0,26.6,51.2,1.7565
0,1276.0,1138.0,628.0,2021.0,1430.0,28.2,47.1,1.7752
1,1246.0,1093.0,667.0,1942.0,1357.0,31.6,39.4,1.7969
1,1141.0,996.0,767.0,1805.0,994.0,34.2,31.8,1.6837
1,1199.0,1124.0,680.0,1940.0,1054.0,36.6,27.1,1.6352
1,1156.0,1056.0,710.0,1842.0,945.0,37.6,26.9,1.715
1,1158.0,983.0,751.0,1803.0,808.0,38.1,26.3,1.7213
1,1163.0,1039.0,723.0,1814.0,888.0,37.8,26.9,1.7392
1,1078.0,1009.0,767.0,1730.0,787.0,37.8,22.7,1.4653
1,1244.0,1219.0,651.0,1949.0,1077.0,36.9,24.7,1.5134
1,1236.0,1239.0,637.0,1986.0,1106.0,34.5,28.5,1.531
0,1364.0,1376.0,580.0,2168.0,1356.0,32.5,30.9,1.4875
1,1193.0,1196.0,675.0,1888.0,1152.0,30.9,30.4,1.338
1,1078.0,985.0,778.0,1697.0,925.0,28.7,34.7,1.3457
1,1140.0,1035.0,726.0,1779.0,1059.0,27.7,39.3,1.4372
1,1239.0,1127.0,648.0,1930.0,1201.0,26.8,45.1,1.5645
1,1171.0,1093.0,669.0,1862.0,1205.0,26.1,45.3,1.5115
1,1065.0,977.0,736.0,1733.0,1103.0,25.9,46.1,1.5174
1,1024.0,882.0,791.0,1662.0,1072.0,25.3,47.6,1.513
1,873.0,679.0,1010.0,1501.0,713.0,26.6,43.0,1.4773
1,874.0,668.0,1043.0,1513.0,737.0,25.3,47.2,1.5025
1,887.0,647.0,1046.0,1500.0,740.0,25.1,48.0,1.5115
1,993.0,795.0,888.0,1629.0,770.0,24.8,50.6,1.5654
0,1299.0,1225.0,620.0,2077.0,1327.0,25.7,49.7,1.615
0,1529.0,1526.0,476.0,2559.0,1763.0,27.4,45.5,1.6396
0,1320.0,1210.0,595.0,2052.0,1477.0,29.3,40.0,1.6082
1,1226.0,1168.0,650.0,1952.0,1311.0,33.6,28.7,1.4693
1,1105.0,980.0,777.0,1745.0,980.0,34.6,27.7,1.4991
1,1160.0,1040.0,720.0,1810.0,961.0,35.6,27.2,1.5557
1,1125.0,1051.0,730.0,1771.0,923.0,36.9,23.3,1.4313
1,1099.0,1015.0,763.0,1732.0,839.0,38.8,20.7,1.4036
1,1124.0,1021.0,745.0,1735.0,827.0,38.1,22.6,1.4868
1,1105.0,995.0,778.0,1681.0,821.0,37.1,23.0,1.4229
1,1035.0,1043.0,804.0,1647.0,749.0,34.8,19.3,1.0543
1,1065.0,1110.0,757.0,1691.0,871.0,33.6,20.7,1.059
1,1051.0,1220.0,739.0,1729.0,1077.0,31.4,18.5,0.8376
1,1073.0,1124.0,752.0,1688.0,1175.0,29.5,23.8,0.9623
1,1008.0,1004.0,817.0,1588.0,1125.0,27.4,27.1,0.9736
1,1090.0,1073.0,745.0,1693.0,1124.0,26.1,31.1,1.0338
1,1048.0,983.0,780.0,1643.0,1064.0,25.5,34.0,1.0935
1,1131.0,1087.0,705.0,1738.0,1240.0,24.0,37.8,1.1125
1,953.0,874.0,854.0,1528.0,899.0,24.2,37.3,1.1118
1,897.0,745.0,968.0,1461.0,807.0,23.4,40.6,1.1571
1,900.0,750.0,932.0,1494.0,817.0,21.8,46.6,1.1991
1,828.0,639.0,1077.0,1371.0,573.0,22.6,43.0,1.1629
1,892.0,739.0,964.0,1479.0,768.0,20.2,50.7,1.1844
1,914.0,809.0,912.0,1530.0,807.0,20.5,49.3,1.176
1,1096.0,1017.0,722.0,1743.0,1204.0,21.4,48.0,1.2086
0,1173.0,1130.0,648.0,1885.0,1401.0,23.2,43.9,1.2344
1,1125.0,1016.0,712.0,1725.0,1256.0,25.3,40.7,1.2921
1,1079.0,976.0,781.0,1669.0,999.0,29.9,31.1,1.2883
1,974.0,930.0,872.0,1536.0,712.0,33.9,21.3,1.1067
1,977.0,973.0,865.0,1550.0,712.0,36.3,16.0,0.9465
1,912.0,873.0,946.0,1436.0,614.0,36.6,15.2,0.9177
1,896.0,817.0,992.0,1426.0,554.0,37.4,15.8,0.9998
1,896.0,822.0,1002.0,1391.0,722.0,37.9,15.0,0.9721
1,956.0,862.0,930.0,1479.0,636.0,38.0,16.8,1.0933
1,970.0,900.0,909.0,1524.0,664.0,36.9,17.5,1.0789
1,929.0,869.0,942.0,1454.0,624.0,35.3,17.0,0.9561
1,947.0,926.0,905.0,1484.0,659.0,31.9,20.4,0.9462
1,1003.0,880.0,864.0,1537.0,695.0,29.1,29.6,1.1792
1,1045.0,940.0,822.0,1658.0,920.0,27.4,33.4,1.2022
1,1125.0,1035.0,728.0,1726.0,1150.0,26.7,35.8,1.2318
1,1138.0,985.0,742.0,1710.0,1141.0,25.2,42.7,1.3473
1,1217.0,1060.0,660.0,1840.0,1227.0,24.0,51.9,1.5252
1,983.0,831.0,847.0,1585.0,887.0,24.5,44.4,1.3476
1,1007.0,864.0,816.0,1639.0,987.0,22.6,51.0,1.3805
1,957.0,816.0,846.0,1613.0,903.0,22.2,52.7,1.3891
1,914.0,725.0,949.0,1550.0,780.0,21.2,56.8,1.4094
1,886.0,702.0,971.0,1528.0,767.0,20.3,59.6,1.3994
1,899.0,708.0,972.0,1559.0,780.0,21.3,56.7,1.4178
1,942.0,723.0,968.0,1573.0,698.0,23.0,54.6,1.5177
1,1022.0,817.0,835.0,1669.0,821.0,23.7,54.3,1.5731
1,1009.0,810.0,859.0,1634.0,772.0,25.4,49.3,1.5732
1,1025.0,809.0,877.0,1606.0,690.0,29.6,37.7,1.544
1,977.0,783.0,939.0,1543.0,586.0,33.9,26.2,1.3664
1,936.0,757.0,1007.0,1459.0,523.0,35.8,22.4,1.2933
1,884.0,703.0,1076.0,1394.0,488.0,37.9,18.8,1.222
1,809.0,664.0,1185.0,1270.0,427.0,38.5,14.8,0.9942
1,852.0,718.0,1109.0,1307.0,468.0,39.3,14.5,1.0149
1,872.0,708.0,1106.0,1331.0,489.0,38.9,15.6,1.0613
1,839.0,752.0,1102.0,1298.0,515.0,37.9,12.7,0.8211
1,854.0,788.0,1064.0,1310.0,562.0,35.8,13.4,0.7749
1,971.0,942.0,900.0,1541.0,776.0,32.3,19.7,0.9345
1,985.0,944.0,866.0,1541.0,833.0,30.1,23.5,0.9869
1,1027.0,981.0,817.0,1631.0,1023.0,28.2,28.7,1.0806
1,1012.0,876.0,853.0,1580.0,967.0,26.0,35.7,1.1842
1,1086.0,973.0,766.0,1656.0,1089.0,25.3,39.2,1.2452
1,1025.0,939.0,790.0,1635.0,1103.0,24.7,38.7,1.1845
1,848.0,692.0,1034.0,1412.0,734.0,25.5,35.7,1.1499
1,839.0,652.0,1075.0,1405.0,671.0,22.5,43.2,1.1589
2,814.0,618.0,1097.0,1400.0,696.0,21.6,46.1,1.1761
2,816.0,624.0,1073.0,1422.0,729.0,19.7,51.4,1.1688
2,799.0,613.0,1120.0,1387.0,641.0,21.6,45.7,1.1665
1,879.0,792.0,906.0,1521.0,825.0,21.1,47.3,1.1654
1,1104.0,1125.0,697.0,1815.0,1179.0,21.6,44.1,1.1269
0,1344.0,1496.0,519.0,2311.0,1651.0,23.7,37.9,1.0988
0,1226.0,1272.0,632.0,1901.0,1474.0,26.0,30.1,0.9953
1,1157.0,1176.0,691.0,1779.0,1370.0,30.6,23.2,1.001
1,1059.0,1060.0,798.0,1638.0,1141.0,34.1,19.1,1.0048
1,1076.0,1057.0,778.0,1633.0,1076.0,36.2,18.0,1.0636
1,1066.0,1041.0,783.0,1641.0,1036.0,37.4,17.3,1.0914
1,1049.0,994.0,813.0,1580.0,881.0,39.5,15.6,1.102
1,1097.0,1074.0,776.0,1671.0,960.0,40.4,14.9,1.1033
1,1087.0,1018.0,791.0,1624.0,883.0,40.1,16.1,1.1699
1,1269.0,1269.0,633.0,1942.0,1221.0,39.3,18.9,1.3251
0,1328.0,1405.0,584.0,2072.0,1518.0,37.3,19.9,1.2437
1,1200.0,1270.0,654.0,1906.0,1264.0,33.6,22.9,1.1747
1,1098.0,1105.0,732.0,1768.0,1061.0,30.7,28.9,1.2501
1,1058.0,1004.0,776.0,1684.0,947.0,28.8,32.8,1.2776
1,1081.0,1025.0,738.0,1757.0,1059.0,27.3,36.8,1.3207
1,1062.0,962.0,776.0,1674.0,1030.0,26.2,39.7,1.3249
1,1078.0,971.0,752.0,1694.0,1065.0,25.4,43.0,1.37
1,917.0,761.0,931.0,1497.0,893.0,25.8,41.0,1.3461
1,881.0,718.0,965.0,1510.0,837.0,23.3,48.4,1.3677
1,865.0,671.0,1012.0,1477.0,807.0,23.5,47.8,1.3607
1,829.0,602.0,1123.0,1410.0,596.0,23.5,46.7,1.3361
1,913.0,743.0,931.0,1540.0,884.0,21.8,52.3,1.3539
1,1077.0,985.0,742.0,1780.0,1170.0,21.8,52.5,1.3529
0,1337.0,1386.0,565.0,2196.0,1596.0,22.9,49.1,1.3546
0,1467.0,1575.0,472.0,2460.0,1873.0,24.9,43.3,1.3422
0,1257.0,1227.0,611.0,1954.0,1608.0,26.7,39.4,1.3556
1,1227.0,1125.0,675.0,1835.0,1470.0,30.5,32.9,1.4135
1,1188.0,1108.0,693.0,1818.0,1275.0,34.2,27.2,1.4404
1,1301.0,1276.0,631.0,1953.0,1407.0,38.2,20.9,1.3701
1,1201.0,1278.0,657.0,1892.0,1302.0,39.6,16.9,1.2028
1,1058.0,1026.0,794.0,1622.0,931.0,39.9,15.8,1.141
1,1037.0,1075.0,789.0,1604.0,917.0,40.2,13.9,1.02
1,1055.0,1157.0,762.0,1674.0,985.0,39.6,13.2,0.9332
1,1179.0,1364.0,661.0,1845.0,1265.0,39.5,12.6,0.8894
0,1298.0,1430.0,632.0,1946.0,2475.0,37.9,13.9,0.9015
0,1213.0,1327.0,654.0,1864.0,2021.0,34.2,17.9,0.9444
0,1233.0,1398.0,613.0,1975.0,1834.0,32.6,20.6,0.9939
1,1086.0,1145.0,737.0,1717.0,1426.0,30.4,23.2,0.9889
1,1056.0,1078.0,765.0,1668.0,1272.0,28.8,25.1,0.9793
1,1138.0,1128.0,681.0,1737.0,1490.0,27.8,29.9,1.1018
1,1112.0,1128.0,675.0,1771.0,1440.0,26.9,32.6,1.1381
1,992.0,948.0,773.0,1609.0,1271.0,26.3,33.7,1.1377
1,895.0,767.0,931.0,1463.0,985.0,25.7,33.9,1.1065
1,843.0,655.0,1046.0,1377.0,826.0,24.8,36.0,1.1109
1,828.0,626.0,1073.0,1362.0,754.0,25.5,34.6,1.1096
1,894.0,709.0,997.0,1432.0,853.0,24.0,37.8,1.1077
1,1072.0,976.0,740.0,1673.0,1340.0,23.9,39.3,1.1522
0,1425.0,1486.0,512.0,2305.0,1869.0,24.8,38.4,1.1808
0,1428.0,1500.0,496.0,2275.0,2021.0,26.9,34.4,1.2036
0,1359.0,1415.0,572.0,2081.0,1902.0,29.6,28.7,1.1706
1,1182.0,1122.0,730.0,1707.0,1527.0,34.6,21.1,1.1398
1,1117.0,1045.0,761.0,1623.0,1260.0,38.3,17.0,1.1216
1,1119.0,1088.0,741.0,1640.0,1124.0,40.4,14.5,1.0736
1,1068.0,1152.0,739.0,1683.0,1309.0,42.6,9.6,0.8012
1,1090.0,1120.0,743.0,1629.0,1283.0,42.5,10.2,0.8478
1,1056.0,1024.0,792.0,1555.0,1068.0,41.0,11.6,0.8872
1,1098.0,1007.0,799.0,1546.0,937.0,41.3,13.0,1.0154
0,1318.0,1339.0,635.0,1925.0,1416.0,39.2,14.5,1.0106
0,1348.0,1347.0,599.0,1903.0,1611.0,36.9,17.9,1.096
0,1502.0,1546.0,538.0,2199.0,1919.0,35.6,20.4,1.1646
0,1373.0,1364.0,597.0,2005.0,1745.0,33.7,22.6,1.1658
0,1397.0,1346.0,580.0,2017.0,1837.0,31.5,27.8,1.2671
0,1286.0,1214.0,620.0,1880.0,1759.0,31.1,29.3,1.3055
0,1222.0,1161.0,661.0,1827.0,1593.0,30.2,30.9,1.3026
1,1069.0,983.0,749.0,1627.0,1357.0,29.8,30.2,1.2502
1,1011.0,864.0,809.0,1532.0,1231.0,28.4,32.5,1.2361
1,962.0,803.0,853.0,1507.0,1066.0,27.5,34.0,1.231
1,919.0,723.0,910.0,1443.0,992.0,26.8,35.3,1.2243
1,969.0,769.0,866.0,1485.0,1063.0,24.5,40.4,1.2251
1,986.0,784.0,839.0,1503.0,1204.0,25.6,38.8,1.2545
1,990.0,821.0,848.0,1511.0,1079.0,27.5,34.6,1.2518
0,1296.0,1208.0,603.0,1914.0,1593.0,25.9,37.4,1.2289
0,1371.0,1384.0,545.0,2082.0,1745.0,28.5,32.5,1.2441
0,1385.0,1240.0,596.0,1919.0,1847.0,29.5,32.7,1.3229
0,1381.0,1227.0,595.0,1903.0,1845.0,29.8,33.1,1.3693
0,1396.0,1306.0,587.0,1934.0,1886.0,33.4,26.8,1.3586
1,1070.0,1000.0,801.0,1538.0,1039.0,40.3,15.8,1.1604
1,1076.0,972.0,819.0,1525.0,923.0,41.8,15.0,1.1989
1,1126.0,1004.0,788.0,1609.0,926.0,41.1,15.7,1.2071
1,1225.0,1196.0,673.0,1775.0,1277.0,41.9,14.8,1.1944
1,1202.0,1206.0,671.0,1807.0,1301.0,40.9,14.6,1.114
1,1308.0,1310.0,628.0,1891.0,1385.0,39.1,16.9,1.1705
0,1440.0,1281.0,580.0,2021.0,1474.0,36.4,27.3,1.6308
0,1611.0,1552.0,487.0,2371.0,1948.0,34.9,29.3,1.611
0,1387.0,1419.0,559.0,2113.0,1677.0,33.6,26.4,1.3515
0,1268.0,1206.0,648.0,1900.0,1434.0,32.2,27.6,1.3044
1,1237.0,1175.0,660.0,1834.0,1424.0,30.5,29.7,1.2742
0,1302.0,1198.0,628.0,1934.0,1504.0,29.4,35.6,1.4383
0,1347.0,1282.0,575.0,1996.0,1661.0,29.1,34.8,1.38
0,1355.0,1198.0,564.0,1905.0,1714.0,27.7,41.9,1.537
1,1023.0,822.0,823.0,1585.0,1050.0,27.9,41.6,1.5425
1,903.0,631.0,1070.0,1458.0,550.0,27.8,43.7,1.6039
1,876.0,605.0,1144.0,1432.0,456.0,27.4,42.2,1.5177
1,932.0,707.0,1011.0,1509.0,554.0,26.6,42.8,1.4713
1,1020.0,866.0,847.0,1636.0,744.0,26.9,40.3,1.4041
0,1264.0,1241.0,609.0,1989.0,1280.0,27.0,37.3,1.3081
1,1179.0,1153.0,654.0,1877.0,1096.0,27.0,35.3,1.2396
1,1079.0,966.0,785.0,1640.0,927.0,27.4,32.0,1.1545
1,1036.0,955.0,829.0,1527.0,840.0,30.5,24.7,1.0592
1,1002.0,964.0,828.0,1546.0,786.0,32.9,20.1,0.9902
1,995.0,959.0,856.0,1544.0,690.0,33.9,18.4,0.9587
1,1008.0,962.0,845.0,1545.0,742.0,34.4,19.3,1.0325
1,978.0,962.0,846.0,1527.0,680.0,34.2,19.6,1.0399
1,989.0,990.0,822.0,1577.0,705.0,33.2,20.4,1.0195
1,961.0,985.0,845.0,1554.0,677.0,32.4,19.1,0.915
1,1009.0,1116.0,779.0,1602.0,877.0,32.2,17.1,0.8124
1,970.0,1117.0,786.0,1579.0,844.0,31.0,17.1,0.7526
1,1097.0,1199.0,699.0,1738.0,1006.0,28.3,24.9,0.9412
1,1065.0,1105.0,723.0,1672.0,987.0,26.6,30.2,1.033
1,1036.0,986.0,776.0,1614.0,868.0,24.8,36.8,1.1357
1,1049.0,958.0,794.0,1648.0,861.0,23.7,43.4,1.2495
1,1147.0,1043.0,727.0,1719.0,1042.0,23.0,46.2,1.2815
1,1118.0,1082.0,694.0,1792.0,1080.0,22.7,47.7,1.2977
1,1016.0,963.0,776.0,1661.0,811.0,22.2,49.5,1.3081
1,940.0,845.0,845.0,1539.0,704.0,21.6,51.9,1.3254
1,836.0,643.0,1114.0,1405.0,522.0,22.3,50.4,1.3379
1,831.0,626.0,1126.0,1406.0,484.0,22.4,49.7,1.3333
1,877.0,711.0,1018.0,1475.0,580.0,21.7,52.0,1.3313
1,872.0,725.0,976.0,1471.0,668.0,21.1,53.2,1.3181
1,958.0,805.0,886.0,1551.0,835.0,22.0,51.0,1.3296
1,959.0,848.0,859.0,1572.0,739.0,25.0,41.6,1.301
1,997.0,933.0,799.0,1612.0,763.0,26.7,36.4,1.2596
1,916.0,843.0,891.0,1511.0,614.0,29.1,29.7,1.1751
1,895.0,831.0,946.0,1473.0,566.0,31.2,23.4,1.0487
1,855.0,812.0,982.0,1416.0,508.0,32.4,20.5,0.9806
1,861.0,811.0,997.0,1409.0,509.0,33.3,19.2,0.9634
1,821.0,766.0,1071.0,1323.0,457.0,33.1,16.8,0.8391
1,835.0,731.0,1108.0,1323.0,438.0,33.1,18.3,0.9081
1,813.0,732.0,1118.0,1303.0,427.0,32.4,18.0,0.8599
1,833.0,786.0,1064.0,1328.0,453.0,31.8,18.7,0.8624
1,859.0,803.0,1032.0,1363.0,479.0,30.3,21.4,0.9064
1,887.0,778.0,978.0,1387.0,500.0,27.2,28.2,1.0013
1,970.0,900.0,856.0,1559.0,647.0,26.1,33.7,1.1228
1,990.0,866.0,866.0,1551.0,728.0,24.7,38.8,1.1929
1,1022.0,899.0,846.0,1588.0,820.0,23.4,43.2,1.229
1,1075.0,993.0,781.0,1682.0,946.0,23.1,44.2,1.2317
1,1088.0,1035.0,751.0,1713.0,1018.0,22.7,45.3,1.2299
1,925.0,831.0,880.0,1513.0,789.0,21.6,47.5,1.2118
1,853.0,716.0,994.0,1423.0,647.0,22.0,45.8,1.1965
1,918.0,830.0,875.0,1548.0,785.0,20.4,51.3,1.2131
2,796.0,636.0,1092.0,1387.0,576.0,20.6,50.3,1.2041
2,796.0,628.0,1136.0,1385.0,555.0,20.6,50.6,1.2119
2,795.0,606.0,1152.0,1369.0,552.0,21.3,48.8,1.2189
2,842.0,656.0,1080.0,1427.0,620.0,20.4,52.6,1.247
1,850.0,659.0,1077.0,1402.0,557.0,23.5,44.0,1.2596
1,884.0,709.0,1027.0,1442.0,556.0,25.7,37.9,1.2334
1,907.0,741.0,983.0,1486.0,573.0,27.9,33.6,1.2433
1,846.0,703.0,1034.0,1380.0,514.0,29.0,28.3,1.1116
1,827.0,697.0,1070.0,1371.0,478.0,29.5,25.9,1.0489
1,804.0,636.0,1185.0,1321.0,424.0,31.8,22.3,1.0366
1,775.0,619.0,1254.0,1272.0,386.0,32.2,20.0,0.9488
1,802.0,651.0,1206.0,1282.0,403.0,32.4,19.3,0.922
1,844.0,751.0,1064.0,1327.0,462.0,33.0,17.7,0.8758
1,881.0,765.0,1029.0,1359.0,489.0,32.0,19.8,0.9273
1,877.0,736.0,1077.0,1347.0,463.0,29.6,24.1,0.9831
1,931.0,885.0,892.0,1467.0,585.0,26.9,27.1,0.948
1,1011.0,967.0,818.0,1565.0,748.0,25.3,30.9,0.9815
1,1035.0,1015.0,757.0,1651.0,940.0,24.2,35.9,1.0684
1,1153.0,1042.0,733.0,1700.0,1022.0,23.2,43.2,1.2104
1,1020.0,929.0,805.0,1615.0,929.0,22.7,43.9,1.1962
1,954.0,879.0,837.0,1550.0,834.0,21.6,44.0,1.1244
1,903.0,800.0,911.0,1478.0,751.0,20.7,46.4,1.1198
2,779.0,581.0,1204.0,1323.0,505.0,21.2,46.2,1.1482
2,761.0,540.0,1269.0,1303.0,486.0,22.7,42.3,1.1491
2,780.0,568.0,1200.0,1331.0,501.0,19.9,51.3,1.1803
2,835.0,672.0,1053.0,1423.0,628.0,20.0,51.8,1.1967
1,1004.0,955.0,758.0,1671.0,1043.0,18.5,57.4,1.2076
0,1272.0,1328.0,567.0,2085.0,1463.0,19.6,54.3,1.2278
0,1173.0,1217.0,625.0,1945.0,1358.0,21.3,49.7,1.2452
1,986.0,922.0,820.0,1586.0,971.0,21.7,46.3,1.1867
1,942.0,849.0,907.0,1496.0,894.0,23.4,39.4,1.1172
1,957.0,875.0,891.0,1525.0,871.0,25.7,33.0,1.0763
1,1024.0,1052.0,779.0,1690.0,952.0,28.5,27.3,1.0479
1,962.0,963.0,835.0,1592.0,843.0,27.0,27.9,0.9812
1,958.0,873.0,868.0,1550.0,750.0,24.2,36.9,1.0966
1,933.0,831.0,888.0,1514.0,710.0,26.0,34.9,1.1509
1,942.0,912.0,842.0,1551.0,814.0,24.8,33.1,1.0222
1,1073.0,1117.0,693.0,1762.0,1052.0,24.0,36.3,1.0708
1,1086.0,1159.0,686.0,1782.0,1060.0,23.6,35.5,1.0187
1,1091.0,1161.0,682.0,1797.0,1153.0,23.6,35.7,1.0282
1,980.0,1009.0,786.0,1625.0,986.0,23.3,34.5,0.9768
1,904.0,877.0,890.0,1488.0,781.0,22.5,36.8,0.988
1,865.0,773.0,991.0,1414.0,653.0,21.3,38.7,0.9686
1,898.0,863.0,911.0,1493.0,777.0,20.9,39.4,0.9596
1,945.0,883.0,837.0,1563.0,1015.0,19.8,47.7,1.093
1,854.0,764.0,932.0,1476.0,922.0,19.3,51.4,1.1387
2,751.0,587.0,1165.0,1353.0,678.0,18.4,53.4,1.117
2,723.0,544.0,1274.0,1315.0,584.0,18.8,51.1,1.1
2,754.0,620.0,1102.0,1372.0,725.0,16.3,59.8,1.1042
2,758.0,670.0,1070.0,1365.0,688.0,16.6,56.8,1.0629
2,873.0,871.0,871.0,1528.0,887.0,16.2,57.4,1.0515
0,1176.0,1398.0,567.0,2120.0,1494.0,17.3,54.3,1.0631
0,1257.0,1495.0,524.0,2245.0,1647.0,19.2,48.8,1.0751
0,1137.0,1200.0,648.0,1821.0,1489.0,21.7,42.4,1.0859
1,1064.0,1126.0,711.0,1656.0,1361.0,26.4,29.9,1.0138
1,1026.0,1094.0,769.0,1629.0,1224.0,31.3,19.1,0.8634
1,986.0,1133.0,773.0,1619.0,1174.0,33.7,15.4,0.7913
1,908.0,1031.0,857.0,1469.0,901.0,34.5,13.3,0.7158
1,888.0,1007.0,870.0,1448.0,794.0,33.8,13.9,0.7172
1,843.0,830.0,995.0,1339.0,577.0,30.1,19.4,0.8157
1,905.0,931.0,876.0,1460.0,776.0,28.3,21.3,0.8054
1,1023.0,1127.0,760.0,1635.0,982.0,31.9,18.3,0.8523
1,1125.0,1279.0,662.0,1840.0,1256.0,32.0,20.1,0.9364
0,1211.0,1483.0,586.0,2092.0,1483.0,28.9,24.1,0.9495
0,1140.0,1289.0,634.0,1884.0,1390.0,27.3,27.1,0.967
1,1029.0,1105.0,737.0,1666.0,1195.0,26.0,28.5,0.9484
1,981.0,1054.0,768.0,1592.0,1135.0,25.2,28.6,0.9008
1,971.0,1014.0,788.0,1585.0,1115.0,24.3,31.1,0.9316
1,927.0,930.0,840.0,1522.0,1026.0,23.6,33.8,0.9685
1,868.0,846.0,925.0,1448.0,836.0,23.0,33.8,0.9406
1,863.0,824.0,905.0,1469.0,925.0,22.2,38.4,1.0126
2,820.0,716.0,994.0,1380.0,933.0,20.4,42.6,1.0083
2,777.0,645.0,1076.0,1334.0,781.0,20.5,42.3,1.0091
2,855.0,762.0,942.0,1444.0,959.0,18.8,49.0,1.0505
1,960.0,973.0,769.0,1616.0,1155.0,18.8,49.4,1.0624
0,1310.0,1492.0,527.0,2194.0,1686.0,19.9,46.5,1.071
0,1339.0,1561.0,498.0,2357.0,1791.0,22.1,41.7,1.098
0,1211.0,1290.0,606.0,1913.0,1643.0,24.0,36.4,1.0706
1,1068.0,1171.0,711.0,1717.0,1360.0,30.2,22.8,0.9616
1,932.0,1026.0,851.0,1523.0,944.0,33.4,17.1,0.8627
1,949.0,1069.0,819.0,1547.0,905.0,35.1,15.0,0.8381
1,944.0,1045.0,829.0,1525.0,884.0,34.1,16.0,0.8408
1,966.0,1131.0,800.0,1612.0,968.0,35.7,13.6,0.7836
1,940.0,1063.0,848.0,1539.0,929.0,35.3,13.8,0.7767
1,934.0,1041.0,865.0,1496.0,936.0,32.3,16.7,0.7946
1,1052.0,1252.0,739.0,1729.0,1107.0,36.0,13.3,0.7773
1,1109.0,1374.0,676.0,1795.0,1225.0,35.8,13.7,0.7868
0,1169.0,1430.0,636.0,1901.0,1372.0,32.3,18.4,0.8753
1,1093.0,1163.0,717.0,1705.0,1139.0,29.7,25.0,1.0246
1,1084.0,1200.0,686.0,1753.0,1505.0,27.8,26.6,0.9748
1,970.0,1023.0,787.0,1552.0,1074.0,26.3,27.3,0.9238
1,951.0,939.0,849.0,1488.0,868.0,25.3,30.0,0.9508
1,1038.0,1053.0,744.0,1631.0,1095.0,24.0,34.9,1.0271
1,950.0,937.0,802.0,1566.0,989.0,23.4,38.6,1.0968
1,831.0,695.0,1033.0,1355.0,658.0,23.5,38.3,1.0972
2,813.0,656.0,1070.0,1332.0,603.0,22.0,42.6,1.1146
2,797.0,621.0,1105.0,1303.0,562.0,21.6,44.0,1.1225
2,824.0,660.0,1033.0,1342.0,618.0,21.4,45.6,1.1493
1,879.0,796.0,912.0,1454.0,747.0,21.1,47.1,1.1641
0,1132.0,1166.0,652.0,1827.0,1229.0,21.3,48.4,1.2119
0,1291.0,1434.0,526.0,2239.0,1494.0,22.9,47.9,1.3208
0,1193.0,1160.0,630.0,1927.0,1281.0,24.4,45.5,1.3721
1,1057.0,914.0,796.0,1665.0,954.0,27.6,38.0,1.3818
1,1027.0,899.0,822.0,1563.0,810.0,31.1,29.6,1.318
1,1084.0,1052.0,736.0,1677.0,882.0,33.4,24.7,1.2516
1,1032.0,1071.0,742.0,1619.0,840.0,35.7,18.9,1.0865
1,977.0,998.0,810.0,1554.0,743.0,36.2,18.1,1.0724
1,1039.0,1069.0,773.0,1646.0,880.0,37.1,17.7,1.094
1,1056.0,1127.0,734.0,1694.0,928.0,36.5,18.1,1.0887
1,1164.0,1306.0,648.0,1886.0,1218.0,35.5,19.1,1.0888
1,1124.0,1309.0,655.0,1845.0,1170.0,33.7,20.0,1.0275
0,1152.0,1355.0,628.0,1879.0,1620.0,30.5,22.7,0.9763
0,1223.0,1399.0,592.0,1940.0,1508.0,28.7,26.2,1.0144
1,1058.0,1139.0,696.0,1699.0,1318.0,26.7,28.9,0.9981
1,1049.0,1152.0,693.0,1730.0,1189.0,25.7,31.6,1.0285
1,1010.0,1006.0,779.0,1589.0,1000.0,24.5,35.7,1.0807
1,981.0,985.0,779.0,1572.0,1020.0,24.3,36.3,1.0852
1,886.0,834.0,904.0,1440.0,767.0,23.8,36.9,1.0748
1,821.0,706.0,1021.0,1360.0,674.0,23.7,37.3,1.076
2,784.0,641.0,1114.0,1319.0,588.0,22.2,40.6,1.0729
2,771.0,593.0,1155.0,1291.0,545.0,21.6,42.2,1.0762
2,819.0,677.0,1048.0,1379.0,685.0,20.3,46.8,1.1
1,836.0,747.0,961.0,1384.0,702.0,20.7,45.9,1.1088
0,1114.0,1174.0,667.0,1819.0,1188.0,20.5,47.7,1.1419
0,1319.0,1470.0,520.0,2276.0,1589.0,22.4,46.6,1.247
0,1211.0,1143.0,632.0,1860.0,1331.0,24.2,48.5,1.4452
1,1051.0,950.0,802.0,1593.0,1040.0,28.8,33.0,1.2825
1,1108.0,1049.0,749.0,1701.0,1137.0,32.8,25.2,1.2325
1,1014.0,1012.0,795.0,1548.0,851.0,34.4,19.9,1.0647
1,1003.0,1047.0,769.0,1578.0,782.0,36.5,16.7,1.0045
1,1021.0,1092.0,764.0,1606.0,908.0,37.5,14.3,0.9099
1,986.0,937.0,833.0,1473.0,806.0,38.0,15.5,1.0119
1,1098.0,1084.0,754.0,1648.0,985.0,38.1,16.5,1.0828
1,1157.0,1245.0,665.0,1782.0,1211.0,37.3,17.3,1.084
0,1190.0,1395.0,606.0,1914.0,1411.0,35.9,17.7,1.0316
0,1183.0,1341.0,628.0,1881.0,1395.0,32.4,21.5,1.0303
0,1231.0,1341.0,626.0,1937.0,1578.0,30.3,25.6,1.0879
1,1102.0,1195.0,690.0,1762.0,1325.0,28.5,27.8,1.0665
1,1041.0,1060.0,748.0,1629.0,1185.0,26.9,30.5,1.0671
1,1090.0,1103.0,695.0,1686.0,1235.0,25.7,33.5,1.0918
1,1074.0,1078.0,685.0,1673.0,1317.0,24.7,36.9,1.1302
1,977.0,956.0,765.0,1581.0,1114.0,23.6,39.2,1.1306
1,949.0,910.0,816.0,1552.0,1015.0,22.2,43.0,1.1363
1,912.0,842.0,863.0,1489.0,1015.0,21.2,45.8,1.1353
1,863.0,746.0,919.0,1415.0,961.0,21.3,45.9,1.1471
1,834.0,689.0,988.0,1367.0,796.0,21.6,45.0,1.151
1,865.0,764.0,917.0,1430.0,826.0,21.3,46.5,1.1608
1,974.0,908.0,793.0,1546.0,1057.0,21.1,46.9,1.1585
1,1079.0,1004.0,713.0,1628.0,1302.0,22.8,43.0,1.1731
1,1084.0,990.0,734.0,1633.0,1284.0,25.0,38.3,1.198
1,1107.0,1080.0,714.0,1675.0,1348.0,30.9,26.9,1.1835
1,1040.0,1015.0,775.0,1543.0,1025.0,35.1,19.2,1.0664
1,1019.0,913.0,840.0,1428.0,759.0,36.9,17.2,1.0576
1,1003.0,907.0,862.0,1427.0,680.0,39.3,13.9,0.9715
1,925.0,772.0,1001.0,1308.0,516.0,40.3,12.6,0.9302
1,910.0,743.0,1039.0,1282.0,500.0,39.7,13.5,0.965
1,1012.0,868.0,884.0,1435.0,700.0,41.1,13.1,1.0124
1,1100.0,954.0,809.0,1512.0,1360.0,40.1,14.9,1.0828
1,1046.0,901.0,849.0,1464.0,722.0,37.4,17.0,1.0757
1,1083.0,1003.0,787.0,1524.0,842.0,34.0,19.2,1.0073
1,1050.0,962.0,810.0,1496.0,879.0,31.7,21.6,0.9959
1,1050.0,927.0,830.0,1475.0,836.0,29.7,24.2,0.9926
1,1142.0,1035.0,746.0,1611.0,1062.0,27.9,27.6,1.0252
1,1165.0,1043.0,717.0,1644.0,1188.0,26.8,29.9,1.0402
1,1136.0,995.0,727.0,1591.0,1236.0,25.8,33.0,1.0826
1,986.0,790.0,869.0,1422.0,853.0,26.3,33.1,1.1199
1,971.0,790.0,871.0,1447.0,875.0,24.3,38.1,1.1398
1,908.0,701.0,971.0,1381.0,704.0,24.7,36.4,1.1158
1,882.0,648.0,1023.0,1338.0,666.0,23.3,39.5,1.1176
1,900.0,674.0,974.0,1355.0,679.0,21.1,45.6,1.1246
1,935.0,716.0,915.0,1415.0,877.0,20.2,48.5,1.1319
1,939.0,718.0,927.0,1395.0,826.0,21.3,45.5,1.1405
1,982.0,750.0,893.0,1417.0,881.0,22.6,31.0,0.8372
1,1088.0,862.0,786.0,1519.0,1110.0,25.7,34.8,1.1292
1,1065.0,872.0,831.0,1481.0,927.0,31.6,23.8,1.0842
1,1016.0,868.0,889.0,1407.0,665.0,36.3,16.3,0.9727
1,930.0,723.0,1035.0,1263.0,474.0,37.9,15.0,0.9728
1,928.0,716.0,1060.0,1252.0,459.0,39.4,13.7,0.9639
1,889.0,698.0,1132.0,1234.0,437.0,40.2,12.3,0.8983
1,966.0,802.0,968.0,1383.0,607.0,41.3,11.9,0.9252
1,973.0,792.0,977.0,1356.0,620.0,41.4,11.8,0.9282
1,950.0,754.0,1003.0,1325.0,551.0,40.1,13.6,0.9953
1,982.0,780.0,974.0,1374.0,532.0,37.6,16.4,1.0458
1,990.0,814.0,929.0,1399.0,578.0,33.9,20.3,1.0522
1,1017.0,873.0,874.0,1464.0,721.0,31.6,22.9,1.0469
1,1067.0,938.0,825.0,1520.0,912.0,29.7,24.8,1.016
1,1147.0,1040.0,745.0,1635.0,1155.0,29.0,27.0,1.063
1,1132.0,1014.0,728.0,1628.0,1279.0,27.9,30.4,1.1249
1,976.0,814.0,855.0,1448.0,1018.0,28.0,30.6,1.1396
1,920.0,730.0,944.0,1393.0,842.0,26.8,32.3,1.1235
1,879.0,642.0,1031.0,1343.0,740.0,26.6,33.0,1.1338
1,854.0,604.0,1090.0,1317.0,625.0,23.7,38.6,1.1159
1,880.0,649.0,1022.0,1374.0,739.0,22.2,42.8,1.1317
1,925.0,717.0,936.0,1455.0,970.0,21.2,46.3,1.1501
1,1044.0,912.0,758.0,1604.0,1177.0,21.4,46.5,1.172
0,1279.0,1197.0,599.0,1906.0,1518.0,22.9,43.0,1.1826
0,1403.0,1443.0,508.0,2234.0,1811.0,25.2,38.6,1.2215
0,1282.0,1230.0,594.0,1924.0,1696.0,27.1,34.9,1.231
0,1262.0,1187.0,633.0,1842.0,1603.0,32.4,24.8,1.1886
1,1195.0,1153.0,678.0,1732.0,1370.0,36.8,18.0,1.0945
1,1173.0,1127.0,709.0,1678.0,1194.0,39.1,16.0,1.11
1,1102.0,1007.0,777.0,1534.0,880.0,39.2,16.4,1.1439
1,1076.0,982.0,799.0,1523.0,748.0,40.5,14.9,1.111
1,1078.0,1012.0,777.0,1523.0,868.0,41.4,13.8,1.0786
1,1100.0,1014.0,761.0,1533.0,959.0,40.5,14.9,1.114
1,1234.0,1205.0,658.0,1781.0,1160.0,39.6,17.0,1.2064
0,1323.0,1316.0,586.0,1911.0,1453.0,37.7,19.8,1.2715
0,1263.0,1283.0,610.0,1863.0,1400.0,34.3,24.2,1.2857
1,1216.0,1136.0,658.0,1737.0,1265.0,31.7,28.1,1.2912
1,1247.0,1127.0,664.0,1761.0,1366.0,30.2,30.8,1.3008
0,1264.0,1177.0,628.0,1820.0,1593.0,29.4,33.0,1.3343
1,1111.0,988.0,728.0,1619.0,1336.0,29.2,33.1,1.3202
1,1068.0,931.0,762.0,1576.0,1317.0,27.6,36.6,1.332
1,1015.0,850.0,802.0,1531.0,1173.0,27.2,36.9,1.3147
1,989.0,827.0,827.0,1513.0,1163.0,25.4,41.0,1.3079
1,930.0,708.0,924.0,1440.0,1012.0,25.2,41.5,1.3106
1,952.0,717.0,879.0,1481.0,1164.0,23.4,47.4,1.3475
1,981.0,747.0,856.0,1493.0,1090.0,25.1,44.0,1.3794
1,1138.0,974.0,683.0,1716.0,1338.0,23.9,46.5,1.3637
0,1472.0,1424.0,499.0,2257.0,1808.0,24.8,43.2,1.3387
0,1626.0,1713.0,412.0,2643.0,2176.0,27.0,38.7,1.361
0,1480.0,1460.0,494.0,2238.0,2028.0,29.4,33.6,1.3526
0,1367.0,1342.0,567.0,2002.0,1758.0,34.8,23.4,1.2781
1,1245.0,1181.0,645.0,1747.0,1350.0,38.1,18.5,1.2108
1,1194.0,1083.0,685.0,1632.0,1060.0,38.9,18.0,1.2318
1,1156.0,1096.0,713.0,1615.0,954.0,39.8,16.0,1.1444
1,1107.0,1106.0,727.0,1615.0,1024.0,41.7,12.5,0.9941
1,1127.0,1117.0,714.0,1625.0,1092.0,42.8,12.3,1.0326
1,1083.0,994.0,771.0,1544.0,927.0,41.4,14.2,1.1128
1,1289.0,1225.0,632.0,1796.0,1274.0,41.3,15.5,1.21
1,1209.0,1082.0,685.0,1662.0,978.0,38.3,19.4,1.2851
1,1221.0,1145.0,648.0,1753.0,1050.0,34.7,23.3,1.2653
1,1255.0,1164.0,638.0,1793.0,1301.0,32.6,26.3,1.2754
1,1163.0,1022.0,695.0,1644.0,1141.0,30.9,29.0,1.275
1,1234.0,1126.0,644.0,1782.0,1252.0,30.1,30.2,1.2711
1,1240.0,1124.0,645.0,1799.0,1300.0,29.0,33.4,1.3149
1,1128.0,978.0,733.0,1683.0,1193.0,28.3,36.8,1.3906
1,1057.0,881.0,784.0,1574.0,1081.0,27.6,38.2,1.3911
1,1026.0,801.0,816.0,1545.0,1094.0,25.8,43.1,1.4113
1,925.0,656.0,967.0,1440.0,917.0,27.4,39.1,1.4072
1,917.0,635.0,1006.0,1421.0,727.0,26.3,40.9,1.3803
1,1011.0,782.0,828.0,1562.0,1116.0,23.3,50.1,1.41
1,1079.0,869.0,751.0,1634.0,1223.0,23.1,49.7,1.3863
0,1322.0,1250.0,562.0,1999.0,1556.0,24.2,46.4,1.3834
0,1526.0,1495.0,471.0,2405.0,1904.0,25.8,42.2,1.3774
0,1338.0,1207.0,576.0,1951.0,1697.0,28.1,37.3,1.3922
0,1421.0,1354.0,545.0,2063.0,1854.0,33.9,26.8,1.397
1,1197.0,1209.0,656.0,1770.0,1306.0,38.0,17.2,1.1227
1,1116.0,1063.0,736.0,1571.0,980.0,38.9,15.9,1.0896
1,1115.0,1031.0,741.0,1561.0,870.0,40.4,15.0,1.1125
1,1018.0,880.0,865.0,1421.0,613.0,40.1,15.2,1.1065
1,1109.0,989.0,778.0,1537.0,819.0,42.0,14.2,1.1517
1,1105.0,984.0,767.0,1532.0,868.0,42.7,14.4,1.2092
1,1128.0,1032.0,733.0,1576.0,876.0,41.6,14.5,1.1483
1,1301.0,1210.0,623.0,1813.0,1153.0,39.6,18.8,1.3413
0,1416.0,1339.0,544.0,1998.0,1492.0,36.1,25.5,1.4949
0,1301.0,1256.0,593.0,1914.0,1382.0,33.3,29.9,1.5079
1,1261.0,1158.0,628.0,1837.0,1303.0,31.2,33.2,1.4831
0,1295.0,1211.0,602.0,1917.0,1404.0,30.1,35.8,1.5034
1,1239.0,1129.0,637.0,1839.0,1308.0,28.9,39.1,1.537
1,1229.0,1103.0,627.0,1866.0,1320.0,27.8,43.3,1.5929
1,1125.0,963.0,713.0,1719.0,1179.0,26.9,46.1,1.608
1,1044.0,832.0,794.0,1580.0,1160.0,26.4,47.1,1.5947
1,976.0,754.0,842.0,1545.0,1070.0,25.2,51.4,1.621
1,1015.0,781.0,796.0,1595.0,1181.0,23.8,55.4,1.6073
1,954.0,715.0,867.0,1527.0,1010.0,24.9,50.6,1.5755
1,1032.0,826.0,781.0,1627.0,1075.0,25.0,49.2,1.5418
0,1518.0,1476.0,469.0,2388.0,1839.0,24.7,50.9,1.5593
0,1602.0,1678.0,410.0,2662.0,2105.0,26.4,46.3,1.5722
0,1362.0,1225.0,551.0,2003.0,1826.0,28.1,42.0,1.5735
0,1394.0,1294.0,555.0,2031.0,1834.0,34.0,29.9,1.5614
1,1205.0,1070.0,682.0,1735.0,1268.0,37.3,22.9,1.4373
1,1210.0,1118.0,658.0,1742.0,1422.0,40.1,19.0,1.3849
1,1138.0,1055.0,712.0,1624.0,1028.0,42.0,15.8,1.2759
1,1079.0,1019.0,749.0,1559.0,929.0,42.8,14.3,1.2003
1,1158.0,1126.0,693.0,1654.0,1150.0,44.3,13.0,1.183
1,1186.0,1151.0,680.0,1686.0,1235.0,44.6,12.6,1.1684
1,1261.0,1258.0,629.0,1813.0,1315.0,43.4,14.8,1.2882
0,1339.0,1352.0,569.0,1990.0,1469.0,40.6,18.2,1.368
0,1342.0,1377.0,567.0,2017.0,1515.0,37.1,21.3,1.3223
0,1317.0,1327.0,575.0,1996.0,1510.0,34.5,25.5,1.368
1,1210.0,1148.0,639.0,1849.0,1327.0,32.2,30.4,1.4433
1,1220.0,1105.0,643.0,1838.0,1318.0,30.4,35.4,1.5144
0,1276.0,1135.0,625.0,1887.0,1436.0,29.4,38.7,1.5581
0,1270.0,1189.0,592.0,1917.0,1608.0,28.6,38.7,1.4921
1,1053.0,933.0,743.0,1658.0,1257.0,27.7,40.5,1.4835
1,956.0,813.0,846.0,1544.0,1094.0,28.0,39.8,1.4803
1,954.0,790.0,826.0,1564.0,1066.0,24.8,48.5,1.4953
1,912.0,706.0,891.0,1500.0,1022.0,25.6,45.8,1.4801
1,973.0,802.0,806.0,1597.0,1139.0,23.6,51.5,1.4852
1,1037.0,906.0,743.0,1707.0,1158.0,25.1,46.5,1.4615
0,1306.0,1299.0,519.0,2116.0,1602.0,24.5,48.3,1.4593
0,1367.0,1441.0,470.0,2283.0,1770.0,26.6,42.8,1.4675
0,1335.0,1340.0,519.0,2141.0,1651.0,29.0,37.6,1.4866
1,1250.0,1166.0,626.0,1925.0,1435.0,34.2,28.5,1.5071
1,1142.0,1021.0,712.0,1670.0,1159.0,37.3,22.9,1.4369
1,1168.0,1160.0,671.0,1784.0,1193.0,40.1,17.5,1.2721
1,1125.0,1137.0,691.0,1696.0,1094.0,42.2,14.6,1.192
1,1083.0,1066.0,725.0,1621.0,912.0,41.9,15.2,1.2173
1,1080.0,1059.0,733.0,1622.0,908.0,43.1,13.8,1.1803
1,1085.0,1091.0,723.0,1638.0,1010.0,42.8,13.8,1.1681
1,1115.0,1140.0,682.0,1746.0,1020.0,41.1,16.5,1.2701
1,1259.0,1295.0,600.0,1990.0,1280.0,38.7,20.3,1.3743
1,1241.0,1271.0,606.0,1971.0,1287.0,35.8,24.1,1.3924
1,1156.0,1144.0,651.0,1832.0,1216.0,33.1,28.3,1.4121
1,1055.0,922.0,784.0,1634.0,990.0,30.1,33.9,1.4257
1,1144.0,1014.0,712.0,1744.0,1146.0,29.0,36.6,1.4431
1,1169.0,1084.0,655.0,1831.0,1273.0,28.5,38.4,1.468
0,1195.0,1156.0,621.0,1897.0,1346.0,27.8,39.9,1.4682
1,1158.0,1052.0,649.0,1785.0,1353.0,27.0,42.8,1.503
1,1075.0,973.0,695.0,1748.0,1231.0,26.4,44.5,1.5119
1,973.0,810.0,820.0,1599.0,1002.0,25.8,46.6,1.5269
1,989.0,825.0,774.0,1602.0,1126.0,25.1,48.5,1.5266
1,967.0,789.0,810.0,1597.0,995.0,24.6,52.2,1.5881
1,968.0,803.0,806.0,1586.0,1003.0,24.4,50.5,1.5243
1,1062.0,902.0,733.0,1715.0,1055.0,25.2,49.1,1.5546
1,1143.0,979.0,677.0,1829.0,1156.0,26.6,50.8,1.7419
1,1152.0,976.0,672.0,1800.0,1179.0,28.0,46.9,1.748
1,1238.0,1088.0,636.0,1883.0,1306.0,32.7,34.5,1.6798
1,1103.0,946.0,737.0,1686.0,934.0,36.6,26.5,1.599
1,1043.0,843.0,799.0,1628.0,689.0,37.8,26.3,1.6951
1,1058.0,833.0,804.0,1623.0,626.0,38.3,27.1,1.797
1,960.0,676.0,983.0,1488.0,488.0,35.4,32.4,1.837
1,972.0,699.0,982.0,1505.0,495.0,37.3,28.8,1.8087
1,1012.0,775.0,899.0,1547.0,562.0,36.6,28.2,1.697
1,1021.0,814.0,858.0,1545.0,615.0,35.1,29.6,1.6452
1,1034.0,812.0,866.0,1563.0,660.0,32.3,33.4,1.59
1,1026.0,791.0,875.0,1549.0,664.0,29.9,37.9,1.5745
1,966.0,735.0,932.0,1494.0,567.0,28.2,41.9,1.5776
1,948.0,697.0,983.0,1475.0,506.0,27.2,45.9,1.6316
1,984.0,762.0,870.0,1557.0,560.0,27.3,45.7,1.6308
1,1077.0,859.0,790.0,1673.0,724.0,27.0,47.1,1.6573
1,1163.0,893.0,706.0,1760.0,977.0,23.7,69.3,2.0042
1,965.0,692.0,927.0,1549.0,653.0,23.8,63.5,1.8495
1,941.0,687.0,949.0,1530.0,642.0,24.7,56.9,1.739
1,851.0,589.0,1119.0,1432.0,501.0,25.0,53.1,1.6541
1,870.0,581.0,1119.0,1463.0,450.0,24.1,59.6,1.7657
1,834.0,527.0,1242.0,1458.0,427.0,22.5,69.1,1.8578
1,859.0,561.0,1162.0,1476.0,470.0,23.4,64.4,1.835
1,843.0,544.0,1242.0,1442.0,447.0,24.4,57.9,1.7476
1,851.0,551.0,1224.0,1443.0,463.0,24.5,56.9,1.7225
1,853.0,557.0,1215.0,1435.0,454.0,24.9,54.8,1.7063
1,908.0,632.0,1095.0,1494.0,500.0,27.0,47.4,1.6661
1,928.0,687.0,1025.0,1491.0,528.0,27.6,43.7,1.5877
1,905.0,652.0,1076.0,1446.0,490.0,28.2,42.6,1.6062
1,901.0,646.0,1105.0,1446.0,488.0,29.1,40.8,1.6203
1,869.0,619.0,1163.0,1417.0,475.0,29.8,38.6,1.5911
1,891.0,655.0,1107.0,1452.0,486.0,31.5,34.5,1.5666
1,855.0,606.0,1214.0,1403.0,438.0,31.2,36.3,1.6217
1,911.0,654.0,1102.0,1466.0,477.0,30.0,41.3,1.7259
1,989.0,713.0,954.0,1552.0,626.0,27.6,47.5,1.7266
1,1048.0,826.0,853.0,1637.0,747.0,28.8,41.3,1.6164
1,1049.0,839.0,846.0,1636.0,858.0,28.5,41.6,1.5959
1,1035.0,868.0,833.0,1653.0,775.0,27.7,43.4,1.5833
1,1034.0,850.0,831.0,1643.0,803.0,27.3,44.1,1.5751
1,1022.0,826.0,857.0,1627.0,777.0,26.9,45.5,1.5926
1,1007.0,809.0,876.0,1611.0,770.0,26.6,47.2,1.616
1,945.0,755.0,935.0,1553.0,663.0,26.0,48.0,1.5882
1,880.0,649.0,1056.0,1465.0,529.0,26.2,45.7,1.5324
1,837.0,597.0,1129.0,1414.0,478.0,25.9,46.3,1.524
1,822.0,569.0,1204.0,1396.0,429.0,25.6,46.8,1.5111
1,860.0,623.0,1097.0,1466.0,552.0,25.3,47.6,1.5159
1,1023.0,847.0,830.0,1663.0,916.0,25.4,48.5,1.5507
1,1150.0,1020.0,686.0,1842.0,1169.0,26.5,46.3,1.5768
1,1088.0,965.0,734.0,1744.0,1049.0,27.9,42.7,1.5754
1,993.0,866.0,832.0,1637.0,823.0,28.8,38.9,1.5184
1,962.0,849.0,861.0,1559.0,804.0,31.7,31.5,1.4487
1,974.0,905.0,838.0,1596.0,805.0,33.9,26.9,1.3964
1,998.0,913.0,834.0,1635.0,826.0,34.7,26.5,1.4408
1,964.0,923.0,834.0,1590.0,782.0,35.4,24.8,1.4017
1,903.0,780.0,975.0,1464.0,593.0,35.2,24.1,1.351
1,973.0,903.0,866.0,1563.0,698.0,36.3,22.8,1.3564
1,976.0,907.0,867.0,1546.0,719.0,35.4,23.8,1.3443
1,1026.0,1048.0,767.0,1651.0,912.0,34.6,23.5,1.2691
1,1163.0,1227.0,659.0,1931.0,1129.0,33.0,28.2,1.3921
1,1082.0,1134.0,709.0,1763.0,1089.0,32.5,27.9,1.3373
1,1029.0,1042.0,756.0,1697.0,1062.0,30.5,29.9,1.2875
1,991.0,953.0,815.0,1616.0,924.0,29.1,33.1,1.3126
1,950.0,856.0,881.0,1549.0,780.0,28.4,35.8,1.3665
1,997.0,898.0,813.0,1613.0,856.0,27.7,37.9,1.3842
1,912.0,810.0,873.0,1511.0,861.0,28.3,35.5,1.3414
1,861.0,729.0,942.0,1479.0,684.0,27.1,38.6,1.3632
1,838.0,719.0,949.0,1466.0,707.0,25.8,40.9,1.3377
1,784.0,587.0,1128.0,1392.0,554.0,26.0,40.6,1.3467
1,800.0,615.0,1064.0,1396.0,614.0,24.6,43.4,1.3248
1,825.0,634.0,1035.0,1402.0,606.0,25.1,42.3,1.326
1,996.0,853.0,796.0,1621.0,1023.0,23.1,48.8,1.3638
1,1086.0,947.0,724.0,1724.0,1134.0,24.7,46.8,1.4337
1,1041.0,962.0,728.0,1694.0,936.0,24.6,45.1,1.3714
1,991.0,944.0,765.0,1608.0,868.0,26.2,38.5,1.2932
1,999.0,953.0,780.0,1600.0,879.0,29.3,31.0,1.2445
1,981.0,918.0,839.0,1572.0,785.0,31.2,26.6,1.192
1,926.0,853.0,894.0,1478.0,651.0,31.1,26.2,1.1619
1,939.0,853.0,890.0,1528.0,679.0,31.7,26.4,1.2153
1,915.0,828.0,928.0,1474.0,630.0,31.7,25.6,1.179
1,883.0,820.0,942.0,1413.0,594.0,32.6,22.5,1.0901
1,926.0,869.0,925.0,1470.0,655.0,32.8,22.2,1.0835
1,989.0,1004.0,818.0,1577.0,783.0,32.4,22.4,1.0701
1,1003.0,1045.0,781.0,1602.0,865.0,31.4,22.7,1.027
1,933.0,1001.0,819.0,1536.0,776.0,28.4,24.7,0.9404
1,912.0,951.0,846.0,1479.0,861.0,27.7,24.2,0.882
1,888.0,843.0,892.0,1438.0,729.0,26.1,28.3,0.9456
1,858.0,866.0,874.0,1421.0,715.0,25.3,28.4,0.9041
1,837.0,809.0,940.0,1355.0,615.0,25.2,27.7,0.874
1,902.0,929.0,835.0,1482.0,824.0,24.5,28.0,0.8489
1,860.0,847.0,873.0,1426.0,748.0,23.6,31.9,0.9195
1,794.0,698.0,999.0,1336.0,767.0,22.8,34.7,0.9514
2,742.0,602.0,1156.0,1283.0,513.0,23.6,33.2,0.9577
2,779.0,663.0,1022.0,1337.0,671.0,20.5,41.2,0.9802
2,798.0,706.0,977.0,1363.0,798.0,20.6,41.5,0.9982
1,851.0,827.0,875.0,1449.0,912.0,20.2,42.5,0.9949
1,1048.0,1105.0,670.0,1726.0,1151.0,20.9,40.4,0.9884
0,1210.0,1472.0,515.0,2112.0,1525.0,22.4,38.0,1.0201
0,1172.0,1372.0,575.0,1964.0,1465.0,26.0,29.7,0.9831
1,1026.0,1186.0,719.0,1662.0,1138.0,31.4,18.6,0.8398
1,914.0,994.0,872.0,1481.0,763.0,34.2,15.8,0.8371
1,938.0,1025.0,829.0,1517.0,753.0,35.4,15.3,0.8649
1,908.0,962.0,877.0,1409.0,665.0,34.6,15.5,0.8435
1,892.0,889.0,909.0,1383.0,597.0,33.9,16.2,0.8454
1,949.0,1003.0,830.0,1473.0,730.0,35.3,15.0,0.8463
1,956.0,1007.0,838.0,1464.0,730.0,36.8,13.7,0.8335
1,1070.0,1218.0,704.0,1697.0,1108.0,34.4,16.4,0.8761
1,1103.0,1232.0,679.0,1732.0,1085.0,35.3,16.8,0.9448
1,1074.0,1166.0,687.0,1713.0,1013.0,32.3,20.7,0.9875
1,1086.0,1105.0,710.0,1682.0,1109.0,29.6,26.1,1.0682
1,960.0,964.0,780.0,1532.0,913.0,28.6,27.2,1.048
1,974.0,958.0,783.0,1528.0,908.0,27.6,27.4,0.9926
1,939.0,918.0,805.0,1472.0,923.0,26.3,29.0,0.9807
1,954.0,940.0,776.0,1518.0,959.0,25.4,30.1,0.9602
1,925.0,890.0,808.0,1480.0,898.0,24.7,32.1,0.9878
1,797.0,624.0,1074.0,1276.0,546.0,25.7,30.9,1.0048
2,787.0,610.0,1087.0,1259.0,543.0,25.1,32.6,1.0203
2,774.0,577.0,1158.0,1265.0,488.0,23.9,34.4,1.0079
2,838.0,693.0,995.0,1371.0,704.0,21.4,40.3,1.0157
1,918.0,860.0,807.0,1488.0,943.0,21.2,41.2,1.0246
0,1125.0,1199.0,601.0,1850.0,1304.0,21.6,40.9,1.0468
0,1281.0,1469.0,491.0,2179.0,1669.0,24.0,36.6,1.0763
0,1145.0,1238.0,600.0,1809.0,1507.0,26.8,29.5,1.0209
1,1088.0,1238.0,654.0,1709.0,1359.0,31.8,19.4,0.8936
1,1043.0,1117.0,742.0,1586.0,1076.0,34.4,16.6,0.8892
1,998.0,981.0,786.0,1480.0,797.0,35.3,16.7,0.9402
1,998.0,958.0,800.0,1484.0,677.0,36.4,16.8,1.0033
1,960.0,860.0,887.0,1417.0,559.0,34.8,19.5,1.0667
1,1062.0,1060.0,725.0,1601.0,830.0,38.6,16.1,1.0853
1,1050.0,1039.0,756.0,1558.0,734.0,38.5,16.5,1.1037
1,1096.0,1078.0,713.0,1600.0,801.0,37.4,18.1,1.1467
1,1081.0,1117.0,689.0,1668.0,828.0,35.7,19.8,1.1399
1,1096.0,1112.0,687.0,1694.0,865.0,32.0,24.9,1.1663
1,1051.0,1039.0,720.0,1641.0,916.0,29.7,28.1,1.1544
1,1106.0,1109.0,658.0,1752.0,1106.0,28.5,32.1,1.2296
1,1177.0,1142.0,601.0,1868.0,1226.0,27.6,40.5,1.4715
1,1111.0,1046.0,651.0,1754.0,1106.0,26.3,45.6,1.5349
1,1083.0,1019.0,677.0,1720.0,1087.0,25.7,46.1,1.5025
1,1005.0,900.0,747.0,1620.0,1000.0,25.1,46.3,1.4486
1,942.0,791.0,841.0,1551.0,859.0,23.5,51.3,1.467
1,907.0,863.0,782.0,1669.0,919.0,23.1,52.1,1.4518
1,867.0,680.0,932.0,1477.0,777.0,23.7,51.2,1.4795
1,882.0,716.0,894.0,1494.0,790.0,23.0,52.2,1.4516
1,894.0,761.0,862.0,1504.0,768.0,23.0,49.9,1.3849
0,1263.0,1279.0,559.0,2132.0,1388.0,23.0,50.9,1.4105
0,1380.0,1463.0,470.0,2322.0,1691.0,24.4,49.3,1.4814
0,1333.0,1350.0,511.0,2186.0,1655.0,26.8,46.6,1.6157
0,1264.0,1244.0,584.0,1972.0,1496.0,32.2,32.6,1.5412
1,1115.0,1053.0,686.0,1722.0,1086.0,34.8,26.0,1.4241
1,1078.0,956.0,742.0,1628.0,763.0,36.1,24.8,1.4628
1,1055.0,980.0,742.0,1610.0,688.0,37.7,21.8,1.3977
1,1031.0,995.0,752.0,1580.0,694.0,36.9,21.8,1.3384
1,1033.0,1006.0,749.0,1564.0,725.0,39.1,18.7,1.2884
1,1043.0,962.0,777.0,1554.0,686.0,39.3,18.9,1.318
1,1118.0,1084.0,684.0,1723.0,838.0,38.2,21.8,1.4312
1,1137.0,1165.0,649.0,1840.0,974.0,36.6,23.3,1.4042
1,1153.0,1194.0,628.0,1874.0,1038.0,33.3,28.7,1.4454
1,1145.0,1134.0,647.0,1828.0,1108.0,30.9,34.2,1.5064
1,1149.0,1092.0,667.0,1808.0,1135.0,29.1,38.9,1.5384
1,1149.0,1143.0,620.0,1827.0,1143.0,28.1,40.3,1.5086
1,1052.0,1002.0,716.0,1667.0,908.0,27.0,41.6,1.4596
1,935.0,832.0,809.0,1566.0,778.0,25.7,46.8,1.523
1,935.0,787.0,864.0,1588.0,728.0,25.1,51.1,1.6044
1,930.0,772.0,854.0,1613.0,728.0,23.7,56.5,1.6341
1,880.0,704.0,913.0,1529.0,676.0,23.8,55.3,1.6068
1,916.0,748.0,878.0,1559.0,742.0,23.7,54.6,1.5823
1,975.0,871.0,771.0,1666.0,942.0,22.6,58.8,1.5903
1,948.0,829.0,801.0,1600.0,926.0,24.0,53.4,1.5748
1,1069.0,947.0,728.0,1763.0,1039.0,25.2,51.0,1.6131
1,1210.0,1067.0,642.0,1879.0,1158.0,27.3,47.1,1.6807
1,1272.0,1170.0,620.0,1957.0,1347.0,32.8,33.4,1.633
1,1240.0,1175.0,614.0,1895.0,1262.0,36.0,28.0,1.6304
1,1171.0,1135.0,654.0,1797.0,1073.0,38.5,23.8,1.5944
1,1072.0,1039.0,745.0,1611.0,817.0,39.8,20.5,1.4687
1,970.0,873.0,859.0,1423.0,606.0,38.1,22.0,1.4402
1,938.0,816.0,917.0,1418.0,506.0,40.0,20.0,1.4517
1,976.0,852.0,866.0,1467.0,559.0,40.4,19.8,1.4724
1,958.0,820.0,886.0,1452.0,530.0,39.1,20.7,1.427
1,1014.0,903.0,816.0,1554.0,612.0,37.3,24.3,1.5222
1,1091.0,987.0,737.0,1711.0,774.0,34.0,30.9,1.6158
1,1080.0,1004.0,724.0,1704.0,899.0,31.8,34.5,1.5911
1,1128.0,1082.0,675.0,1817.0,1066.0,30.1,37.7,1.5799
1,1105.0,1027.0,684.0,1758.0,1040.0,28.6,42.3,1.6251
1,1141.0,1095.0,642.0,1816.0,1139.0,27.7,44.6,1.6304
1,1104.0,1020.0,681.0,1771.0,1086.0,26.6,47.5,1.6265
1,1065.0,970.0,698.0,1724.0,1049.0,25.7,50.7,1.6491
1,971.0,821.0,820.0,1637.0,811.0,25.1,53.9,1.689
1,891.0,691.0,941.0,1553.0,629.0,24.8,58.7,1.8089
1,936.0,713.0,883.0,1584.0,723.0,23.5,63.6,1.8223
1,845.0,625.0,993.0,1513.0,646.0,24.3,59.4,1.7838
1,872.0,627.0,997.0,1530.0,670.0,23.3,62.0,1.7547
1,903.0,648.0,975.0,1559.0,603.0,24.1,63.1,1.8619
1,971.0,722.0,876.0,1624.0,687.0,25.0,60.7,1.892
1,1006.0,789.0,824.0,1657.0,733.0,27.3,52.4,1.8707
1,1012.0,804.0,832.0,1638.0,766.0,32.4,37.3,1.7808
1,975.0,737.0,896.0,1531.0,621.0,35.4,31.3,1.7736
1,944.0,730.0,933.0,1495.0,560.0,37.4,28.2,1.7808
1,857.0,685.0,1055.0,1331.0,451.0,39.2,20.2,1.4104
1,824.0,683.0,1119.0,1270.0,393.0,38.1,18.5,1.2141
1,868.0,707.0,1063.0,1325.0,417.0,40.2,17.7,1.2989
1,908.0,748.0,1020.0,1373.0,451.0,39.7,19.1,1.3646
1,912.0,776.0,991.0,1379.0,461.0,38.5,19.8,1.326
1,986.0,830.0,906.0,1482.0,536.0,36.6,24.6,1.4872
1,1037.0,900.0,817.0,1584.0,619.0,33.1,32.7,1.62
1,1088.0,948.0,743.0,1667.0,766.0,30.7,38.7,1.678
1,1093.0,944.0,711.0,1655.0,785.0,29.5,42.7,1.7316
1,1142.0,945.0,682.0,1736.0,793.0,27.8,52.6,1.9398
1,1170.0,959.0,666.0,1798.0,838.0,27.4,55.5,1.9998
1,1142.0,945.0,672.0,1775.0,799.0,27.3,57.1,2.0426
1,986.0,762.0,821.0,1573.0,553.0,26.7,60.1,2.067
1,942.0,696.0,916.0,1542.0,465.0,26.2,61.6,2.0575
1,882.0,595.0,1097.0,1463.0,406.0,25.5,62.8,2.0236
1,854.0,553.0,1203.0,1418.0,396.0,25.5,61.8,1.9831
1,910.0,630.0,1061.0,1504.0,468.0,25.1,62.4,1.9602
1,1005.0,791.0,829.0,1650.0,638.0,24.6,62.7,1.9158
1,1193.0,1085.0,610.0,1947.0,1097.0,25.7,58.9,1.9156
0,1297.0,1233.0,544.0,2129.0,1248.0,27.1,54.4,1.9206
1,1180.0,1031.0,633.0,1866.0,1067.0,28.4,50.7,1.9329
1,1134.0,1017.0,689.0,1774.0,964.0,32.7,36.9,1.7953
1,1113.0,1013.0,702.0,1781.0,903.0,34.0,32.7,1.7146
1,1084.0,1004.0,706.0,1761.0,839.0,35.6,29.2,1.6684
1,1009.0,921.0,778.0,1635.0,692.0,37.1,25.6,1.5868
1,1002.0,928.0,798.0,1636.0,629.0,36.1,26.4,1.5505
1,1007.0,956.0,763.0,1654.0,666.0,37.9,23.8,1.5392
1,996.0,959.0,779.0,1636.0,684.0,38.0,22.2,1.4483
1,1050.0,1082.0,705.0,1731.0,816.0,36.9,22.7,1.3887
1,1100.0,1107.0,676.0,1801.0,876.0,35.5,25.7,1.4626
1,1085.0,1057.0,689.0,1775.0,836.0,32.8,32.2,1.5779
1,1079.0,1042.0,697.0,1773.0,846.0,30.5,38.2,1.6376
1,1086.0,974.0,707.0,1733.0,795.0,28.8,43.5,1.6989
1,1092.0,1005.0,669.0,1746.0,836.0,28.0,46.2,1.721
1,1097.0,956.0,708.0,1724.0,818.0,27.1,49.4,1.7398
1,1075.0,904.0,720.0,1692.0,777.0,26.4,52.2,1.7708
1,1008.0,838.0,774.0,1640.0,733.0,26.2,52.3,1.7561
1,895.0,672.0,941.0,1469.0,703.0,27.1,47.4,1.6809
1,838.0,559.0,1186.0,1428.0,559.0,28.0,45.2,1.6832
1,866.0,603.0,1077.0,1459.0,589.0,25.8,50.9,1.6605
1,872.0,617.0,1026.0,1456.0,585.0,27.2,47.2,1.6803
1,922.0,664.0,973.0,1503.0,644.0,27.0,48.3,1.6946
0,1362.0,1277.0,529.0,2188.0,1392.0,25.9,51.5,1.7
0,1349.0,1333.0,487.0,2256.0,1533.0,27.4,48.6,1.7447
0,1298.0,1215.0,539.0,2068.0,1404.0,29.1,45.5,1.7998
1,1234.0,1154.0,596.0,1965.0,1204.0,32.8,36.9,1.803
1,1147.0,999.0,697.0,1788.0,915.0,34.7,32.1,1.741
1,1173.0,1061.0,650.0,1858.0,940.0,33.7,35.1,1.8022
1,1118.0,995.0,689.0,1779.0,863.0,35.1,32.4,1.7996
1,1078.0,951.0,722.0,1718.0,747.0,35.4,30.9,1.7505
1,1076.0,951.0,730.0,1675.0,704.0,36.5,28.7,1.7256
1,1103.0,1014.0,684.0,1749.0,791.0,38.0,24.7,1.6073
1,1117.0,1052.0,671.0,1780.0,824.0,37.5,24.4,1.5515
1,1166.0,1108.0,622.0,1854.0,913.0,35.5,28.9,1.6468
1,1157.0,1082.0,631.0,1854.0,907.0,31.9,37.5,1.7442
1,1136.0,990.0,672.0,1807.0,918.0,30.1,45.0,1.8891
1,1122.0,959.0,685.0,1798.0,914.0,28.8,48.9,1.9105
1,1121.0,989.0,659.0,1821.0,955.0,28.8,48.8,1.9039
1,1150.0,1020.0,645.0,1835.0,1063.0,28.0,49.0,1.8237
1,1074.0,949.0,678.0,1751.0,982.0,27.5,51.5,1.8664
1,1039.0,899.0,714.0,1717.0,914.0,27.3,51.5,1.844
1,963.0,804.0,791.0,1658.0,861.0,26.7,53.3,1.8366
1,889.0,710.0,889.0,1566.0,713.0,25.9,55.1,1.8117
1,868.0,652.0,962.0,1526.0,740.0,27.0,51.8,1.8147
1,877.0,654.0,987.0,1529.0,801.0,26.8,50.9,1.7693
1,1056.0,893.0,733.0,1743.0,1132.0,25.0,57.0,1.7792
0,1288.0,1278.0,521.0,2182.0,1473.0,26.2,52.8,1.7729
0,1381.0,1454.0,455.0,2404.0,1607.0,28.3,47.6,1.7981
1,1113.0,1001.0,663.0,1783.0,1146.0,29.9,42.1,1.7474
1,1062.0,909.0,764.0,1687.0,867.0,33.0,35.4,1.7504
1,1094.0,976.0,719.0,1753.0,869.0,35.6,30.6,1.7493
1,1050.0,923.0,747.0,1662.0,744.0,37.1,27.9,1.7309
1,1056.0,926.0,748.0,1643.0,702.0,37.9,25.7,1.6651
1,944.0,814.0,852.0,1489.0,554.0,37.2,23.6,1.4764
1,1003.0,901.0,813.0,1589.0,661.0,39.1,21.7,1.5031
1,1018.0,881.0,828.0,1590.0,630.0,39.3,22.0,1.5366
1,1108.0,1003.0,727.0,1710.0,803.0,38.2,23.8,1.5666
1,1049.0,927.0,750.0,1659.0,727.0,34.0,33.2,1.7395
1,1078.0,897.0,732.0,1751.0,894.0,25.5,58.6,1.8891
1,999.0,867.0,785.0,1644.0,864.0,27.2,46.0,1.6376
1,943.0,798.0,846.0,1571.0,743.0,27.6,45.2,1.6479
1,987.0,790.0,838.0,1608.0,830.0,25.4,52.7,1.6867
1,939.0,743.0,894.0,1539.0,675.0,26.1,49.4,1.6491
1,1015.0,840.0,783.0,1664.0,839.0,25.0,53.6,1.6721
1,935.0,737.0,869.0,1548.0,758.0,25.4,52.9,1.698
1,908.0,700.0,922.0,1547.0,644.0,25.4,54.4,1.7384
1,853.0,605.0,1032.0,1488.0,615.0,25.4,54.6,1.7432
1,851.0,592.0,1054.0,1482.0,578.0,24.5,57.1,1.7327
1,957.0,705.0,857.0,1578.0,843.0,22.8,63.7,1.7392
1,1059.0,836.0,742.0,1675.0,1113.0,22.6,64.1,1.7358
0,1261.0,1134.0,557.0,2015.0,1388.0,24.3,58.0,1.7429
0,1215.0,1150.0,574.0,1962.0,1310.0,26.5,50.4,1.7215
1,1097.0,940.0,676.0,1727.0,1056.0,28.1,45.4,1.697
1,1135.0,1030.0,662.0,1789.0,1104.0,31.7,36.7,1.6843
1,1117.0,1020.0,706.0,1731.0,973.0,35.8,28.7,1.6626
1,1108.0,985.0,727.0,1708.0,1001.0,36.8,27.2,1.6623
1,1038.0,906.0,808.0,1567.0,747.0,38.3,24.5,1.622
1,985.0,838.0,850.0,1541.0,653.0,34.2,30.8,1.6299
1,1100.0,832.0,767.0,1695.0,934.0,28.7,51.4,1.9871
1,1067.0,855.0,748.0,1700.0,811.0,23.9,69.1,2.0202
1,1140.0,963.0,669.0,1815.0,918.0,21.5,78.8,1.9939
1,1113.0,954.0,682.0,1801.0,899.0,21.6,78.5,1.994
1,1124.0,984.0,678.0,1826.0,902.0,21.5,78.4,1.9818
1,1056.0,886.0,732.0,1721.0,900.0,20.8,80.9,1.9637
1,1002.0,783.0,805.0,1623.0,875.0,20.7,81.8,1.9717
1,971.0,789.0,816.0,1594.0,879.0,23.1,70.1,1.9582
1,1001.0,799.0,829.0,1619.0,859.0,22.7,68.4,1.8627
1,1058.0,867.0,731.0,1685.0,1048.0,22.1,72.6,1.9105
1,1030.0,848.0,734.0,1691.0,1048.0,21.8,74.1,1.915
1,950.0,762.0,827.0,1616.0,959.0,21.9,72.8,1.8944
1,912.0,716.0,875.0,1586.0,898.0,21.7,73.2,1.8763
1,893.0,676.0,930.0,1567.0,859.0,21.4,75.5,1.9033
1,938.0,734.0,847.0,1607.0,947.0,21.4,75.5,1.9069
1,1065.0,889.0,722.0,1760.0,1081.0,21.9,74.9,1.9396
0,1240.0,1102.0,588.0,1989.0,1257.0,22.0,75.9,1.9817
0,1307.0,1270.0,516.0,2191.0,1404.0,22.5,74.9,2.019
0,1229.0,1188.0,557.0,2033.0,1412.0,24.5,66.2,2.0011
0,1220.0,1122.0,601.0,1974.0,1428.0,25.6,61.2,1.9808
0,1218.0,1168.0,607.0,2000.0,1451.0,29.3,48.4,1.9367
1,1171.0,1129.0,631.0,1911.0,1346.0,33.5,36.0,1.8395
1,1067.0,995.0,717.0,1730.0,1093.0,35.6,29.8,1.7045
1,1054.0,985.0,735.0,1742.0,940.0,33.7,33.4,1.7186
1,1051.0,1003.0,711.0,1715.0,909.0,34.1,33.3,1.7509
1,1103.0,1035.0,672.0,1834.0,1005.0,31.5,43.5,1.9797
1,970.0,894.0,761.0,1649.0,756.0,32.5,40.6,1.9481
1,1100.0,1038.0,668.0,1873.0,1080.0,29.8,45.2,1.8642
1,1129.0,1137.0,606.0,1952.0,1220.0,27.7,49.9,1.8189
1,1126.0,1089.0,620.0,1886.0,1208.0,26.4,54.6,1.8459
1,1019.0,971.0,692.0,1760.0,1057.0,25.5,58.0,1.8611
1,1011.0,930.0,728.0,1723.0,1009.0,25.1,59.9,1.8797
1,1039.0,991.0,685.0,1820.0,1088.0,24.1,63.5,1.8828
1,974.0,920.0,718.0,1755.0,1062.0,23.8,65.0,1.8897
1,925.0,831.0,789.0,1662.0,975.0,23.4,64.9,1.843
1,810.0,674.0,976.0,1530.0,793.0,24.4,58.6,1.7714
1,800.0,627.0,1032.0,1519.0,787.0,23.3,63.3,1.7895
1,813.0,645.0,990.0,1530.0,802.0,21.9,67.1,1.7414
1,788.0,604.0,1068.0,1507.0,754.0,23.6,61.2,1.7588
1,815.0,670.0,971.0,1538.0,774.0,22.6,63.4,1.7136
1,868.0,771.0,840.0,1608.0,860.0,22.9,62.6,1.7253
1,951.0,886.0,742.0,1705.0,988.0,23.3,61.8,1.7504
1,1075.0,996.0,649.0,1838.0,1113.0,25.4,56.2,1.7961
1,1058.0,1012.0,676.0,1782.0,1063.0,30.6,41.9,1.8104
1,1012.0,914.0,760.0,1653.0,858.0,33.5,34.0,1.73
1,929.0,811.0,862.0,1541.0,642.0,35.5,29.8,1.7004
1,902.0,813.0,875.0,1518.0,588.0,37.5,24.7,1.5637
1,836.0,750.0,960.0,1390.0,484.0,35.1,25.2,1.402
1,858.0,776.0,947.0,1431.0,498.0,38.1,21.1,1.3863
1,886.0,803.0,939.0,1460.0,538.0,38.5,21.8,1.4653
1,974.0,833.0,864.0,1577.0,565.0,36.8,29.5,1.8037
1,1008.0,915.0,783.0,1643.0,672.0,34.9,33.4,1.8384
1,990.0,912.0,777.0,1648.0,689.0,32.2,37.4,1.7655
1,981.0,917.0,740.0,1649.0,714.0,29.7,41.7,1.7081
1,954.0,828.0,793.0,1589.0,631.0,27.7,47.4,1.7344
1,1030.0,988.0,686.0,1751.0,829.0,27.3,49.4,1.7602
1,1033.0,1011.0,681.0,1768.0,875.0,26.3,51.3,1.7251
1,963.0,872.0,767.0,1617.0,803.0,25.7,54.1,1.7546
1,918.0,805.0,816.0,1571.0,759.0,25.4,55.1,1.7628
1,868.0,736.0,894.0,1548.0,638.0,24.9,57.3,1.7822
1,886.0,744.0,869.0,1590.0,700.0,24.1,61.8,1.8339
1,813.0,609.0,1017.0,1473.0,615.0,23.9,61.2,1.7871
1,815.0,616.0,1080.0,1532.0,596.0,23.8,61.3,1.7881
1,815.0,627.0,1049.0,1518.0,650.0,23.4,61.7,1.7495
1,835.0,638.0,1024.0,1506.0,655.0,24.3,58.4,1.7508
1,921.0,738.0,901.0,1585.0,779.0,25.1,56.6,1.7798
1,963.0,774.0,839.0,1621.0,758.0,27.3,51.3,1.835
1,935.0,724.0,936.0,1574.0,598.0,29.5,45.9,1.8662
1,1007.0,751.0,849.0,1649.0,643.0,27.6,52.4,1.9055
1,1032.0,744.0,813.0,1695.0,778.0,25.4,68.0,2.1806
1,901.0,689.0,964.0,1543.0,522.0,32.2,40.3,1.8999
1,851.0,627.0,1129.0,1433.0,419.0,31.6,38.9,1.7838
1,877.0,655.0,1061.0,1471.0,444.0,33.0,37.3,1.8481
1,909.0,690.0,1039.0,1488.0,474.0,35.1,32.1,1.7841
1,908.0,715.0,988.0,1479.0,495.0,35.0,31.1,1.7173
1,926.0,763.0,949.0,1491.0,504.0,33.8,32.1,1.6596
1,1010.0,836.0,848.0,1577.0,616.0,31.1,38.8,1.7295
1,1031.0,868.0,798.0,1634.0,690.0,29.0,46.1,1.8141
1,1070.0,905.0,745.0,1702.0,846.0,28.1,50.6,1.8969
1,1124.0,992.0,660.0,1791.0,1013.0,27.1,54.7,1.9284
1,1066.0,940.0,683.0,1744.0,978.0,26.6,56.4,1.9349
1,1001.0,836.0,771.0,1662.0,821.0,25.8,60.4,1.9759
1,967.0,824.0,774.0,1637.0,862.0,25.5,61.6,1.9804
1,901.0,733.0,888.0,1605.0,755.0,24.9,63.5,1.9647
1,835.0,638.0,997.0,1526.0,715.0,24.3,65.1,1.9475
1,820.0,598.0,1065.0,1511.0,684.0,23.8,65.7,1.9079
1,896.0,694.0,941.0,1583.0,853.0,23.2,68.0,1.9045
1,996.0,872.0,756.0,1727.0,990.0,23.2,67.5,1.899
0,1159.0,1151.0,579.0,2005.0,1206.0,24.3,63.3,1.8929
0,1185.0,1152.0,578.0,2003.0,1274.0,25.5,59.7,1.9193
0,1168.0,1138.0,585.0,1946.0,1336.0,27.7,52.5,1.9138
1,1044.0,970.0,715.0,1751.0,1068.0,31.8,38.9,1.8005
1,983.0,897.0,800.0,1608.0,804.0,32.7,34.1,1.6592
1,1032.0,912.0,764.0,1661.0,826.0,34.3,31.5,1.6745
1,1019.0,889.0,787.0,1630.0,745.0,34.2,31.5,1.6675
1,982.0,844.0,835.0,1567.0,638.0,33.9,32.3,1.6809
1,1016.0,880.0,783.0,1617.0,684.0,34.4,31.9,1.7005
1,1091.0,925.0,730.0,1685.0,1020.0,29.8,41.7,1.7167
1,1109.0,965.0,696.0,1742.0,1100.0,28.8,45.9,1.7884
1,1098.0,944.0,687.0,1772.0,1086.0,28.2,51.1,1.9221
1,1088.0,945.0,674.0,1765.0,1060.0,27.5,54.4,1.9705
1,1035.0,859.0,732.0,1680.0,996.0,27.4,55.0,1.9827
1,942.0,758.0,824.0,1567.0,856.0,28.1,51.6,1.9269
1,902.0,680.0,919.0,1535.0,722.0,26.3,56.5,1.9027
1,919.0,704.0,861.0,1603.0,860.0,24.4,65.0,1.9612
1,875.0,665.0,919.0,1559.0,772.0,24.4,63.6,1.9218
1,927.0,747.0,830.0,1633.0,910.0,23.5,67.4,1.9305
1,1032.0,883.0,718.0,1742.0,1051.0,23.4,65.7,1.872
0,1193.0,1139.0,563.0,2009.0,1257.0,24.5,61.3,1.8522
0,1268.0,1259.0,519.0,2114.0,1410.0,26.0,55.8,1.8536
0,1238.0,1144.0,565.0,1939.0,1433.0,28.5,48.5,1.8607
1,1230.0,1133.0,604.0,1909.0,1413.0,33.6,35.7,1.8229
1,1161.0,1074.0,646.0,1777.0,1206.0,36.5,28.9,1.7359
1,1048.0,949.0,764.0,1607.0,831.0,39.0,23.7,1.6346
1,929.0,752.0,955.0,1385.0,544.0,38.8,23.7,1.6093
1,950.0,783.0,914.0,1443.0,525.0,38.0,24.0,1.5686
1,1013.0,864.0,819.0,1544.0,644.0,40.5,23.3,1.7416
1,1034.0,845.0,841.0,1566.0,702.0,39.8,25.4,1.8213
1,1082.0,965.0,760.0,1649.0,844.0,39.6,23.3,1.6535
1,1110.0,1012.0,720.0,1725.0,905.0,38.8,24.7,1.6772
1,1118.0,999.0,706.0,1766.0,878.0,34.7,35.9,1.9528
1,1136.0,967.0,703.0,1801.0,927.0,32.3,43.6,2.07
1,1106.0,924.0,725.0,1757.0,910.0,30.7,48.1,2.0821
1,1151.0,984.0,678.0,1823.0,1024.0,29.5,50.6,2.0492
1,1144.0,997.0,669.0,1816.0,1021.0,28.8,52.0,2.0297
1,1118.0,930.0,697.0,1748.0,1027.0,28.2,55.0,2.0697
1,1066.0,839.0,740.0,1700.0,993.0,27.2,59.1,2.0997
1,991.0,778.0,797.0,1665.0,910.0,26.7,60.7,2.0977
1,906.0,650.0,961.0,1581.0,768.0,26.9,60.3,2.1074
1,903.0,662.0,932.0,1590.0,760.0,26.4,61.6,2.0931
1,941.0,685.0,895.0,1632.0,834.0,25.9,63.6,2.102
1,1074.0,866.0,717.0,1768.0,1075.0,26.1,63.7,2.117
1,1114.0,958.0,663.0,1836.0,1167.0,26.8,60.5,2.1008
1,1162.0,1019.0,622.0,1904.0,1178.0,27.9,56.5,2.0895
1,1165.0,967.0,651.0,1825.0,1120.0,29.8,51.1,2.1054
1,1179.0,957.0,680.0,1819.0,1131.0,33.6,41.0,2.0995
1,1144.0,913.0,715.0,1782.0,972.0,35.1,38.1,2.1144
1,1066.0,813.0,792.0,1657.0,764.0,36.2,34.9,2.0578
1,1056.0,802.0,824.0,1620.0,670.0,38.0,30.7,2.0022
1,995.0,769.0,882.0,1576.0,615.0,36.6,30.8,1.8617
1,967.0,740.0,926.0,1526.0,557.0,38.8,25.4,1.7282
1,1048.0,839.0,845.0,1607.0,700.0,38.7,25.8,1.7426
1,1092.0,901.0,777.0,1691.0,734.0,37.4,29.9,1.8848
1,1056.0,883.0,799.0,1672.0,684.0,36.2,31.1,1.8371
1,1100.0,982.0,720.0,1760.0,823.0,33.8,34.5,1.7788
1,1057.0,890.0,778.0,1701.0,801.0,31.4,40.7,1.8377
1,1068.0,917.0,736.0,1728.0,916.0,30.8,45.0,1.9733
1,1050.0,887.0,770.0,1696.0,820.0,29.4,50.0,2.0181
1,1074.0,884.0,764.0,1726.0,838.0,28.1,54.1,2.029
1,1053.0,895.0,745.0,1727.0,882.0,27.3,57.8,2.0646
1,1003.0,825.0,794.0,1716.0,801.0,26.7,60.6,2.0942
1,933.0,701.0,906.0,1638.0,690.0,25.9,64.5,2.1247
1,869.0,614.0,1001.0,1565.0,674.0,25.6,63.5,2.0566
1,864.0,617.0,1027.0,1561.0,622.0,26.7,61.0,2.101
1,931.0,721.0,888.0,1651.0,799.0,25.8,64.6,2.1195
1,921.0,738.0,893.0,1623.0,818.0,26.5,60.6,2.063
1,1139.0,1013.0,672.0,1932.0,1034.0,26.4,61.7,2.0929
1,1205.0,1118.0,585.0,2019.0,1189.0,27.5,60.1,2.1719
1,1126.0,957.0,694.0,1841.0,1034.0,29.4,53.1,2.1362
1,1066.0,855.0,803.0,1712.0,929.0,33.4,39.9,2.0177
1,1069.0,867.0,785.0,1717.0,880.0,33.2,39.2,1.9642
1,975.0,788.0,851.0,1629.0,701.0,34.5,35.1,1.8856
1,955.0,766.0,898.0,1597.0,620.0,37.1,30.5,1.8962
1,949.0,764.0,898.0,1579.0,573.0,35.9,32.1,1.8697
1,941.0,792.0,897.0,1582.0,544.0,37.3,28.0,1.7537
1,942.0,800.0,877.0,1567.0,581.0,38.1,26.3,1.7252
1,974.0,855.0,836.0,1607.0,610.0,37.1,27.2,1.6844
1,1012.0,904.0,794.0,1653.0,695.0,35.2,31.2,1.7485
1,1017.0,929.0,772.0,1702.0,709.0,32.1,38.7,1.819
1,1006.0,896.0,797.0,1697.0,736.0,30.3,45.1,1.9129
1,1008.0,878.0,792.0,1691.0,722.0,29.3,50.2,2.0127
1,989.0,814.0,845.0,1657.0,680.0,28.6,53.7,2.0691
1,1080.0,920.0,739.0,1761.0,772.0,27.8,57.4,2.1107
1,1033.0,856.0,774.0,1736.0,769.0,27.4,59.4,2.1395
1,968.0,794.0,836.0,1688.0,654.0,27.2,59.3,2.1059
1,853.0,626.0,1045.0,1557.0,516.0,26.7,61.0,2.1005
1,810.0,544.0,1264.0,1485.0,447.0,26.0,62.7,2.0737
1,817.0,558.0,1232.0,1485.0,452.0,25.4,63.1,2.0184
1,840.0,586.0,1154.0,1499.0,492.0,26.1,60.3,2.012
1,940.0,709.0,956.0,1641.0,588.0,25.2,67.1,2.1164
1,1076.0,924.0,720.0,1806.0,909.0,26.0,61.9,2.0511
1,1086.0,981.0,688.0,1818.0,1007.0,27.0,57.5,2.0183
1,1031.0,929.0,759.0,1722.0,809.0,30.5,44.4,1.9076
1,1016.0,896.0,766.0,1704.0,820.0,33.4,35.1,1.781
1,953.0,801.0,868.0,1573.0,657.0,35.7,29.0,1.6716
1,918.0,779.0,896.0,1537.0,551.0,35.8,27.7,1.6041
1,892.0,724.0,971.0,1490.0,511.0,36.3,27.4,1.6264
1,841.0,673.0,1061.0,1394.0,451.0,33.6,28.8,1.4695
1,799.0,709.0,1078.0,1332.0,462.0,35.2,20.5,1.1418
1,838.0,726.0,1056.0,1382.0,440.0,35.0,22.4,1.2371
1,870.0,745.0,998.0,1400.0,472.0,34.0,25.2,1.314
1,892.0,771.0,965.0,1465.0,494.0,32.0,28.2,1.3204
1,926.0,805.0,901.0,1511.0,524.0,29.4,34.4,1.3899
1,919.0,796.0,870.0,1538.0,560.0,28.1,41.1,1.535
1,932.0,746.0,912.0,1528.0,534.0,26.9,47.5,1.6595
1,957.0,767.0,867.0,1534.0,577.0,26.6,50.4,1.724
1,994.0,806.0,830.0,1580.0,674.0,25.9,52.9,1.7478
1,984.0,795.0,838.0,1570.0,676.0,25.4,54.6,1.7483
1,919.0,737.0,899.0,1534.0,611.0,25.1,55.7,1.7471
1,847.0,618.0,1075.0,1442.0,529.0,25.1,55.3,1.733
1,802.0,559.0,1232.0,1414.0,478.0,25.0,56.0,1.7428
1,795.0,569.0,1178.0,1426.0,497.0,25.2,55.0,1.7405
1,809.0,578.0,1170.0,1445.0,513.0,25.6,53.5,1.7291
1,835.0,626.0,1088.0,1471.0,563.0,24.7,55.9,1.7114
1,967.0,826.0,821.0,1639.0,822.0,24.0,57.2,1.6835
1,969.0,849.0,800.0,1626.0,890.0,25.0,53.2,1.663
1,913.0,749.0,911.0,1535.0,742.0,28.0,43.4,1.6162
1,933.0,748.0,948.0,1551.0,629.0,31.6,35.5,1.6269
1,922.0,712.0,924.0,1494.0,609.0,35.0,29.0,1.6017
1,914.0,726.0,959.0,1496.0,534.0,35.3,27.6,1.5512
1,873.0,699.0,999.0,1413.0,528.0,36.2,24.1,1.4235
1,831.0,676.0,1041.0,1350.0,463.0,34.8,24.5,1.3373
1,840.0,685.0,1051.0,1339.0,462.0,38.2,19.6,1.2915
1,874.0,686.0,1032.0,1402.0,501.0,38.9,20.3,1.382
1,896.0,687.0,1006.0,1438.0,493.0,36.9,27.1,1.6683
1,964.0,769.0,873.0,1546.0,572.0,35.2,32.1,1.7898
1,1001.0,838.0,801.0,1614.0,668.0,32.0,38.2,1.788
1,1005.0,868.0,779.0,1633.0,771.0,29.8,41.8,1.7269
1,979.0,818.0,797.0,1590.0,732.0,28.2,45.9,1.7272
1,935.0,774.0,825.0,1562.0,687.0,27.1,48.2,1.7075
1,939.0,758.0,858.0,1544.0,664.0,26.7,49.5,1.7048
1,878.0,684.0,947.0,1475.0,588.0,26.1,50.8,1.6917
1,848.0,650.0,989.0,1479.0,610.0,25.7,52.5,1.7077
1,826.0,631.0,1028.0,1473.0,593.0,24.8,55.4,1.7054
1,804.0,597.0,1077.0,1454.0,566.0,23.8,57.5,1.6723
1,789.0,584.0,1107.0,1457.0,571.0,22.4,62.2,1.6648
1,785.0,612.0,1054.0,1443.0,614.0,22.5,61.8,1.6654
1,772.0,584.0,1149.0,1414.0,566.0,22.7,59.2,1.6139
1,796.0,623.0,1064.0,1425.0,594.0,23.0,58.4,1.6223
1,875.0,682.0,983.0,1457.0,611.0,23.9,56.3,1.6489
1,955.0,811.0,841.0,1562.0,759.0,26.3,50.1,1.6889
1,938.0,778.0,896.0,1520.0,700.0,32.1,34.0,1.6039
1,954.0,826.0,870.0,1531.0,691.0,35.8,25.7,1.4861
1,875.0,753.0,978.0,1402.0,579.0,38.3,19.8,1.3067
1,810.0,664.0,1123.0,1312.0,478.0,37.3,20.5,1.286
1,746.0,624.0,1227.0,1209.0,410.0,36.3,18.4,1.0976
1,738.0,610.0,1281.0,1204.0,404.0,36.8,16.9,1.0347
1,771.0,652.0,1223.0,1239.0,440.0,37.9,15.9,1.0296
1,799.0,658.0,1216.0,1254.0,461.0,36.7,17.1,1.0398
1,831.0,679.0,1143.0,1291.0,526.0,33.8,21.9,1.1303
1,885.0,743.0,1016.0,1379.0,647.0,32.6,24.6,1.1885
1,883.0,731.0,988.0,1384.0,693.0,30.6,28.4,1.2247
1,906.0,790.0,936.0,1430.0,729.0,29.4,30.5,1.2288
1,982.0,906.0,784.0,1561.0,1002.0,28.4,34.4,1.314
1,892.0,766.0,880.0,1399.0,797.0,28.3,34.1,1.2951
1,841.0,711.0,956.0,1367.0,685.0,27.8,35.2,1.2968
1,859.0,693.0,988.0,1377.0,710.0,25.3,39.7,1.2656
1,810.0,657.0,1016.0,1337.0,629.0,24.5,41.5,1.2589
2,759.0,566.0,1175.0,1267.0,503.0,24.8,39.8,1.2231
2,749.0,543.0,1238.0,1244.0,462.0,23.3,41.9,1.1856
2,766.0,616.0,1163.0,1306.0,530.0,21.5,45.6,1.1558
1,865.0,783.0,893.0,1446.0,838.0,21.3,47.0,1.1793
1,924.0,920.0,767.0,1534.0,946.0,22.2,45.0,1.1867
1,973.0,1010.0,722.0,1616.0,1014.0,23.6,40.8,1.1746
1,1028.0,1048.0,719.0,1624.0,1135.0,27.1,32.4,1.1462
1,979.0,999.0,796.0,1515.0,1027.0,33.4,20.1,1.0142
1,892.0,874.0,923.0,1369.0,749.0,35.3,17.0,0.9546
1,892.0,869.0,953.0,1363.0,632.0,37.4,14.7,0.9295
1,836.0,741.0,1065.0,1277.0,479.0,38.6,14.6,0.9821
1,824.0,708.0,1091.0,1256.0,463.0,35.8,17.8,1.0274
1,825.0,702.0,1077.0,1267.0,458.0,38.4,16.4,1.0957
1,871.0,761.0,1015.0,1346.0,520.0,39.7,15.3,1.0963
1,903.0,853.0,930.0,1420.0,606.0,38.8,15.8,1.0706
1,944.0,857.0,880.0,1463.0,631.0,35.2,22.3,1.2467
1,969.0,850.0,857.0,1503.0,695.0,31.7,28.2,1.2962
1,1005.0,919.0,788.0,1543.0,871.0,30.4,30.9,1.3219
1,972.0,898.0,807.0,1508.0,879.0,29.5,32.1,1.3005
1,960.0,798.0,854.0,1459.0,780.0,28.0,34.9,1.2989
1,946.0,767.0,870.0,1443.0,728.0,28.2,36.6,1.3722
1,959.0,787.0,830.0,1460.0,821.0,26.5,40.7,1.3873
1,877.0,658.0,964.0,1349.0,663.0,28.3,36.7,1.3878
1,867.0,645.0,1001.0,1385.0,656.0,25.7,43.8,1.4233
1,836.0,626.0,1024.0,1397.0,639.0,24.3,49.0,1.4666
1,820.0,597.0,1069.0,1346.0,603.0,24.3,48.3,1.4449
1,828.0,618.0,1039.0,1354.0,560.0,23.6,49.2,1.4153
1,929.0,791.0,841.0,1493.0,789.0,22.2,53.9,1.4201
1,1118.0,1079.0,638.0,1761.0,1145.0,22.5,52.3,1.41
0,1155.0,1181.0,580.0,1850.0,1302.0,24.3,47.8,1.4321
1,1112.0,1058.0,654.0,1695.0,1297.0,27.3,40.7,1.4548
1,1094.0,979.0,717.0,1633.0,1192.0,33.3,28.2,1.4189
1,1022.0,890.0,803.0,1499.0,862.0,35.3,23.1,1.2989
1,968.0,805.0,875.0,1391.0,649.0,36.1,21.3,1.2502
1,978.0,840.0,852.0,1422.0,694.0,38.5,18.0,1.2055
1,947.0,751.0,922.0,1358.0,595.0,36.5,20.8,1.2446
1,997.0,808.0,870.0,1447.0,662.0,38.8,19.1,1.3035
1,1026.0,813.0,843.0,1463.0,692.0,38.8,19.8,1.3513
1,973.0,764.0,914.0,1373.0,619.0,38.1,19.7,1.2928
1,925.0,721.0,969.0,1317.0,484.0,36.1,20.7,1.2151
1,957.0,766.0,929.0,1380.0,516.0,32.8,24.3,1.1894
1,1029.0,877.0,807.0,1489.0,776.0,30.4,29.8,1.2712
1,1109.0,952.0,735.0,1601.0,1041.0,29.1,33.6,1.3314
1,1105.0,977.0,692.0,1618.0,1138.0,28.6,35.7,1.3726
1,1039.0,906.0,728.0,1545.0,1091.0,28.0,36.1,1.3425
1,965.0,832.0,795.0,1455.0,978.0,25.8,39.5,1.2949
1,955.0,812.0,823.0,1464.0,936.0,25.1,40.1,1.2544
1,935.0,782.0,847.0,1428.0,867.0,24.4,42.5,1.2854
1,902.0,735.0,890.0,1410.0,781.0,23.0,46.2,1.2783
1,875.0,714.0,903.0,1379.0,746.0,22.5,46.7,1.261
1,884.0,729.0,920.0,1389.0,837.0,22.9,45.7,1.2621
1,942.0,825.0,870.0,1450.0,995.0,23.8,41.8,1.2149
1,1077.0,1012.0,708.0,1633.0,1138.0,24.4,42.6,1.2866
1,1040.0,1022.0,713.0,1624.0,998.0,27.3,36.8,1.3189
1,982.0,836.0,840.0,1498.0,696.0,29.6,35.4,1.4426
1,995.0,800.0,896.0,1501.0,615.0,34.6,28.3,1.5338
1,1024.0,859.0,810.0,1576.0,710.0,33.1,32.6,1.6188
1,1029.0,791.0,855.0,1567.0,651.0,33.3,33.1,1.6642
1,1003.0,787.0,850.0,1518.0,636.0,34.6,30.1,1.6296
1,987.0,782.0,875.0,1514.0,593.0,34.9,29.5,1.6275
1,1023.0,859.0,810.0,1590.0,684.0,35.6,28.5,1.6293
1,1023.0,875.0,785.0,1590.0,711.0,36.4,27.1,1.6226
1,1064.0,942.0,735.0,1650.0,801.0,36.8,26.2,1.5984
1,1042.0,936.0,759.0,1630.0,770.0,36.4,26.8,1.6038
1,1059.0,947.0,733.0,1671.0,813.0,33.3,32.8,1.6527
1,1050.0,921.0,743.0,1683.0,851.0,31.3,39.5,1.7798
1,1025.0,896.0,738.0,1693.0,823.0,29.9,44.7,1.8511
1,1029.0,816.0,804.0,1624.0,778.0,29.1,48.4,1.9186
1,1055.0,831.0,769.0,1686.0,827.0,28.0,52.9,1.964
1,1001.0,799.0,800.0,1642.0,753.0,27.7,53.0,1.9423
1,936.0,730.0,864.0,1551.0,726.0,27.7,52.6,1.9202
1,863.0,608.0,1035.0,1465.0,597.0,28.3,49.5,1.8782
1,834.0,565.0,1187.0,1444.0,473.0,28.8,49.0,1.9112
1,841.0,578.0,1144.0,1464.0,463.0,27.7,52.5,1.923
1,871.0,611.0,1077.0,1494.0,526.0,27.5,53.0,1.9097
1,962.0,747.0,862.0,1605.0,712.0,27.1,54.4,1.9168
1,1083.0,889.0,725.0,1734.0,918.0,27.6,52.1,1.8936
1,1061.0,891.0,721.0,1697.0,894.0,29.0,48.5,1.9133
1,1012.0,824.0,803.0,1612.0,710.0,31.0,42.9,1.8909
1,1031.0,834.0,793.0,1640.0,737.0,32.5,39.4,1.8982
1,1011.0,816.0,830.0,1614.0,680.0,36.9,30.9,1.8934
1,1009.0,824.0,822.0,1606.0,670.0,36.2,30.6,1.8105
1,980.0,793.0,858.0,1549.0,654.0,37.7,27.7,1.778
1,961.0,803.0,852.0,1552.0,618.0,37.1,27.2,1.6874
1,966.0,784.0,870.0,1530.0,652.0,39.5,24.3,1.7216
1,1022.0,849.0,813.0,1583.0,732.0,39.9,23.8,1.7127
1,1091.0,953.0,723.0,1688.0,853.0,39.6,24.3,1.7255
1,1063.0,919.0,735.0,1676.0,821.0,37.2,29.1,1.8185
1,1116.0,952.0,702.0,1759.0,895.0,33.9,37.1,1.9264
1,1101.0,875.0,722.0,1748.0,927.0,31.6,43.6,1.9944
1,1072.0,831.0,757.0,1677.0,857.0,30.3,47.3,2.0034
1,1080.0,890.0,723.0,1702.0,869.0,29.8,49.1,2.0248
1,1005.0,792.0,809.0,1638.0,725.0,29.0,51.7,2.0375
1,998.0,776.0,810.0,1608.0,665.0,28.5,52.1,2.0036
1,1000.0,763.0,807.0,1619.0,680.0,27.7,53.7,1.9661
1,932.0,720.0,859.0,1562.0,605.0,27.4,53.5,1.9267
1,808.0,539.0,1206.0,1383.0,427.0,28.5,48.7,1.872
1,795.0,494.0,1398.0,1353.0,400.0,28.9,48.4,1.8982
1,886.0,613.0,1075.0,1484.0,522.0,27.1,54.8,1.9309
1,974.0,740.0,873.0,1595.0,703.0,26.1,59.0,1.9669
1,1112.0,936.0,683.0,1792.0,965.0,26.7,58.0,2.0023
1,1175.0,1080.0,591.0,1931.0,1102.0,27.9,54.9,2.0353
1,1091.0,925.0,701.0,1753.0,1058.0,29.7,50.5,2.0767
1,1066.0,890.0,747.0,1690.0,906.0,32.2,41.4,1.9624
1,1031.0,887.0,777.0,1665.0,844.0,35.6,32.2,1.8408
1,1004.0,868.0,772.0,1632.0,763.0,35.7,31.4,1.8025
1,927.0,698.0,919.0,1537.0,555.0,35.5,34.9,1.9841
1,924.0,673.0,960.0,1522.0,520.0,35.0,35.5,1.962
1,912.0,671.0,964.0,1508.0,508.0,35.1,34.6,1.9255
1,976.0,752.0,876.0,1561.0,545.0,36.8,30.5,1.8572
1,989.0,798.0,840.0,1607.0,584.0,34.5,34.7,1.8667
1,986.0,794.0,845.0,1619.0,590.0,33.0,38.1,1.8813
1,984.0,800.0,836.0,1607.0,610.0,30.8,43.1,1.8761
1,1000.0,857.0,767.0,1634.0,689.0,29.1,46.9,1.8652
1,996.0,848.0,763.0,1657.0,713.0,28.2,49.8,1.8795
1,1013.0,913.0,717.0,1685.0,785.0,27.5,50.4,1.823
1,1004.0,851.0,767.0,1632.0,754.0,27.3,49.1,1.7503
1,949.0,814.0,824.0,1563.0,653.0,26.7,46.7,1.6121
1,895.0,783.0,863.0,1502.0,575.0,26.0,45.0,1.4913
1,863.0,707.0,927.0,1407.0,537.0,25.0,47.3,1.4771
1,786.0,587.0,1150.0,1300.0,413.0,25.3,44.3,1.4032
1,792.0,597.0,1137.0,1320.0,417.0,24.3,46.3,1.3857
1,816.0,653.0,1058.0,1332.0,486.0,24.8,43.4,1.3347
1,826.0,682.0,1088.0,1342.0,532.0,24.5,40.6,1.2327
1,826.0,698.0,1017.0,1331.0,542.0,25.7,36.9,1.1991
1,809.0,664.0,1061.0,1323.0,459.0,26.8,35.0,1.2175
1,809.0,624.0,1131.0,1309.0,415.0,28.0,34.9,1.3008
1,853.0,681.0,1031.0,1368.0,457.0,29.0,34.1,1.3445
1,814.0,657.0,1086.0,1332.0,429.0,30.4,30.8,1.3155
1,807.0,658.0,1113.0,1328.0,428.0,32.4,26.3,1.2523
1,811.0,653.0,1120.0,1336.0,423.0,31.0,28.9,1.277
1,796.0,601.0,1171.0,1314.0,410.0,29.3,33.1,1.322
1,833.0,649.0,1142.0,1354.0,437.0,26.9,35.2,1.2334
1,856.0,684.0,1023.0,1368.0,520.0,28.1,34.2,1.2802
1,830.0,696.0,1060.0,1328.0,461.0,28.5,29.4,1.1298
1,883.0,782.0,958.0,1395.0,571.0,27.3,31.0,1.111
1,965.0,936.0,808.0,1535.0,866.0,25.4,36.2,1.1562
1,931.0,890.0,831.0,1474.0,841.0,24.6,38.0,1.158
1,885.0,791.0,941.0,1425.0,706.0,24.3,41.6,1.2467
1,900.0,773.0,944.0,1426.0,703.0,24.9,40.8,1.2696
1,904.0,845.0,878.0,1483.0,775.0,23.8,44.7,1.3019
1,944.0,900.0,809.0,1549.0,830.0,22.8,49.8,1.367
1,907.0,832.0,868.0,1492.0,808.0,22.8,49.4,1.3568
1,886.0,774.0,868.0,1486.0,815.0,20.9,57.4,1.4037
1,882.0,767.0,856.0,1492.0,897.0,20.5,60.6,1.447
1,843.0,713.0,917.0,1426.0,836.0,19.6,63.7,1.4396
1,825.0,694.0,935.0,1415.0,774.0,19.4,64.5,1.4394
2,791.0,638.0,1038.0,1389.0,698.0,18.6,67.4,1.4302
1,856.0,735.0,936.0,1455.0,800.0,19.6,63.7,1.4419
1,861.0,746.0,911.0,1448.0,771.0,21.7,56.4,1.4496
1,924.0,814.0,830.0,1519.0,798.0,25.2,47.4,1.4978
1,941.0,805.0,842.0,1512.0,755.0,30.4,34.1,1.4577
1,879.0,775.0,899.0,1407.0,657.0,33.4,25.1,1.2665
1,816.0,742.0,1009.0,1305.0,537.0,35.5,18.2,1.0376
1,715.0,589.0,1286.0,1127.0,390.0,35.1,15.7,0.8757
1,717.0,570.0,1326.0,1110.0,368.0,33.3,17.1,0.8592
1,711.0,640.0,1224.0,1084.0,391.0,36.6,11.8,0.7107
1,731.0,686.0,1212.0,1104.0,413.0,38.3,10.0,0.6591
1,752.0,713.0,1163.0,1144.0,435.0,37.3,10.9,0.6846
1,879.0,779.0,999.0,1347.0,535.0,34.6,20.0,1.0817
1,922.0,874.0,851.0,1447.0,663.0,30.4,28.2,1.204
1,958.0,900.0,782.0,1493.0,830.0,28.1,34.3,1.2821
1,949.0,876.0,773.0,1500.0,911.0,26.5,36.6,1.2484
1,922.0,818.0,826.0,1454.0,848.0,25.7,38.5,1.2548
1,902.0,790.0,856.0,1428.0,799.0,24.7,41.6,1.2751
1,932.0,820.0,817.0,1462.0,921.0,23.6,45.4,1.3067
1,870.0,733.0,903.0,1392.0,762.0,23.4,46.3,1.3134
1,812.0,675.0,995.0,1348.0,661.0,21.6,51.6,1.3171
2,773.0,613.0,1065.0,1321.0,597.0,21.2,53.3,1.328
2,769.0,582.0,1105.0,1306.0,616.0,20.6,55.1,1.3237
2,763.0,583.0,1093.0,1288.0,596.0,22.1,49.6,1.3022
1,809.0,701.0,997.0,1384.0,649.0,21.1,51.6,1.2784
1,893.0,881.0,810.0,1486.0,792.0,21.8,48.6,1.2556
1,1028.0,1146.0,638.0,1766.0,1080.0,21.7,49.1,1.2602
1,1011.0,1051.0,702.0,1659.0,1087.0,25.3,41.7,1.3243
1,994.0,947.0,764.0,1572.0,983.0,30.3,30.9,1.3096
1,937.0,908.0,822.0,1466.0,826.0,32.9,24.9,1.2269
1,902.0,808.0,912.0,1408.0,632.0,34.4,23.5,1.2541
1,860.0,748.0,955.0,1344.0,532.0,34.3,22.5,1.1974
1,843.0,716.0,1005.0,1305.0,496.0,33.4,21.6,1.0927
1,872.0,760.0,979.0,1314.0,513.0,36.1,18.4,1.0827
1,857.0,775.0,979.0,1258.0,512.0,37.3,15.4,0.9692
1,922.0,878.0,880.0,1363.0,615.0,36.8,16.2,0.9922
1,951.0,875.0,856.0,1406.0,600.0,34.9,20.9,1.1463
1,962.0,891.0,813.0,1442.0,634.0,30.8,26.5,1.1603
1,957.0,926.0,758.0,1480.0,830.0,28.9,28.3,1.1078
1,928.0,837.0,808.0,1410.0,871.0,27.0,30.7,1.079
1,895.0,846.0,819.0,1371.0,787.0,26.6,30.6,1.0459
1,902.0,797.0,845.0,1355.0,841.0,26.0,33.1,1.0955
1,904.0,801.0,852.0,1400.0,862.0,24.1,37.9,1.1204
1,919.0,799.0,844.0,1409.0,881.0,22.2,43.1,1.1396
1,812.0,663.0,982.0,1265.0,709.0,22.8,41.3,1.1284
2,776.0,590.0,1099.0,1245.0,602.0,21.2,43.8,1.088
2,762.0,563.0,1181.0,1208.0,492.0,21.7,42.6,1.0907
2,786.0,642.0,1057.0,1270.0,592.0,20.2,47.1,1.1021
1,868.0,798.0,866.0,1392.0,824.0,20.1,47.8,1.1093
1,965.0,977.0,725.0,1515.0,1014.0,20.6,45.5,1.0925
1,1049.0,1133.0,630.0,1662.0,1208.0,22.4,41.1,1.0979
1,1008.0,973.0,714.0,1509.0,1178.0,25.0,36.6,1.143
1,1008.0,1021.0,714.0,1549.0,1176.0,29.9,26.2,1.0891
1,973.0,911.0,800.0,1441.0,891.0,32.9,21.8,1.0714
1,964.0,959.0,787.0,1438.0,731.0,35.0,17.9,0.99
1,923.0,862.0,875.0,1363.0,626.0,34.6,18.2,0.9832
1,934.0,811.0,896.0,1343.0,553.0,33.8,22.8,1.1781
1,1036.0,943.0,770.0,1509.0,770.0,36.3,19.5,1.1539
1,1076.0,994.0,723.0,1549.0,938.0,38.3,17.9,1.181
1,1055.0,927.0,757.0,1520.0,716.0,36.9,20.9,1.2864
1,1081.0,938.0,728.0,1568.0,714.0,33.9,30.0,1.56
1,1072.0,850.0,737.0,1604.0,702.0,29.8,43.4,1.7988
1,1038.0,773.0,749.0,1568.0,687.0,27.5,50.4,1.8274
1,1059.0,800.0,740.0,1604.0,739.0,27.5,50.4,1.8284
1,1070.0,852.0,704.0,1639.0,867.0,28.1,48.0,1.7933
1,1093.0,893.0,677.0,1678.0,927.0,26.9,49.6,1.7299
1,1016.0,849.0,729.0,1609.0,872.0,26.0,48.0,1.5899
1,988.0,825.0,756.0,1559.0,848.0,24.9,50.6,1.5747
1,930.0,749.0,823.0,1464.0,777.0,23.7,53.2,1.5418
1,815.0,584.0,1102.0,1363.0,513.0,24.5,50.9,1.5416
1,884.0,686.0,908.0,1439.0,651.0,22.9,56.1,1.5492
1,913.0,730.0,883.0,1493.0,774.0,23.3,55.5,1.5636
1,994.0,829.0,784.0,1581.0,982.0,23.6,54.2,1.5583
1,1173.0,1047.0,631.0,1815.0,1175.0,24.9,52.9,1.643
0,1314.0,1325.0,499.0,2143.0,1390.0,26.4,50.8,1.7166
0,1252.0,1168.0,557.0,1938.0,1352.0,28.1,47.4,1.7753
1,1151.0,1053.0,623.0,1835.0,1152.0,30.2,43.2,1.823
1,1122.0,951.0,687.0,1729.0,1022.0,31.2,41.9,1.871
1,1111.0,927.0,707.0,1715.0,922.0,33.9,36.0,1.8692
1,1058.0,894.0,736.0,1648.0,825.0,33.9,34.1,1.7754
1,972.0,820.0,811.0,1535.0,630.0,34.4,30.6,1.6402
1,985.0,826.0,808.0,1544.0,621.0,35.3,28.5,1.6034
1,1004.0,814.0,808.0,1520.0,602.0,36.3,28.3,1.6851
1,1030.0,897.0,733.0,1592.0,668.0,35.3,29.4,1.6577
1,965.0,802.0,821.0,1504.0,564.0,32.5,34.1,1.6453
1,987.0,824.0,793.0,1541.0,581.0,29.1,42.1,1.6695
1,923.0,811.0,804.0,1434.0,604.0,27.8,35.6,1.3116
1,872.0,824.0,853.0,1346.0,590.0,27.0,30.0,1.0542
1,939.0,849.0,804.0,1479.0,650.0,26.3,37.3,1.2555
1,954.0,855.0,792.0,1474.0,745.0,25.2,40.8,1.2877
1,969.0,857.0,753.0,1485.0,821.0,24.3,43.3,1.2973
1,882.0,763.0,879.0,1388.0,656.0,23.3,45.3,1.2794
1,805.0,637.0,1048.0,1276.0,520.0,24.1,44.0,1.3034
2,790.0,590.0,1122.0,1257.0,493.0,23.8,44.8,1.3061
2,779.0,560.0,1189.0,1231.0,487.0,23.0,47.7,1.3232
1,842.0,640.0,1070.0,1293.0,595.0,23.7,46.7,1.3501
1,835.0,699.0,912.0,1361.0,796.0,19.8,59.3,1.3505
2,792.0,621.0,1015.0,1322.0,714.0,20.0,59.3,1.3681
2,749.0,559.0,1145.0,1255.0,584.0,22.5,48.6,1.3077
2,803.0,676.0,975.0,1303.0,676.0,19.5,57.0,1.2739
2,818.0,726.0,921.0,1330.0,685.0,19.6,56.1,1.2651
1,932.0,861.0,767.0,1483.0,894.0,20.7,53.3,1.287
1,977.0,913.0,744.0,1512.0,977.0,24.7,41.8,1.2839
1,1011.0,945.0,733.0,1570.0,1034.0,29.9,30.5,1.2616
1,975.0,887.0,829.0,1478.0,737.0,32.3,27.2,1.2933
1,958.0,867.0,828.0,1468.0,660.0,34.3,24.5,1.3021
1,903.0,805.0,886.0,1361.0,581.0,33.4,22.5,1.1398
1,854.0,684.0,1020.0,1294.0,456.0,32.7,22.8,1.1069
1,890.0,749.0,953.0,1332.0,483.0,34.5,20.5,1.1028
1,962.0,845.0,877.0,1379.0,575.0,35.9,20.3,1.18
1,1028.0,934.0,786.0,1481.0,707.0,35.8,23.0,1.3323
1,1031.0,901.0,775.0,1502.0,628.0,33.5,29.0,1.4797
1,1087.0,938.0,690.0,1613.0,747.0,29.8,39.6,1.6324
1,1029.0,862.0,727.0,1539.0,733.0,27.9,43.1,1.6004
1,1070.0,932.0,685.0,1648.0,847.0,27.3,44.5,1.5885
1,1059.0,914.0,697.0,1617.0,895.0,26.0,47.6,1.5806
1,1125.0,952.0,646.0,1690.0,995.0,25.3,52.9,1.6765
1,1062.0,829.0,714.0,1592.0,846.0,24.5,56.3,1.7026
1,1049.0,853.0,699.0,1605.0,882.0,23.5,59.8,1.7141
1,999.0,871.0,711.0,1580.0,909.0,22.6,62.6,1.6945
1,947.0,808.0,768.0,1537.0,851.0,21.8,64.6,1.6721
1,904.0,753.0,809.0,1529.0,766.0,21.0,66.9,1.6454
1,894.0,681.0,843.0,1476.0,765.0,21.2,66.4,1.6468
1,875.0,654.0,897.0,1463.0,752.0,21.0,66.5,1.6344
1,870.0,637.0,947.0,1445.0,716.0,21.3,64.1,1.6043
1,952.0,756.0,809.0,1518.0,825.0,22.7,58.1,1.5856
1,949.0,705.0,859.0,1460.0,691.0,25.1,51.8,1.6304
1,1028.0,854.0,776.0,1561.0,761.0,29.5,39.0,1.5868
1,1003.0,849.0,800.0,1511.0,710.0,32.3,31.8,1.5128
1,934.0,763.0,872.0,1435.0,567.0,33.6,28.9,1.4792
1,872.0,710.0,956.0,1377.0,493.0,31.9,28.2,1.3116
1,852.0,684.0,982.0,1343.0,477.0,32.5,25.9,1.2437
1,881.0,715.0,955.0,1352.0,502.0,34.1,23.4,1.2307
1,942.0,783.0,898.0,1397.0,568.0,36.2,21.4,1.2664
1,1038.0,925.0,746.0,1534.0,714.0,35.6,22.6,1.2984
1,1042.0,932.0,752.0,1530.0,717.0,33.6,25.7,1.3101
1,1181.0,1107.0,590.0,1807.0,935.0,29.9,35.2,1.4603
1,1116.0,1044.0,613.0,1694.0,954.0,28.3,39.2,1.4826
1,1062.0,923.0,697.0,1602.0,839.0,27.0,43.0,1.5118
1,1085.0,948.0,680.0,1635.0,880.0,26.2,46.8,1.5669
1,1161.0,1057.0,613.0,1764.0,1026.0,25.1,51.5,1.621
1,1053.0,891.0,690.0,1589.0,898.0,24.1,55.3,1.6363
1,956.0,740.0,831.0,1474.0,717.0,23.8,57.8,1.677
1,859.0,646.0,951.0,1376.0,607.0,23.7,56.2,1.6255
1,813.0,566.0,1123.0,1328.0,501.0,24.8,52.2,1.6086
1,815.0,565.0,1127.0,1350.0,541.0,22.9,59.4,1.6353
1,902.0,706.0,877.0,1463.0,708.0,22.0,62.3,1.6266
1,1017.0,885.0,726.0,1609.0,884.0,21.5,64.0,1.6256
0,1336.0,1385.0,477.0,2133.0,1357.0,22.6,60.3,1.6287
0,1393.0,1567.0,416.0,2381.0,1562.0,23.8,56.5,1.64
0,1271.0,1308.0,517.0,2007.0,1411.0,25.7,50.6,1.6475
1,1169.0,1107.0,607.0,1818.0,1175.0,27.8,45.4,1.6751
1,1143.0,1043.0,643.0,1747.0,1079.0,29.9,39.6,1.6397
1,1084.0,980.0,679.0,1653.0,923.0,31.6,34.7,1.589
1,1051.0,950.0,715.0,1644.0,748.0,31.5,34.4,1.5665
1,1020.0,882.0,765.0,1553.0,635.0,31.2,35.0,1.5669
1,1111.0,1088.0,635.0,1719.0,884.0,33.0,31.4,1.5583
1,1125.0,1056.0,645.0,1716.0,929.0,33.8,29.2,1.5143
1,1099.0,1048.0,657.0,1711.0,779.0,33.0,29.5,1.4613
1,1132.0,1121.0,611.0,1757.0,906.0,32.3,30.2,1.4347
1,1077.0,1025.0,629.0,1677.0,772.0,28.4,38.4,1.4616
1,1076.0,988.0,648.0,1649.0,883.0,26.9,43.2,1.5052
1,1070.0,1008.0,656.0,1649.0,963.0,26.0,43.6,1.4407
1,1052.0,956.0,675.0,1581.0,987.0,25.0,47.6,1.4872
1,988.0,862.0,736.0,1539.0,893.0,24.6,50.9,1.5508
1,926.0,769.0,836.0,1467.0,801.0,24.0,55.6,1.6381
1,925.0,749.0,826.0,1482.0,739.0,23.5,58.3,1.6672
1,869.0,648.0,953.0,1401.0,644.0,22.7,60.8,1.6519
1,832.0,593.0,1049.0,1347.0,558.0,24.1,55.5,1.6481
1,854.0,645.0,954.0,1399.0,602.0,22.5,60.9,1.6424
1,913.0,726.0,861.0,1487.0,737.0,22.0,64.5,1.6847
1,976.0,840.0,756.0,1555.0,885.0,22.3,62.9,1.6754
0,1309.0,1323.0,505.0,2098.0,1360.0,23.1,60.0,1.6711
0,1333.0,1460.0,443.0,2231.0,1455.0,24.7,55.1,1.6872
0,1209.0,1182.0,546.0,1911.0,1255.0,27.7,46.1,1.6852
1,1180.0,1157.0,568.0,1874.0,1202.0,29.8,38.8,1.6029
1,1204.0,1196.0,552.0,1884.0,1250.0,31.5,32.6,1.478
1,1143.0,1119.0,610.0,1770.0,1103.0,31.8,30.5,1.4083
1,1120.0,1058.0,626.0,1716.0,1049.0,31.4,31.8,1.441
1,1030.0,935.0,726.0,1583.0,791.0,32.5,28.7,1.3796
1,1058.0,1016.0,673.0,1625.0,832.0,33.8,25.8,1.3338
1,1040.0,882.0,756.0,1560.0,635.0,34.5,28.6,1.5393
1,1093.0,981.0,666.0,1676.0,733.0,32.7,33.0,1.5987
1,1184.0,1119.0,594.0,1806.0,912.0,31.4,35.4,1.5972
1,1180.0,1121.0,568.0,1816.0,947.0,27.7,43.5,1.592
1,1079.0,988.0,633.0,1694.0,899.0,26.2,47.8,1.5979
1,1095.0,1032.0,621.0,1730.0,984.0,25.7,48.7,1.5825
1,1073.0,1009.0,639.0,1655.0,955.0,25.2,50.1,1.58
1,1063.0,991.0,655.0,1672.0,966.0,24.4,53.4,1.6031
1,1046.0,960.0,671.0,1637.0,899.0,23.7,55.4,1.6031
1,953.0,858.0,742.0,1544.0,780.0,22.8,58.5,1.5992
1,864.0,673.0,947.0,1412.0,636.0,22.8,58.5,1.5985
1,829.0,628.0,994.0,1378.0,577.0,22.3,59.7,1.5889
1,838.0,639.0,963.0,1391.0,596.0,20.8,64.9,1.571
1,913.0,728.0,802.0,1418.0,887.0,19.7,66.8,1.5184
1,1039.0,921.0,687.0,1556.0,1115.0,19.8,64.3,1.4678
0,1252.0,1320.0,499.0,2001.0,1374.0,20.6,62.3,1.4915
0,1410.0,1669.0,393.0,2555.0,1644.0,23.2,54.0,1.5143
0,1217.0,1261.0,533.0,1941.0,1375.0,26.3,43.1,1.4542
1,1114.0,1077.0,633.0,1705.0,1199.0,29.1,35.4,1.4008
1,1026.0,1020.0,689.0,1603.0,992.0,30.0,31.6,1.3176
1,1051.0,1094.0,646.0,1675.0,966.0,32.4,26.3,1.2594
1,1027.0,1024.0,700.0,1588.0,814.0,31.3,29.1,1.3054
1,996.0,992.0,722.0,1580.0,727.0,31.1,28.6,1.2718
1,1028.0,1060.0,686.0,1601.0,806.0,33.3,24.4,1.232
1,1030.0,1060.0,705.0,1588.0,852.0,35.5,21.2,1.2022
1,1133.0,1280.0,595.0,1791.0,1093.0,34.6,22.0,1.189
1,1180.0,1339.0,567.0,1868.0,1211.0,33.3,23.6,1.1842
0,1261.0,1446.0,528.0,2061.0,1346.0,30.0,28.5,1.1896
1,1093.0,1133.0,599.0,1708.0,1200.0,28.0,33.0,1.2264
1,1068.0,1029.0,650.0,1612.0,1192.0,27.2,37.4,1.3279
1,1031.0,958.0,700.0,1560.0,1074.0,26.6,39.9,1.3657
1,1055.0,1037.0,635.0,1632.0,1161.0,25.3,41.7,1.3247
1,1060.0,1029.0,622.0,1663.0,1210.0,24.3,44.7,1.3432
1,962.0,880.0,726.0,1484.0,1050.0,24.4,45.6,1.3779
1,874.0,776.0,846.0,1416.0,873.0,23.1,49.9,1.3891
1,832.0,661.0,977.0,1312.0,766.0,22.7,51.3,1.3977
1,834.0,709.0,907.0,1348.0,835.0,21.8,54.1,1.4004
1,865.0,745.0,866.0,1394.0,901.0,21.0,56.9,1.3999
1,903.0,803.0,819.0,1471.0,853.0,21.8,55.5,1.4323
0,1236.0,1297.0,542.0,1997.0,1321.0,21.6,57.2,1.4607
0,1464.0,1552.0,419.0,2366.0,1738.0,22.8,54.2,1.4886
0,1258.0,1261.0,514.0,1940.0,1603.0,26.2,45.0,1.5098
1,1203.0,1174.0,577.0,1824.0,1426.0,30.8,34.8,1.5165
1,1156.0,1127.0,616.0,1767.0,1295.0,34.1,28.8,1.5105
1,1106.0,1130.0,623.0,1726.0,1093.0,35.9,24.7,1.437
1,1008.0,1037.0,697.0,1587.0,803.0,33.7,25.1,1.2915
1,1011.0,1017.0,704.0,1569.0,738.0,34.4,24.0,1.279
1,1049.0,1100.0,667.0,1635.0,870.0,36.4,20.3,1.214
1,1053.0,1108.0,694.0,1570.0,873.0,38.7,17.3,1.1729
1,1088.0,1159.0,666.0,1626.0,889.0,37.2,18.9,1.1774
0,1248.0,1454.0,550.0,1917.0,1599.0,36.1,20.0,1.1767
0,1374.0,1517.0,490.0,2069.0,1704.0,32.8,29.4,1.4344
0,1213.0,1210.0,572.0,1809.0,1424.0,30.0,35.9,1.4958
1,1108.0,1051.0,640.0,1616.0,1199.0,28.7,38.2,1.4794
1,1071.0,982.0,649.0,1557.0,1099.0,28.1,40.4,1.512
1,1044.0,967.0,672.0,1540.0,1133.0,27.4,41.4,1.4877
1,1045.0,964.0,666.0,1554.0,1140.0,26.4,44.0,1.4919
1,1004.0,921.0,699.0,1495.0,1092.0,24.9,47.9,1.4855
1,944.0,796.0,784.0,1407.0,1021.0,24.0,50.3,1.476
1,868.0,657.0,921.0,1356.0,764.0,25.2,47.9,1.5129
1,850.0,632.0,954.0,1316.0,803.0,24.2,50.6,1.5011
1,873.0,668.0,911.0,1354.0,744.0,23.1,55.0,1.5357
1,905.0,766.0,842.0,1438.0,818.0,22.9,56.2,1.5522
0,1249.0,1239.0,540.0,1953.0,1285.0,22.0,59.3,1.5523
0,1488.0,1653.0,388.0,2537.0,1782.0,23.7,54.0,1.5627
0,1300.0,1296.0,489.0,1989.0,1639.0,26.7,45.7,1.5747
0,1311.0,1267.0,524.0,1941.0,1662.0,31.4,34.5,1.5599
1,1232.0,1210.0,565.0,1832.0,1478.0,34.5,28.5,1.5324
1,1113.0,1096.0,635.0,1636.0,1050.0,36.4,23.6,1.4064
1,1048.0,1021.0,698.0,1570.0,846.0,35.1,23.2,1.2884
1,1054.0,1036.0,697.0,1585.0,830.0,35.7,22.2,1.2765
1,1104.0,1102.0,670.0,1609.0,1480.0,37.6,19.6,1.2534
1,1130.0,1113.0,674.0,1623.0,1127.0,38.8,17.6,1.1979
1,1229.0,1348.0,565.0,1830.0,1445.0,39.3,16.0,1.1138
0,1347.0,1382.0,529.0,1961.0,1543.0,37.0,23.6,1.4639
0,1424.0,1417.0,488.0,2092.0,1674.0,33.2,30.1,1.5095
0,1305.0,1188.0,546.0,1843.0,1524.0,31.0,33.1,1.462
1,1180.0,1088.0,619.0,1662.0,1339.0,29.5,33.4,1.3562
1,1029.0,904.0,709.0,1460.0,992.0,29.1,36.7,1.4502
1,1080.0,902.0,702.0,1516.0,1048.0,27.8,40.7,1.5002
1,1197.0,1029.0,601.0,1628.0,1362.0,26.0,45.3,1.4999
1,1006.0,845.0,738.0,1430.0,978.0,25.8,45.4,1.487
1,987.0,820.0,772.0,1400.0,935.0,25.4,45.9,1.4684
1,958.0,735.0,816.0,1409.0,906.0,25.2,46.4,1.464
1,962.0,747.0,813.0,1431.0,913.0,23.0,52.7,1.4568
1,958.0,744.0,809.0,1419.0,903.0,22.1,54.5,1.4337
1,976.0,780.0,795.0,1467.0,898.0,22.5,53.6,1.4422
1,1088.0,945.0,636.0,1613.0,1165.0,22.0,55.4,1.4436
1,1159.0,1016.0,595.0,1681.0,1260.0,23.4,51.6,1.4639
1,1156.0,988.0,615.0,1634.0,1250.0,26.7,43.0,1.4808
1,1202.0,1021.0,649.0,1644.0,1226.0,31.3,32.9,1.4771
1,1226.0,1080.0,622.0,1697.0,1188.0,34.8,27.1,1.4837
1,1181.0,1091.0,638.0,1637.0,1072.0,38.3,21.5,1.4263
1,1062.0,969.0,729.0,1459.0,782.0,37.1,21.2,1.3107
1,1013.0,897.0,798.0,1351.0,594.0,37.3,20.3,1.2771
1,1029.0,913.0,787.0,1373.0,607.0,38.3,19.3,1.2736
1,1144.0,1046.0,682.0,1564.0,879.0,40.7,17.0,1.2793
1,1159.0,1059.0,664.0,1580.0,945.0,39.5,18.5,1.3076
1,1113.0,978.0,705.0,1538.0,946.0,36.6,22.6,1.3664
1,1100.0,944.0,730.0,1524.0,882.0,32.8,28.2,1.3842
1,1037.0,890.0,765.0,1408.0,735.0,30.7,30.7,1.3338
1,1055.0,988.0,720.0,1490.0,874.0,30.1,28.7,1.2052
1,980.0,901.0,812.0,1369.0,731.0,29.7,25.4,1.044
1,1083.0,1094.0,706.0,1537.0,926.0,29.6,24.3,0.9889
0,1399.0,1558.0,473.0,2052.0,1652.0,28.0,29.1,1.0846
0,1194.0,1255.0,555.0,1694.0,1452.0,27.2,33.3,1.1788
1,970.0,870.0,792.0,1376.0,943.0,27.5,30.9,1.1155
1,898.0,721.0,912.0,1264.0,594.0,27.1,33.3,1.1762
1,929.0,769.0,879.0,1335.0,607.0,26.4,35.1,1.1919
1,913.0,734.0,864.0,1338.0,646.0,25.6,37.6,1.2131
1,854.0,600.0,1102.0,1252.0,542.0,25.4,38.6,1.2352
1,881.0,647.0,964.0,1250.0,550.0,25.5,38.2,1.2296
1,867.0,618.0,1042.0,1231.0,488.0,27.0,34.3,1.2089
1,885.0,638.0,1059.0,1248.0,484.0,29.9,29.6,1.2296
1,899.0,654.0,1037.0,1254.0,481.0,31.9,26.8,1.2477
1,886.0,633.0,1071.0,1214.0,453.0,33.0,23.5,1.1583
1,864.0,651.0,1096.0,1193.0,443.0,34.5,19.3,1.0369
1,822.0,611.0,1191.0,1138.0,403.0,33.2,19.0,0.9533
1,810.0,597.0,1255.0,1106.0,361.0,32.2,20.5,0.9699
2,784.0,576.0,1327.0,1060.0,342.0,32.6,17.5,0.8467
1,823.0,633.0,1228.0,1103.0,366.0,33.0,17.5,0.8683
1,863.0,678.0,1153.0,1139.0,434.0,32.9,17.5,0.8622
1,880.0,728.0,1046.0,1167.0,514.0,31.6,18.0,0.8243
1,951.0,859.0,897.0,1267.0,718.0,29.3,20.4,0.8162
1,942.0,786.0,930.0,1245.0,705.0,27.8,24.4,0.9002
1,988.0,859.0,845.0,1341.0,799.0,27.1,26.9,0.9524
1,1008.0,845.0,832.0,1349.0,856.0,26.3,29.5,0.9959
1,965.0,769.0,878.0,1315.0,667.0,25.9,32.9,1.0826
1,957.0,717.0,911.0,1322.0,579.0,25.3,36.9,1.1764
1,921.0,666.0,954.0,1288.0,480.0,24.8,40.1,1.2378
2,854.0,562.0,1106.0,1224.0,400.0,24.3,42.9,1.2906
2,826.0,504.0,1250.0,1204.0,385.0,24.0,45.5,1.3404
2,828.0,501.0,1281.0,1189.0,385.0,23.9,47.4,1.3881
1,892.0,580.0,1076.0,1271.0,516.0,23.5,49.1,1.3991
1,954.0,660.0,938.0,1342.0,728.0,23.7,49.2,1.4195
1,1120.0,890.0,728.0,1546.0,1035.0,23.6,49.6,1.4247
1,1096.0,921.0,716.0,1534.0,988.0,24.3,45.4,1.365
1,1058.0,898.0,749.0,1470.0,977.0,26.3,38.3,1.2932
1,977.0,800.0,843.0,1372.0,778.0,27.6,34.2,1.2464
1,977.0,840.0,827.0,1390.0,736.0,29.2,29.1,1.1586
1,943.0,777.0,880.0,1333.0,632.0,29.2,28.6,1.1423
1,964.0,814.0,850.0,1369.0,689.0,29.4,28.3,1.1434
1,953.0,781.0,889.0,1356.0,641.0,29.8,28.0,1.1558
1,967.0,814.0,854.0,1385.0,703.0,30.1,26.7,1.1217
1,996.0,843.0,840.0,1394.0,765.0,30.1,27.2,1.1406
1,1091.0,1039.0,699.0,1586.0,923.0,29.6,27.5,1.1229
1,1114.0,1101.0,663.0,1632.0,1057.0,29.6,27.7,1.1278
1,1133.0,1101.0,647.0,1669.0,1105.0,28.0,30.1,1.1226
1,1031.0,921.0,731.0,1490.0,897.0,26.8,33.8,1.1723
1,952.0,787.0,856.0,1342.0,723.0,25.7,35.8,1.16
1,949.0,804.0,835.0,1365.0,740.0,25.4,35.2,1.1255
1,932.0,752.0,889.0,1310.0,687.0,25.0,37.3,1.1614
1,966.0,774.0,859.0,1352.0,644.0,24.6,40.5,1.2362
1,888.0,653.0,973.0,1272.0,497.0,24.2,43.8,1.3057
1,847.0,634.0,1012.0,1258.0,525.0,24.0,43.7,1.2876
1,856.0,687.0,955.0,1260.0,726.0,21.9,48.3,1.2522
1,881.0,735.0,876.0,1308.0,783.0,22.4,47.2,1.2593
1,882.0,711.0,936.0,1310.0,741.0,22.9,46.5,1.2861
1,1016.0,888.0,776.0,1485.0,1040.0,23.1,47.0,1.3122
0,1228.0,1113.0,628.0,1719.0,1324.0,23.7,46.2,1.3376
0,1311.0,1350.0,529.0,1957.0,1486.0,25.8,41.9,1.3688
1,1081.0,983.0,703.0,1546.0,1079.0,27.3,38.3,1.3669
1,1104.0,993.0,705.0,1539.0,1081.0,31.0,29.1,1.2885
1,991.0,898.0,787.0,1412.0,806.0,31.6,25.5,1.1638
1,1008.0,980.0,755.0,1465.0,825.0,32.5,21.2,1.0173
1,986.0,1005.0,752.0,1439.0,907.0,31.7,20.5,0.9428
1,948.0,893.0,828.0,1374.0,768.0,31.5,21.5,0.9768
1,919.0,862.0,851.0,1293.0,697.0,31.6,20.8,0.9562
1,958.0,940.0,820.0,1380.0,728.0,32.4,19.4,0.9279
1,1037.0,1021.0,747.0,1451.0,786.0,31.7,20.3,0.9336
1,1120.0,1181.0,653.0,1604.0,1028.0,31.1,21.0,0.9337
0,1205.0,1294.0,579.0,1744.0,1317.0,28.9,25.4,0.9933
1,1172.0,1159.0,597.0,1653.0,1290.0,27.4,30.8,1.1112
1,1088.0,1019.0,668.0,1554.0,1165.0,26.3,34.1,1.1453
1,1055.0,979.0,694.0,1517.0,1086.0,25.4,35.2,1.1288
0,1297.0,1654.0,848.0,1366.0,1611.0,22.7,33.0,0.8987
1,1325.0,1266.0,926.0,1441.0,1543.0,32.4,19.8,0.9484
0,1383.0,1406.0,824.0,1582.0,1678.0,29.9,22.3,0.9235
1,1254.0,1241.0,873.0,1463.0,1431.0,28.2,24.8,0.936
1,1221.0,1174.0,874.0,1481.0,1413.0,26.8,28.9,1.0019
1,1226.0,1138.0,862.0,1481.0,1419.0,25.1,32.3,1.0131
1,1100.0,999.0,984.0,1361.0,1145.0,25.4,30.5,0.9722
1,999.0,879.0,1114.0,1261.0,960.0,24.9,28.3,0.8775
1,980.0,873.0,1088.0,1258.0,949.0,23.2,30.5,0.8558
2,859.0,698.0,1254.0,1157.0,819.0,22.3,33.6,0.8959
2,814.0,606.0,1370.0,1131.0,745.0,23.0,33.0,0.9184
2,806.0,605.0,1366.0,1132.0,725.0,21.4,35.7,0.8982
2,813.0,631.0,1327.0,1108.0,710.0,21.7,33.4,0.8545
2,889.0,760.0,1224.0,1213.0,806.0,20.3,35.5,0.8342
0,1200.0,1246.0,798.0,1574.0,1416.0,19.7,37.5,0.8501
0,1289.0,1335.0,724.0,1681.0,1521.0,21.0,35.6,0.8736
0,1355.0,1333.0,741.0,1691.0,1605.0,25.0,28.9,0.9025
0,1277.0,1292.0,800.0,1626.0,1481.0,31.0,21.9,0.9708
1,1156.0,1142.0,907.0,1490.0,1188.0,34.9,18.5,1.0189
1,1054.0,1071.0,1006.0,1380.0,940.0,37.1,15.0,0.9297
1,1096.0,1083.0,971.0,1430.0,986.0,35.0,17.3,0.9542
1,1160.0,1185.0,873.0,1522.0,1162.0,35.1,17.5,0.9733
1,1148.0,1149.0,924.0,1473.0,1047.0,35.4,16.6,0.9385
1,1166.0,1186.0,878.0,1500.0,1180.0,38.4,13.8,0.9221
1,1315.0,1370.0,794.0,1689.0,1399.0,37.6,14.5,0.9277
0,1425.0,1605.0,660.0,1920.0,2321.0,35.2,16.6,0.9242
0,1329.0,1360.0,704.0,1768.0,1894.0,31.2,25.5,1.1379
0,1299.0,1197.0,763.0,1688.0,1606.0,29.3,30.7,1.229
1,1123.0,1015.0,845.0,1470.0,1297.0,28.3,30.1,1.1392
1,1089.0,1024.0,831.0,1452.0,1182.0,27.4,31.5,1.133
1,1081.0,950.0,876.0,1434.0,1138.0,26.2,35.7,1.1929
1,1031.0,871.0,950.0,1393.0,972.0,25.2,38.1,1.2049
1,969.0,787.0,1035.0,1350.0,799.0,24.4,39.1,1.1784
2,881.0,680.0,1175.0,1251.0,630.0,23.7,39.1,1.1289
2,869.0,638.0,1219.0,1213.0,586.0,24.2,38.5,1.1491
2,866.0,644.0,1162.0,1218.0,629.0,24.5,38.5,1.1688
2,895.0,689.0,1134.0,1250.0,709.0,22.4,43.5,1.1624
1,933.0,786.0,1018.0,1306.0,858.0,22.3,43.8,1.1631
0,1209.0,1163.0,762.0,1606.0,1300.0,21.4,45.8,1.1515
0,1417.0,1511.0,587.0,1975.0,1676.0,22.9,41.3,1.1383
0,1227.0,1233.0,739.0,1594.0,1384.0,26.6,30.3,1.0378
1,1093.0,1076.0,871.0,1457.0,1125.0,30.3,23.0,0.977
1,1135.0,1170.0,867.0,1523.0,1189.0,32.8,18.9,0.9234
1,1112.0,1161.0,866.0,1499.0,1088.0,34.3,17.7,0.9416
1,1147.0,1168.0,858.0,1492.0,1118.0,33.3,18.9,0.9536
1,1086.0,1070.0,907.0,1423.0,924.0,33.0,20.1,0.9959
1,1077.0,1056.0,908.0,1406.0,935.0,33.6,19.6,1.0029
1,1110.0,1098.0,882.0,1450.0,1009.0,34.9,18.4,1.0106
1,1146.0,1125.0,846.0,1511.0,1016.0,33.4,20.3,1.027
1,1211.0,1194.0,797.0,1599.0,1188.0,31.6,22.7,1.041
1,1218.0,1221.0,755.0,1599.0,1290.0,29.2,26.9,1.0709
1,1136.0,1082.0,824.0,1478.0,1130.0,27.7,30.1,1.0991
1,1017.0,908.0,932.0,1354.0,880.0,27.1,31.0,1.0991
1,1063.0,946.0,886.0,1391.0,996.0,26.0,33.4,1.1071
1,1083.0,951.0,880.0,1393.0,1054.0,25.1,35.7,1.1222
1,1077.0,994.0,829.0,1429.0,1081.0,24.3,38.5,1.1525
1,968.0,823.0,952.0,1343.0,828.0,23.4,40.7,1.1551
1,898.0,720.0,1059.0,1259.0,661.0,23.2,41.2,1.1561
2,859.0,656.0,1126.0,1213.0,582.0,23.6,40.5,1.1667
2,849.0,607.0,1189.0,1190.0,544.0,23.5,40.9,1.1677
2,886.0,658.0,1101.0,1234.0,647.0,20.5,48.4,1.1557
2,932.0,708.0,1057.0,1285.0,720.0,20.7,48.4,1.1663
1,1144.0,1006.0,757.0,1535.0,1207.0,19.9,50.8,1.1694
0,1222.0,1083.0,729.0,1624.0,1273.0,21.3,47.2,1.1825
1,1202.0,989.0,775.0,1506.0,1303.0,24.0,40.8,1.1993
0,1323.0,1190.0,698.0,1702.0,1479.0,28.7,30.3,1.1769
1,1219.0,1074.0,805.0,1532.0,1191.0,31.9,24.7,1.1477
1,1121.0,965.0,899.0,1386.0,932.0,33.8,21.9,1.1331
1,1096.0,942.0,893.0,1366.0,826.0,32.7,22.7,1.1044
1,1019.0,858.0,989.0,1270.0,631.0,33.0,21.3,1.0512
1,1045.0,857.0,994.0,1308.0,598.0,33.9,21.2,1.0989
1,1147.0,959.0,872.0,1387.0,796.0,35.9,20.3,1.1845
1,1145.0,971.0,883.0,1418.0,759.0,34.2,22.6,1.197
1,1202.0,1040.0,815.0,1506.0,886.0,32.0,27.3,1.2752
1,1283.0,1112.0,719.0,1583.0,1071.0,29.3,32.6,1.3105
1,1148.0,929.0,815.0,1443.0,826.0,27.2,38.0,1.347
1,1229.0,1012.0,743.0,1562.0,1103.0,26.1,41.1,1.3705
1,1287.0,1060.0,716.0,1595.0,1221.0,25.3,44.6,1.4161
0,1285.0,1062.0,715.0,1583.0,1449.0,24.6,47.2,1.4424
0,1251.0,1055.0,701.0,1602.0,1364.0,24.1,48.8,1.4412
1,1120.0,900.0,811.0,1462.0,1111.0,23.6,50.4,1.447
1,1108.0,917.0,797.0,1495.0,1129.0,22.0,55.8,1.4585
1,961.0,759.0,943.0,1375.0,799.0,22.4,53.6,1.4379
1,950.0,719.0,982.0,1372.0,771.0,21.6,55.8,1.4228
2,901.0,608.0,1105.0,1299.0,646.0,21.8,55.2,1.4184
2,903.0,619.0,1111.0,1315.0,705.0,21.7,55.4,1.4192
1,1024.0,757.0,923.0,1423.0,908.0,20.6,59.8,1.435
1,1093.0,837.0,830.0,1480.0,1047.0,22.1,55.3,1.4495
1,1097.0,833.0,853.0,1470.0,1015.0,24.8,48.2,1.4883
1,1126.0,830.0,853.0,1528.0,938.0,27.9,43.4,1.6017
1,1139.0,794.0,908.0,1456.0,849.0,30.1,38.5,1.6212
1,1178.0,832.0,858.0,1542.0,844.0,28.2,48.6,1.8253
1,1243.0,883.0,745.0,1660.0,1036.0,24.8,70.4,2.1766
1,1017.0,680.0,996.0,1421.0,729.0,27.8,49.4,1.8209
1,1048.0,672.0,1050.0,1438.0,556.0,25.4,59.9,1.9168
1,1254.0,840.0,787.0,1602.0,846.0,26.1,66.8,2.231
1,1287.0,911.0,796.0,1664.0,942.0,28.0,53.2,1.981
1,1215.0,900.0,823.0,1604.0,902.0,27.4,51.4,1.8404
0,1363.0,1071.0,697.0,1763.0,1178.0,25.7,55.8,1.8149
0,1436.0,1224.0,609.0,1886.0,1426.0,24.6,60.3,1.8363
0,1365.0,1143.0,655.0,1796.0,1394.0,24.2,61.6,1.8381
0,1506.0,1385.0,555.0,2260.0,1935.0,23.8,63.5,1.8495
0,1227.0,1055.0,705.0,1772.0,1360.0,23.0,64.8,1.802
1,1038.0,866.0,833.0,1570.0,1061.0,23.0,63.3,1.7589
1,934.0,744.0,970.0,1473.0,870.0,22.8,63.3,1.7355
1,900.0,699.0,1036.0,1452.0,799.0,21.0,68.6,1.6873
1,870.0,692.0,1070.0,1443.0,779.0,20.4,70.7,1.6734
1,875.0,713.0,1027.0,1436.0,809.0,19.4,73.4,1.6417
1,940.0,789.0,917.0,1473.0,914.0,19.5,72.0,1.6118
1,1053.0,913.0,824.0,1578.0,1033.0,19.7,70.3,1.5925
0,1509.0,1508.0,533.0,2257.0,1572.0,20.4,66.7,1.577
0,1559.0,1599.0,498.0,2374.0,1704.0,21.8,61.8,1.5966
0,1313.0,1231.0,626.0,1889.0,1455.0,23.0,60.2,1.6652
0,1372.0,1251.0,609.0,1890.0,1588.0,25.4,53.0,1.6963
0,1320.0,1190.0,655.0,1825.0,1482.0,30.0,41.6,1.7324
0,1346.0,1246.0,639.0,1907.0,1458.0,32.6,34.8,1.6872
0,1307.0,1236.0,649.0,1869.0,1356.0,32.2,34.2,1.6145
1,1157.0,1069.0,737.0,1653.0,1100.0,32.1,33.5,1.569
1,1154.0,1026.0,773.0,1623.0,1212.0,32.6,31.8,1.5361
1,1172.0,1145.0,735.0,1676.0,1049.0,35.2,25.2,1.4111
1,1241.0,1254.0,693.0,1735.0,1149.0,34.3,24.7,1.3154
0,1379.0,1433.0,605.0,1982.0,1370.0,31.5,29.9,1.3638
0,1570.0,1684.0,494.0,2289.0,1716.0,29.0,36.6,1.4452
0,1418.0,1471.0,542.0,2064.0,1600.0,27.1,42.2,1.4949
0,1317.0,1295.0,593.0,1883.0,1592.0,26.1,46.4,1.5445
0,1204.0,1136.0,648.0,1782.0,1491.0,25.1,49.4,1.548
1,1014.0,853.0,843.0,1499.0,1084.0,26.0,46.4,1.5375
1,956.0,794.0,896.0,1456.0,1007.0,24.7,49.2,1.5116
1,891.0,708.0,1005.0,1382.0,823.0,24.8,49.0,1.5092
1,856.0,665.0,1061.0,1375.0,788.0,23.5,52.6,1.5035
1,863.0,703.0,1032.0,1403.0,791.0,20.8,62.1,1.5044
1,911.0,745.0,922.0,1428.0,924.0,19.9,65.5,1.5078
1,936.0,765.0,916.0,1462.0,941.0,20.6,62.9,1.5088
1,1087.0,964.0,774.0,1633.0,1103.0,21.3,59.4,1.4918
0,1540.0,1498.0,519.0,2301.0,1657.0,22.0,58.3,1.5199
0,1513.0,1601.0,469.0,2382.0,1743.0,23.2,55.4,1.5559
0,1409.0,1322.0,562.0,2004.0,1601.0,26.5,50.2,1.713
1,1219.0,1042.0,699.0,1750.0,1253.0,29.0,45.5,1.7976
1,1286.0,1172.0,644.0,1870.0,1295.0,30.1,42.0,1.7602
1,1228.0,1174.0,668.0,1788.0,1192.0,32.3,35.9,1.7067
1,1140.0,1117.0,711.0,1690.0,1046.0,33.2,33.8,1.69
1,1052.0,906.0,832.0,1516.0,803.0,34.0,33.6,1.7591
1,1282.0,1107.0,682.0,1791.0,1116.0,29.9,45.6,1.8942
0,1378.0,1282.0,576.0,2010.0,1347.0,27.7,53.7,1.967
0,1506.0,1471.0,518.0,2200.0,1530.0,28.0,52.7,1.9604
0,1310.0,1259.0,620.0,1926.0,1240.0,28.6,48.2,1.8616
1,1204.0,1114.0,686.0,1807.0,1092.0,24.8,61.6,1.9067
1,1071.0,842.0,873.0,1575.0,740.0,20.3,77.2,1.8204
1,967.0,719.0,980.0,1490.0,670.0,19.7,82.5,1.8674
1,947.0,689.0,1009.0,1454.0,640.0,20.6,78.8,1.8885
1,1011.0,734.0,967.0,1497.0,918.0,19.2,87.2,1.9195
1,971.0,722.0,949.0,1472.0,804.0,20.5,81.5,1.936
1,886.0,627.0,1082.0,1405.0,694.0,21.4,74.0,1.8683
1,908.0,657.0,1013.0,1460.0,796.0,20.5,78.2,1.8678
1,901.0,652.0,1013.0,1468.0,804.0,20.7,77.8,1.8764
1,915.0,674.0,970.0,1481.0,829.0,20.5,78.0,1.8636
1,940.0,712.0,961.0,1499.0,848.0,20.6,76.2,1.8272
1,1048.0,891.0,791.0,1654.0,992.0,20.1,77.4,1.802
0,1298.0,1181.0,644.0,1962.0,1256.0,20.9,73.3,1.787
0,1487.0,1493.0,492.0,2345.0,1598.0,21.2,72.3,1.8007
0,1327.0,1233.0,582.0,1968.0,1403.0,22.5,68.9,1.8511
0,1363.0,1255.0,573.0,1989.0,1497.0,23.7,64.5,1.8682
0,1393.0,1340.0,529.0,2080.0,1500.0,23.2,68.4,1.9243
0,1361.0,1324.0,540.0,2044.0,1549.0,23.5,69.2,1.9776
0,1289.0,1217.0,599.0,1975.0,1374.0,24.1,65.5,1.9371
0,1265.0,1184.0,619.0,1930.0,1270.0,24.2,65.6,1.9501
0,1339.0,1257.0,579.0,2031.0,1360.0,24.6,63.9,1.9459
0,1269.0,1215.0,608.0,1939.0,1296.0,26.3,56.5,1.9018
0,1299.0,1220.0,624.0,1929.0,1319.0,26.9,53.1,1.8557
0,1546.0,1519.0,493.0,2265.0,1649.0,26.5,50.8,1.7334
0,1571.0,1593.0,469.0,2409.0,1686.0,25.1,55.8,1.7511
0,1312.0,1299.0,580.0,2016.0,1380.0,23.9,58.9,1.7276
1,1074.0,946.0,767.0,1635.0,1079.0,23.1,62.8,1.7562
1,1127.0,989.0,752.0,1724.0,1096.0,22.1,67.3,1.7671
1,1040.0,923.0,769.0,1640.0,1049.0,22.1,66.5,1.7441
1,1060.0,925.0,772.0,1649.0,1161.0,21.1,70.1,1.7366
1,911.0,753.0,934.0,1496.0,865.0,21.9,67.1,1.7394
1,853.0,623.0,1107.0,1421.0,768.0,21.7,67.4,1.7262
1,915.0,725.0,962.0,1485.0,845.0,20.2,73.8,1.7229
1,897.0,738.0,936.0,1471.0,843.0,19.1,76.0,1.6668
1,976.0,840.0,844.0,1562.0,964.0,19.4,75.4,1.6802
1,1066.0,982.0,740.0,1699.0,1065.0,19.7,74.4,1.6829
0,1435.0,1387.0,544.0,2140.0,1467.0,19.9,74.3,1.7083
0,1420.0,1430.0,512.0,2194.0,1510.0,20.4,72.8,1.7198
0,1365.0,1341.0,549.0,2033.0,1518.0,21.6,67.7,1.7254
0,1171.0,1083.0,695.0,1758.0,1276.0,22.9,59.1,1.633
1,982.0,850.0,888.0,1505.0,873.0,18.7,73.1,1.5608
1,1021.0,979.0,798.0,1580.0,958.0,21.1,58.3,1.4444
1,1044.0,1039.0,771.0,1609.0,1076.0,23.3,47.1,1.3281
1,1005.0,972.0,834.0,1514.0,952.0,22.9,47.9,1.3208
1,1021.0,985.0,816.0,1524.0,977.0,23.3,46.2,1.301
1,1064.0,1048.0,772.0,1574.0,1059.0,23.7,45.4,1.315
0,1167.0,1231.0,659.0,1745.0,1199.0,23.8,46.1,1.3373
0,1167.0,1263.0,640.0,1790.0,1212.0,23.0,49.3,1.3689
0,1164.0,1227.0,658.0,1800.0,1193.0,21.9,53.1,1.3787
1,1092.0,1110.0,725.0,1641.0,1105.0,21.3,54.8,1.3742
1,997.0,955.0,845.0,1528.0,926.0,21.2,55.2,1.3699
1,966.0,964.0,858.0,1560.0,1231.0,21.4,54.8,1.3813
1,969.0,922.0,906.0,1488.0,995.0,20.8,57.2,1.3925
1,944.0,1005.0,874.0,1633.0,1094.0,21.3,55.8,1.3974
1,834.0,817.0,1022.0,1408.0,774.0,21.4,52.1,1.3125
2,796.0,667.0,1162.0,1295.0,558.0,20.6,56.6,1.3583
2,777.0,585.0,1305.0,1266.0,510.0,20.0,59.1,1.3694
2,752.0,521.0,1451.0,1247.0,471.0,19.7,61.9,1.4017
2,755.0,528.0,1472.0,1234.0,471.0,19.6,59.1,1.3346
2,800.0,598.0,1336.0,1278.0,529.0,19.8,56.7,1.2941
1,1147.0,1136.0,737.0,1708.0,1114.0,20.2,55.6,1.3043
1,1036.0,965.0,854.0,1544.0,987.0,19.7,57.8,1.3112
1,926.0,845.0,979.0,1398.0,851.0,20.2,53.1,1.2442
1,961.0,881.0,932.0,1417.0,901.0,22.0,47.0,1.2259
1,951.0,926.0,902.0,1460.0,949.0,23.5,41.6,1.1884
1,962.0,940.0,889.0,1441.0,855.0,22.8,41.8,1.1417
1,1004.0,1004.0,832.0,1490.0,911.0,23.4,40.4,1.15
1,893.0,828.0,988.0,1357.0,672.0,23.2,42.8,1.2017
1,990.0,956.0,872.0,1476.0,826.0,23.6,43.2,1.2433
1,1071.0,1068.0,798.0,1556.0,988.0,23.9,40.8,1.1937
1,1140.0,1155.0,733.0,1660.0,1105.0,23.6,42.8,1.23
1,1103.0,1143.0,741.0,1647.0,1089.0,23.2,43.3,1.2161
1,1082.0,1178.0,733.0,1605.0,1077.0,22.8,42.5,1.1608
1,991.0,977.0,872.0,1448.0,923.0,22.3,42.2,1.1209
1,935.0,852.0,978.0,1344.0,824.0,22.1,43.0,1.1271
1,908.0,790.0,1046.0,1317.0,717.0,22.2,42.7,1.1237
1,927.0,826.0,1021.0,1331.0,734.0,22.1,42.8,1.1265
1,936.0,844.0,978.0,1365.0,776.0,22.1,43.5,1.1443
2,847.0,694.0,1153.0,1240.0,594.0,21.5,45.6,1.1528
2,812.0,664.0,1212.0,1215.0,518.0,21.1,44.5,1.098
2,804.0,616.0,1271.0,1189.0,496.0,20.4,47.1,1.1178
2,793.0,636.0,1213.0,1195.0,514.0,20.6,45.9,1.0993
2,775.0,609.0,1319.0,1190.0,468.0,20.2,46.7,1.0899
2,835.0,690.0,1183.0,1257.0,621.0,20.1,47.8,1.1144
1,913.0,830.0,980.0,1371.0,757.0,20.0,50.7,1.1724
2,903.0,765.0,1035.0,1317.0,712.0,20.7,49.7,1.197
1,982.0,895.0,892.0,1413.0,859.0,24.3,39.5,1.1842
1,925.0,838.0,949.0,1324.0,728.0,25.4,34.8,1.1119
1,895.0,776.0,1024.0,1274.0,640.0,26.6,30.7,1.0501
1,930.0,838.0,957.0,1319.0,680.0,27.7,28.1,1.0272
1,953.0,881.0,926.0,1339.0,704.0,27.6,28.7,1.0406
1,885.0,765.0,1017.0,1268.0,619.0,27.6,29.2,1.0594
1,903.0,779.0,1010.0,1278.0,583.0,28.1,28.6,1.0715
1,927.0,781.0,994.0,1267.0,594.0,29.1,26.8,1.0648
1,979.0,835.0,936.0,1338.0,700.0,28.4,28.3,1.0798
1,1050.0,947.0,832.0,1447.0,912.0,26.6,32.1,1.102
1,1091.0,1037.0,770.0,1512.0,1038.0,25.3,35.3,1.1262
1,1040.0,946.0,827.0,1424.0,952.0,24.7,37.1,1.1397
1,997.0,879.0,885.0,1404.0,887.0,23.5,40.6,1.1588
1,1042.0,938.0,816.0,1456.0,1004.0,22.8,43.4,1.1915
1,1191.0,1055.0,707.0,1563.0,1221.0,22.2,47.9,1.2626
1,1149.0,996.0,754.0,1534.0,1177.0,21.3,50.5,1.2652
1,973.0,862.0,850.0,1436.0,957.0,20.6,53.2,1.2742
1,940.0,823.0,891.0,1415.0,853.0,19.6,56.6,1.2797
1,949.0,890.0,854.0,1484.0,884.0,18.8,59.8,1.2847
2,830.0,699.0,1012.0,1339.0,736.0,18.8,59.5,1.2758
2,773.0,609.0,1169.0,1256.0,590.0,19.3,57.0,1.2603
2,811.0,644.0,1144.0,1289.0,655.0,18.2,60.8,1.2567
2,901.0,754.0,936.0,1351.0,854.0,16.8,66.8,1.2721
1,969.0,886.0,863.0,1451.0,953.0,18.6,60.0,1.2757
1,1027.0,933.0,806.0,1465.0,1050.0,22.2,48.0,1.2678
1,1094.0,1002.0,755.0,1536.0,1114.0,26.5,35.7,1.2149
1,1083.0,984.0,784.0,1485.0,1049.0,30.0,28.5,1.1883
1,1098.0,1015.0,754.0,1508.0,996.0,32.2,24.7,1.1696
1,1059.0,1047.0,761.0,1549.0,841.0,29.6,28.6,1.1628
1,1021.0,1009.0,771.0,1545.0,769.0,29.8,28.5,1.1809
1,925.0,768.0,987.0,1289.0,541.0,31.1,26.1,1.163
1,1045.0,910.0,878.0,1385.0,742.0,34.6,22.4,1.212
1,1303.0,1317.0,631.0,1816.0,1196.0,33.2,25.4,1.2722
1,1254.0,1204.0,668.0,1655.0,1338.0,30.0,31.4,1.3074
0,1345.0,1306.0,587.0,1806.0,1416.0,27.5,38.1,1.3756
0,1273.0,1159.0,645.0,1704.0,1341.0,26.2,42.5,1.423
1,1096.0,931.0,766.0,1506.0,1019.0,24.7,46.4,1.4206
1,1077.0,920.0,778.0,1509.0,935.0,23.6,50.0,1.4383
1,1084.0,929.0,751.0,1517.0,1081.0,22.7,53.6,1.4632
1,980.0,800.0,863.0,1407.0,903.0,22.7,53.8,1.4666
1,882.0,713.0,978.0,1343.0,731.0,22.8,53.0,1.4577
2,851.0,655.0,1051.0,1301.0,625.0,21.4,57.6,1.4469
2,819.0,597.0,1112.0,1281.0,613.0,19.9,62.3,1.4363
2,804.0,601.0,1122.0,1281.0,646.0,19.5,63.5,1.4269
2,823.0,631.0,1090.0,1304.0,671.0,20.2,60.8,1.4243
1,903.0,748.0,937.0,1373.0,801.0,19.4,63.5,1.4139
0,1310.0,1344.0,573.0,2026.0,1353.0,18.7,65.6,1.4039
0,1436.0,1601.0,455.0,2338.0,1682.0,20.1,60.6,1.4062
0,1479.0,1490.0,494.0,2146.0,1749.0,23.5,49.7,1.4156
0,1285.0,1243.0,599.0,1815.0,1582.0,26.4,41.9,1.4237
0,1262.0,1258.0,597.0,1835.0,1484.0,29.9,34.0,1.4096
1,1225.0,1227.0,643.0,1774.0,1321.0,31.5,30.8,1.4017
1,1162.0,1188.0,676.0,1681.0,1125.0,30.2,30.2,1.2744
1,1103.0,1044.0,757.0,1523.0,967.0,30.5,29.3,1.2612
1,1120.0,1045.0,752.0,1563.0,975.0,31.8,27.4,1.2673
1,1169.0,1163.0,708.0,1639.0,1025.0,34.3,23.2,1.2326
0,1386.0,1522.0,560.0,1990.0,1469.0,34.1,23.0,1.2081
0,1426.0,1577.0,521.0,2080.0,1648.0,30.5,29.2,1.2585
0,1476.0,1663.0,473.0,2167.0,1785.0,28.1,32.4,1.2173
0,1167.0,1282.0,633.0,1685.0,1371.0,26.5,31.7,1.0787
1,1032.0,1039.0,761.0,1455.0,1071.0,24.8,33.7,1.0377
1,1034.0,972.0,747.0,1437.0,1118.0,23.9,38.1,1.1123
1,986.0,885.0,835.0,1407.0,931.0,23.0,43.0,1.1897
1,908.0,732.0,966.0,1311.0,722.0,23.5,44.7,1.2755
1,891.0,714.0,957.0,1295.0,773.0,22.3,47.7,1.2643
2,843.0,656.0,1042.0,1271.0,665.0,22.1,49.8,1.3094
2,822.0,612.0,1094.0,1254.0,594.0,21.8,51.4,1.3272
2,814.0,589.0,1119.0,1246.0,565.0,20.8,55.9,1.3581
2,869.0,673.0,1033.0,1307.0,688.0,18.8,63.0,1.3582
1,1013.0,905.0,804.0,1499.0,974.0,18.3,65.5,1.3686
0,1515.0,1584.0,496.0,2288.0,1591.0,18.2,66.1,1.3679
0,1587.0,1795.0,425.0,2531.0,1820.0,19.6,60.7,1.3713
0,1490.0,1487.0,508.0,2115.0,1807.0,22.6,51.4,1.392
0,1435.0,1408.0,537.0,1991.0,1704.0,25.8,44.2,1.4512
0,1246.0,1209.0,632.0,1792.0,1270.0,28.5,39.0,1.4928
1,1266.0,1231.0,615.0,1768.0,1265.0,30.1,35.1,1.4782
0,1277.0,1277.0,586.0,1846.0,1226.0,29.4,36.4,1.4718
1,1142.0,1073.0,671.0,1635.0,987.0,29.2,37.9,1.5116
1,1207.0,1136.0,645.0,1696.0,1024.0,30.5,34.9,1.5015
1,1252.0,1233.0,618.0,1759.0,1127.0,31.5,31.4,1.431
0,1399.0,1468.0,531.0,2072.0,1442.0,31.2,31.4,1.3987
0,1464.0,1559.0,485.0,2158.0,1639.0,28.5,37.2,1.4282
0,1422.0,1520.0,494.0,2087.0,1624.0,26.7,42.3,1.4618
0,1308.0,1297.0,567.0,1899.0,1454.0,24.8,49.0,1.5092
1,1137.0,1047.0,680.0,1620.0,1138.0,23.6,53.6,1.5374
1,1040.0,903.0,782.0,1494.0,951.0,23.0,55.8,1.548
1,1018.0,885.0,809.0,1491.0,864.0,22.1,58.4,1.5393
1,962.0,808.0,866.0,1430.0,868.0,22.6,56.3,1.5233
1,930.0,768.0,916.0,1409.0,825.0,21.0,61.3,1.5031
1,812.0,613.0,1133.0,1302.0,626.0,23.0,54.0,1.501
2,826.0,612.0,1111.0,1304.0,605.0,19.8,65.3,1.4894
2,878.0,702.0,949.0,1373.0,822.0,18.3,70.8,1.4794
1,922.0,764.0,892.0,1415.0,905.0,18.1,72.5,1.4876
1,1047.0,965.0,737.0,1606.0,1075.0,18.3,71.0,1.4807
0,1376.0,1452.0,521.0,2123.0,1541.0,18.5,68.9,1.4565
0,1514.0,1648.0,457.0,2400.0,1749.0,20.1,62.7,1.461
0,1494.0,1528.0,479.0,2201.0,1798.0,23.5,52.0,1.4833
0,1316.0,1298.0,562.0,1888.0,1584.0,26.8,42.7,1.4864
0,1269.0,1247.0,597.0,1813.0,1441.0,29.1,36.7,1.4543
1,1152.0,1099.0,674.0,1631.0,1093.0,30.8,32.0,1.4014
1,1138.0,1117.0,657.0,1646.0,1019.0,27.9,37.0,1.372
1,1132.0,1052.0,680.0,1609.0,944.0,28.5,37.3,1.4291
1,1186.0,1159.0,640.0,1701.0,1046.0,30.2,32.9,1.3865
1,1228.0,1184.0,657.0,1724.0,1089.0,32.9,27.7,1.3622
0,1424.0,1486.0,523.0,2084.0,1537.0,32.2,28.8,1.3624
0,1427.0,1458.0,507.0,2049.0,1566.0,28.8,39.0,1.5203
0,1387.0,1473.0,508.0,2065.0,1510.0,26.7,43.3,1.4881
0,1284.0,1249.0,582.0,1842.0,1300.0,24.6,54.0,1.6461
1,1110.0,1045.0,688.0,1638.0,1058.0,23.4,59.9,1.6992
1,1110.0,1032.0,702.0,1650.0,1002.0,22.5,62.6,1.6883
1,1077.0,964.0,749.0,1571.0,923.0,22.9,62.0,1.7127
1,1037.0,898.0,793.0,1539.0,836.0,22.2,64.9,1.719
1,1002.0,854.0,818.0,1513.0,779.0,21.4,68.5,1.7261
1,865.0,694.0,989.0,1385.0,678.0,22.2,63.0,1.6673
1,824.0,615.0,1131.0,1336.0,601.0,22.4,59.9,1.6069
2,824.0,602.0,1138.0,1337.0,593.0,21.1,63.8,1.5817
1,847.0,620.0,1085.0,1339.0,670.0,22.9,57.5,1.5879
1,961.0,828.0,892.0,1491.0,837.0,21.3,63.2,1.5794
0,1336.0,1340.0,540.0,2049.0,1400.0,21.3,63.5,1.5941
0,1251.0,1264.0,582.0,1897.0,1393.0,23.7,54.4,1.5765
0,1290.0,1244.0,604.0,1853.0,1415.0,25.0,50.8,1.5903
0,1215.0,1141.0,631.0,1766.0,1285.0,26.3,48.1,1.6199
0,1248.0,1177.0,608.0,1784.0,1230.0,26.4,47.3,1.6006
1,1233.0,1184.0,610.0,1775.0,1147.0,29.3,39.5,1.5855
1,1229.0,1217.0,599.0,1795.0,1107.0,29.0,39.6,1.5581
1,1206.0,1175.0,618.0,1746.0,1068.0,29.8,38.0,1.5642
1,1215.0,1150.0,608.0,1733.0,1115.0,30.4,37.2,1.588
0,1330.0,1264.0,586.0,1860.0,1362.0,31.5,34.9,1.5903
0,1446.0,1434.0,522.0,2075.0,1619.0,31.6,34.8,1.5925
0,1446.0,1458.0,501.0,2059.0,1572.0,29.0,40.5,1.5949
0,1421.0,1444.0,510.0,2056.0,1446.0,27.2,45.9,1.6302
0,1247.0,1206.0,600.0,1785.0,1233.0,26.2,48.7,1.6256
1,1168.0,1070.0,667.0,1646.0,1102.0,25.1,50.5,1.584
1,1111.0,991.0,721.0,1559.0,1028.0,24.1,50.7,1.4959
1,1071.0,934.0,763.0,1504.0,942.0,22.5,53.7,1.4486
1,969.0,835.0,859.0,1437.0,773.0,22.7,53.7,1.458
1,942.0,780.0,915.0,1419.0,737.0,21.5,57.9,1.4658
1,923.0,744.0,908.0,1394.0,815.0,22.3,55.8,1.4828
2,813.0,581.0,1176.0,1320.0,627.0,22.7,53.8,1.4673
2,851.0,618.0,1099.0,1351.0,642.0,21.1,59.9,1.4789
2,868.0,639.0,1093.0,1367.0,610.0,20.4,63.0,1.4946
1,1062.0,915.0,792.0,1579.0,929.0,20.8,62.2,1.5119
0,1418.0,1328.0,546.0,2017.0,1427.0,21.3,61.6,1.5452
0,1600.0,1641.0,440.0,2430.0,1776.0,21.9,60.2,1.56
0,1583.0,1538.0,461.0,2214.0,1788.0,23.0,56.4,1.5614
0,1338.0,1305.0,543.0,1929.0,1521.0,25.1,49.5,1.5572
0,1285.0,1252.0,581.0,1866.0,1293.0,26.6,44.3,1.5229
0,1376.0,1359.0,530.0,1998.0,1435.0,26.2,46.0,1.5422
0,1467.0,1477.0,491.0,2114.0,1592.0,25.4,48.7,1.5594
0,1442.0,1403.0,518.0,2026.0,1551.0,25.6,48.3,1.558
0,1358.0,1277.0,563.0,1892.0,1429.0,25.7,47.8,1.5548
1,1222.0,1133.0,624.0,1698.0,1195.0,24.9,49.2,1.5251
1,1134.0,1017.0,724.0,1632.0,981.0,18.3,75.4,1.5682
1,1120.0,993.0,725.0,1565.0,962.0,16.3,73.9,1.3601
1,1103.0,997.0,736.0,1552.0,914.0,15.6,75.7,1.3345
2,985.0,805.0,895.0,1390.0,785.0,15.4,76.6,1.3334
2,795.0,596.0,1227.0,1188.0,482.0,14.0,75.4,1.1988
2,787.0,584.0,1317.0,1129.0,446.0,14.9,60.5,1.0213
2,839.0,701.0,1128.0,1156.0,553.0,15.5,50.9,0.888
2,835.0,705.0,1117.0,1161.0,592.0,15.6,50.0,0.8773
2,837.0,693.0,1096.0,1178.0,584.0,15.4,53.6,0.9326
2,761.0,563.0,1316.0,1106.0,451.0,15.4,53.9,0.9334
2,718.0,499.0,1495.0,1059.0,382.0,15.3,52.4,0.9017
2,724.0,495.0,1531.0,1071.0,391.0,15.3,53.1,0.9181
2,718.0,486.0,1531.0,1072.0,398.0,15.4,53.7,0.9295
2,744.0,525.0,1434.0,1097.0,430.0,15.5,53.3,0.9308
2,782.0,591.0,1287.0,1130.0,461.0,15.4,52.7,0.9178
2,798.0,619.0,1204.0,1138.0,500.0,15.7,51.1,0.9056
2,867.0,744.0,1067.0,1207.0,594.0,16.9,47.7,0.9142
2,862.0,729.0,1103.0,1171.0,603.0,18.2,41.9,0.8674
2,915.0,834.0,1006.0,1243.0,686.0,19.1,37.0,0.8104
2,857.0,813.0,1040.0,1183.0,622.0,19.3,34.8,0.771
2,837.0,812.0,1065.0,1171.0,624.0,19.8,31.2,0.7127
2,805.0,740.0,1161.0,1117.0,565.0,19.8,31.1,0.7104
2,781.0,705.0,1203.0,1068.0,514.0,20.2,28.6,0.6717
2,815.0,743.0,1183.0,1095.0,536.0,22.1,24.8,0.6514
2,877.0,844.0,1048.0,1193.0,669.0,21.1,27.7,0.6853
2,926.0,935.0,931.0,1262.0,786.0,20.1,30.3,0.7045
1,987.0,971.0,876.0,1312.0,891.0,19.5,33.0,0.7384
1,1004.0,1007.0,848.0,1321.0,926.0,19.3,32.3,0.7163
2,897.0,875.0,937.0,1227.0,902.0,18.4,33.2,0.6975
1,1002.0,989.0,840.0,1358.0,1011.0,17.8,36.5,0.7366
1,1126.0,1111.0,746.0,1473.0,1249.0,17.8,39.9,0.8035
1,1067.0,1013.0,794.0,1350.0,1133.0,17.0,43.0,0.8242
1,1063.0,1040.0,739.0,1413.0,1166.0,15.5,52.2,0.9136
2,915.0,893.0,872.0,1287.0,953.0,15.6,51.9,0.9135
2,906.0,885.0,872.0,1304.0,912.0,13.5,59.4,0.9176
2,844.0,786.0,969.0,1226.0,831.0,13.4,59.9,0.9173
2,816.0,739.0,999.0,1188.0,793.0,12.5,63.2,0.9146
2,768.0,671.0,1128.0,1153.0,700.0,13.6,57.6,0.8941
2,835.0,785.0,989.0,1224.0,780.0,12.2,63.2,0.8964
2,944.0,908.0,865.0,1321.0,931.0,14.6,56.4,0.9319
2,810.0,651.0,1170.0,1117.0,575.0,19.8,38.6,0.8831
2,819.0,655.0,1222.0,1104.0,507.0,21.6,33.4,0.8519
2,844.0,680.0,1147.0,1129.0,518.0,22.0,32.2,0.8407
2,846.0,688.0,1127.0,1138.0,518.0,22.7,30.2,0.8217
2,842.0,711.0,1077.0,1160.0,516.0,22.3,30.4,0.8063
2,840.0,722.0,1048.0,1169.0,507.0,22.1,30.5,0.7981
2,815.0,657.0,1166.0,1098.0,490.0,22.1,29.5,0.7761
2,838.0,685.0,1176.0,1121.0,465.0,23.4,27.1,0.7681
1,992.0,987.0,823.0,1327.0,781.0,23.1,27.0,0.7538
1,990.0,891.0,908.0,1278.0,765.0,21.5,31.4,0.7943
1,1066.0,1004.0,795.0,1384.0,1006.0,20.3,35.5,0.833
2,971.0,870.0,911.0,1287.0,798.0,19.6,36.3,0.8193
2,963.0,887.0,853.0,1311.0,938.0,18.7,39.7,0.8482
1,1010.0,925.0,829.0,1351.0,996.0,18.0,42.7,0.8745
1,1054.0,978.0,768.0,1398.0,1109.0,17.1,47.6,0.9208
2,998.0,920.0,802.0,1365.0,1042.0,16.6,51.3,0.9634
2,919.0,802.0,891.0,1265.0,940.0,15.9,55.2,0.9881
2,884.0,764.0,921.0,1247.0,900.0,14.9,58.9,0.9891
2,803.0,648.0,1079.0,1178.0,774.0,14.1,61.0,0.9799
2,820.0,674.0,1024.0,1188.0,790.0,14.0,62.6,0.9948
2,894.0,794.0,889.0,1266.0,908.0,14.1,61.7,0.9844
2,988.0,941.0,801.0,1399.0,1035.0,14.4,60.3,0.9802
0,1372.0,1477.0,542.0,1973.0,1556.0,15.0,57.7,0.9778
0,1209.0,1262.0,618.0,1708.0,1392.0,16.9,50.3,0.958
1,951.0,908.0,873.0,1314.0,904.0,19.7,40.2,0.9108
1,992.0,943.0,847.0,1351.0,936.0,22.2,33.6,0.8886
1,964.0,947.0,862.0,1328.0,907.0,23.7,29.6,0.8537
1,917.0,910.0,886.0,1275.0,744.0,21.9,30.7,0.7961
1,937.0,942.0,852.0,1276.0,773.0,22.3,29.5,0.7838
1,961.0,949.0,853.0,1306.0,812.0,23.8,27.0,0.7845
1,969.0,962.0,829.0,1316.0,856.0,23.3,28.3,0.8012
1,1020.0,1042.0,788.0,1401.0,927.0,24.2,27.2,0.8128
1,1107.0,1219.0,683.0,1582.0,1131.0,25.1,25.8,0.8065
1,1119.0,1233.0,670.0,1539.0,1270.0,22.3,29.2,0.7773
0,1173.0,1322.0,633.0,1679.0,1365.0,20.8,32.5,0.7873
1,1097.0,1144.0,702.0,1517.0,1274.0,19.1,36.8,0.8066
1,1018.0,1024.0,758.0,1400.0,1169.0,18.1,39.9,0.8232
2,932.0,914.0,837.0,1298.0,1000.0,17.4,42.8,0.8463
2,897.0,849.0,891.0,1253.0,910.0,16.7,46.6,0.8793
2,840.0,758.0,994.0,1189.0,829.0,17.1,46.8,0.9054
2,802.0,680.0,1091.0,1137.0,756.0,15.3,51.9,0.8982
2,765.0,637.0,1138.0,1113.0,742.0,15.0,52.8,0.8929
2,741.0,595.0,1191.0,1080.0,686.0,14.4,54.5,0.8887
2,748.0,595.0,1208.0,1089.0,677.0,12.8,59.8,0.8801
2,791.0,704.0,1057.0,1154.0,748.0,11.9,62.7,0.8726
2,875.0,871.0,890.0,1253.0,890.0,12.1,62.6,0.8825
0,1085.0,1164.0,707.0,1503.0,1155.0,13.5,58.2,0.8944
0,1268.0,1482.0,550.0,1849.0,1533.0,14.4,55.7,0.9087
0,1236.0,1332.0,601.0,1683.0,1550.0,17.8,45.7,0.9224
0,1274.0,1294.0,615.0,1595.0,2236.0,21.0,37.2,0.9155
0,1250.0,1280.0,618.0,1663.0,2178.0,24.5,29.8,0.9008
0,1224.0,1347.0,602.0,1670.0,1901.0,26.4,26.4,0.8969
0,1220.0,1344.0,605.0,1676.0,1743.0,25.2,26.8,0.8451
0,1166.0,1265.0,640.0,1570.0,1502.0,26.1,24.8,0.8283
1,1050.0,1084.0,748.0,1402.0,1153.0,26.2,24.4,0.8174
1,1174.0,1264.0,670.0,1598.0,1287.0,28.9,21.3,0.8382
0,1323.0,1474.0,554.0,1854.0,1547.0,28.0,23.3,0.8681
0,1432.0,1706.0,488.0,2098.0,1842.0,24.7,27.9,0.8559
0,1479.0,1756.0,466.0,2165.0,1908.0,23.0,33.6,0.9302
0,1309.0,1379.0,555.0,1841.0,1693.0,20.9,45.8,1.1159
1,1089.0,1037.0,707.0,1480.0,1336.0,19.8,48.6,1.113
1,1009.0,911.0,788.0,1359.0,1177.0,19.8,47.7,1.0885
2,930.0,796.0,883.0,1263.0,977.0,18.6,49.1,1.0435
2,929.0,805.0,879.0,1270.0,974.0,17.2,53.9,1.0498
2,872.0,718.0,981.0,1223.0,872.0,16.3,56.8,1.047
2,790.0,601.0,1150.0,1157.0,734.0,17.4,53.4,1.0541
2,793.0,581.0,1169.0,1152.0,668.0,15.5,58.8,1.0309
2,789.0,596.0,1145.0,1161.0,698.0,14.6,62.1,1.0236
2,769.0,586.0,1221.0,1134.0,650.0,17.1,52.5,1.013
2,852.0,713.0,1029.0,1203.0,749.0,15.2,58.3,0.9986
0,1100.0,1097.0,739.0,1516.0,1106.0,14.9,59.2,0.9985
0,1326.0,1504.0,510.0,1968.0,1609.0,15.1,59.0,1.0086
0,1433.0,1518.0,499.0,1973.0,1770.0,19.0,47.8,1.0434
0,1310.0,1334.0,573.0,1747.0,1633.0,22.4,38.8,1.04
0,1304.0,1272.0,593.0,1673.0,1583.0,25.4,33.3,1.0679
0,1286.0,1286.0,593.0,1728.0,1449.0,27.2,30.4,1.081
0,1217.0,1175.0,621.0,1644.0,1451.0,25.5,34.8,1.1152
1,1104.0,1099.0,698.0,1483.0,1147.0,26.4,28.5,0.9658
1,1143.0,1176.0,677.0,1551.0,1108.0,27.7,25.1,0.9158
1,1205.0,1295.0,626.0,1613.0,1267.0,28.6,23.2,0.8917
0,1276.0,1340.0,597.0,1677.0,1303.0,27.2,26.3,0.9317
0,1440.0,1573.0,491.0,1997.0,1643.0,25.3,33.0,1.0473
0,1467.0,1643.0,467.0,2088.0,1749.0,23.2,36.9,1.0346
0,1339.0,1373.0,541.0,1797.0,1585.0,21.6,43.3,1.1019
1,1108.0,1061.0,685.0,1454.0,1315.0,21.1,44.8,1.1088
1,1116.0,1012.0,699.0,1445.0,1290.0,19.7,49.3,1.1148
1,981.0,860.0,812.0,1298.0,1059.0,20.3,47.8,1.1281
1,947.0,798.0,869.0,1276.0,943.0,19.4,50.3,1.1201
2,939.0,776.0,879.0,1259.0,913.0,18.3,53.1,1.1056
2,862.0,644.0,1030.0,1173.0,720.0,17.5,56.1,1.1103
2,827.0,577.0,1138.0,1143.0,640.0,19.2,50.3,1.1087
2,879.0,611.0,1036.0,1189.0,779.0,16.6,59.6,1.117
2,911.0,710.0,932.0,1226.0,850.0,17.5,57.1,1.1311
1,1051.0,901.0,778.0,1379.0,1020.0,17.6,57.6,1.1471
0,1496.0,1425.0,520.0,1946.0,1605.0,18.0,57.0,1.1665
0,1610.0,1692.0,436.0,2197.0,1866.0,18.5,55.9,1.1779
0,1428.0,1321.0,544.0,1779.0,1621.0,18.6,57.2,1.2146
0,1459.0,1356.0,525.0,1795.0,1712.0,20.2,53.0,1.2407
0,1486.0,1390.0,504.0,1835.0,1770.0,21.3,50.1,1.2539
1,1158.0,1008.0,695.0,1489.0,1175.0,24.6,42.8,1.3053
1,1200.0,1021.0,678.0,1510.0,1157.0,24.6,44.1,1.3477
0,1290.0,1151.0,613.0,1638.0,1219.0,25.6,43.4,1.4049
0,1366.0,1223.0,578.0,1744.0,1288.0,26.1,42.6,1.4172
0,1505.0,1388.0,516.0,1978.0,1503.0,25.8,44.8,1.4644
0,1728.0,1683.0,419.0,2365.0,1861.0,25.4,47.9,1.5346
0,1673.0,1643.0,436.0,2259.0,1781.0,24.6,50.0,1.5241
0,1636.0,1553.0,449.0,2130.0,1745.0,23.6,54.4,1.5687
0,1468.0,1296.0,529.0,1854.0,1590.0,22.6,59.5,1.6155
1,1180.0,997.0,677.0,1549.0,1127.0,22.1,61.3,1.6133
1,1138.0,938.0,700.0,1500.0,1098.0,22.1,61.3,1.6053
1,1192.0,1004.0,665.0,1577.0,1176.0,21.1,64.7,1.5956
1,1176.0,993.0,659.0,1572.0,1178.0,20.3,66.4,1.5591
1,1137.0,967.0,687.0,1557.0,1091.0,19.4,69.3,1.5418
1,1035.0,851.0,764.0,1465.0,1002.0,19.0,70.8,1.5417
1,943.0,709.0,893.0,1348.0,876.0,20.2,65.8,1.5442
1,904.0,655.0,968.0,1326.0,824.0,19.8,67.2,1.5322
1,966.0,726.0,872.0,1371.0,892.0,19.0,70.3,1.5308
1,1124.0,972.0,674.0,1568.0,1092.0,18.8,71.8,1.5372
0,1348.0,1217.0,559.0,1816.0,1413.0,20.2,66.3,1.555
0,1499.0,1501.0,469.0,2130.0,1565.0,20.8,64.3,1.563
0,1427.0,1311.0,503.0,1900.0,1594.0,22.3,59.3,1.5705
0,1473.0,1330.0,497.0,1908.0,1677.0,23.2,56.6,1.5929
0,1440.0,1294.0,506.0,1879.0,1616.0,23.8,54.7,1.587
0,1474.0,1326.0,485.0,1943.0,1610.0,23.5,56.2,1.6048
0,1485.0,1359.0,477.0,2005.0,1614.0,23.9,54.4,1.5963
0,1306.0,1079.0,603.0,1668.0,1286.0,25.4,47.4,1.517
0,1464.0,1251.0,530.0,1853.0,1487.0,26.4,45.4,1.54
0,1629.0,1466.0,458.0,2130.0,1703.0,25.8,46.9,1.5375
0,1629.0,1536.0,435.0,2205.0,1773.0,25.3,49.6,1.5805
0,1707.0,1637.0,411.0,2338.0,1848.0,24.2,54.3,1.6117
0,1424.0,1293.0,524.0,1902.0,1550.0,22.8,58.1,1.5951
0,1297.0,1100.0,598.0,1710.0,1350.0,21.5,63.2,1.5993
0,1214.0,1022.0,645.0,1592.0,1235.0,21.3,63.0,1.5798
1,1160.0,944.0,686.0,1523.0,1162.0,20.8,64.1,1.554
0,1232.0,1012.0,642.0,1595.0,1211.0,20.6,64.0,1.5346
1,1134.0,914.0,699.0,1512.0,1097.0,20.6,63.4,1.519
1,1071.0,860.0,742.0,1500.0,1021.0,20.4,64.4,1.522
1,968.0,730.0,858.0,1388.0,913.0,21.3,61.0,1.529
1,994.0,711.0,867.0,1384.0,909.0,20.5,64.0,1.5247
1,1046.0,804.0,774.0,1458.0,983.0,20.3,65.3,1.5321
1,1066.0,827.0,751.0,1479.0,1024.0,20.1,65.9,1.5321
0,1277.0,1061.0,612.0,1691.0,1243.0,20.2,65.6,1.5368
0,1290.0,1093.0,592.0,1677.0,1253.0,21.1,62.8,1.5481
0,1268.0,1066.0,608.0,1665.0,1240.0,22.5,57.5,1.5518
1,1243.0,997.0,648.0,1587.0,1155.0,24.2,51.9,1.5426
1,1300.0,1053.0,614.0,1650.0,1193.0,25.2,48.9,1.5437
1,1278.0,1053.0,630.0,1641.0,1153.0,25.8,47.8,1.5662
1,1249.0,1023.0,639.0,1640.0,1034.0,25.7,49.2,1.5988
1,1145.0,867.0,739.0,1499.0,870.0,25.8,49.6,1.6213
1,1199.0,928.0,704.0,1533.0,890.0,25.7,48.8,1.5913
1,1236.0,962.0,690.0,1589.0,946.0,26.5,45.9,1.5626
1,1289.0,1037.0,638.0,1648.0,1033.0,25.4,48.9,1.565
1,1299.0,1072.0,617.0,1688.0,1107.0,24.4,52.5,1.583
0,1506.0,1315.0,512.0,1954.0,1395.0,23.9,54.6,1.5936
0,1432.0,1234.0,553.0,1849.0,1342.0,22.9,57.9,1.5958
1,1193.0,1021.0,666.0,1633.0,1152.0,22.1,61.1,1.6012
1,1188.0,1007.0,668.0,1577.0,1128.0,20.8,65.6,1.5898
1,1162.0,953.0,691.0,1526.0,1104.0,21.7,60.8,1.563
1,1106.0,921.0,720.0,1506.0,1055.0,21.1,62.8,1.5505
1,1037.0,836.0,788.0,1467.0,904.0,20.7,63.2,1.524
1,982.0,768.0,850.0,1416.0,835.0,21.2,61.5,1.5241
1,944.0,740.0,881.0,1412.0,781.0,20.3,64.6,1.518
1,929.0,703.0,908.0,1391.0,761.0,20.2,64.4,1.5035
1,906.0,672.0,948.0,1377.0,742.0,20.1,65.3,1.5153
1,907.0,665.0,972.0,1370.0,779.0,19.9,66.0,1.5141
1,1013.0,781.0,829.0,1469.0,894.0,19.8,66.4,1.5145
1,1055.0,795.0,800.0,1476.0,927.0,20.4,64.1,1.5178
1,1138.0,880.0,727.0,1538.0,1034.0,21.6,60.8,1.5496
1,1250.0,1003.0,647.0,1638.0,1217.0,23.5,54.5,1.5553
1,1165.0,916.0,711.0,1517.0,1093.0,25.7,46.6,1.5105
1,1229.0,1025.0,663.0,1588.0,1073.0,26.6,43.7,1.5031
1,1168.0,911.0,715.0,1517.0,969.0,27.4,41.8,1.5056
1,1092.0,814.0,794.0,1446.0,777.0,27.4,42.8,1.5344
1,1109.0,843.0,769.0,1458.0,743.0,27.1,43.3,1.5255
1,1133.0,823.0,775.0,1449.0,777.0,26.9,44.4,1.551
1,1192.0,887.0,716.0,1488.0,819.0,26.9,44.4,1.5538
1,1298.0,1015.0,647.0,1619.0,1056.0,24.7,51.9,1.5868
0,1524.0,1320.0,514.0,1925.0,1481.0,23.7,55.6,1.6074
0,1540.0,1336.0,498.0,1929.0,1590.0,22.7,59.6,1.6261
1,1190.0,992.0,654.0,1587.0,1211.0,21.9,61.4,1.5946
1,1092.0,911.0,735.0,1506.0,1052.0,22.0,59.8,1.562
1,1079.0,890.0,745.0,1522.0,1000.0,20.5,64.9,1.5473
1,995.0,789.0,828.0,1432.0,874.0,19.8,66.9,1.5277
1,960.0,772.0,838.0,1431.0,852.0,18.4,71.6,1.4997
2,890.0,666.0,969.0,1323.0,728.0,18.9,68.6,1.4818
2,860.0,632.0,1037.0,1322.0,713.0,17.8,72.3,1.4546
2,860.0,652.0,997.0,1326.0,734.0,17.1,73.9,1.4262
2,883.0,713.0,937.0,1351.0,777.0,17.7,70.3,1.4088
2,929.0,795.0,858.0,1373.0,815.0,17.1,71.8,1.3936
1,1100.0,1018.0,706.0,1573.0,1002.0,18.3,67.5,1.4044
0,1257.0,1299.0,550.0,1864.0,1302.0,18.5,67.0,1.4135
0,1402.0,1393.0,505.0,1967.0,1542.0,19.9,61.7,1.4193
0,1376.0,1324.0,527.0,1886.0,1571.0,22.9,52.6,1.4519
0,1374.0,1346.0,519.0,1910.0,1614.0,24.2,49.0,1.4586
0,1381.0,1355.0,516.0,1931.0,1583.0,25.8,44.7,1.459
0,1282.0,1247.0,561.0,1829.0,1285.0,26.0,44.5,1.4731
1,1188.0,1124.0,625.0,1655.0,1094.0,27.1,40.2,1.4217
1,1227.0,1147.0,612.0,1707.0,1113.0,27.4,39.8,1.4318
0,1364.0,1328.0,528.0,1898.0,1395.0,28.9,36.3,1.4291
0,1531.0,1558.0,451.0,2181.0,1620.0,28.4,37.5,1.4251
0,1694.0,1805.0,391.0,2523.0,1882.0,26.0,43.9,1.4562
0,1723.0,1866.0,378.0,2612.0,2006.0,24.3,49.6,1.486
0,1356.0,1331.0,520.0,1925.0,1643.0,23.3,53.0,1.4939
1,1084.0,979.0,699.0,1539.0,1239.0,22.6,55.1,1.4899
1,1039.0,936.0,731.0,1499.0,1121.0,21.2,59.3,1.4787
1,1011.0,875.0,787.0,1446.0,1012.0,20.6,60.9,1.4642
1,968.0,831.0,810.0,1425.0,961.0,20.0,63.1,1.4592
2,867.0,693.0,971.0,1335.0,825.0,19.7,63.4,1.4383
2,820.0,620.0,1081.0,1270.0,703.0,20.8,58.8,1.4305
2,826.0,631.0,1072.0,1280.0,752.0,17.8,69.8,1.4058
2,835.0,620.0,1053.0,1260.0,741.0,18.8,65.3,1.4023
2,887.0,717.0,955.0,1334.0,786.0,17.6,69.5,1.3889
1,990.0,889.0,763.0,1450.0,952.0,17.4,69.7,1.3714
0,1511.0,1569.0,476.0,2195.0,1601.0,17.4,70.1,1.3783
0,1352.0,1465.0,491.0,1998.0,1621.0,18.5,65.5,1.3787
0,1337.0,1339.0,525.0,1870.0,1622.0,20.6,58.5,1.4054
0,1435.0,1373.0,513.0,1910.0,1759.0,23.9,48.7,1.4269
0,1377.0,1276.0,539.0,1790.0,1666.0,26.0,43.8,1.4499
0,1562.0,1559.0,453.0,2130.0,1918.0,28.6,37.3,1.4423
0,1358.0,1389.0,516.0,1886.0,1525.0,27.9,38.0,1.4029
0,1301.0,1212.0,575.0,1717.0,1332.0,28.4,37.6,1.4282
1,1255.0,1136.0,611.0,1675.0,1183.0,28.5,37.3,1.4329
0,1410.0,1340.0,533.0,1841.0,1414.0,30.8,31.8,1.3908
0,1578.0,1595.0,459.0,2181.0,1680.0,29.7,33.1,1.3546
0,1700.0,1782.0,401.0,2403.0,2004.0,27.0,40.2,1.4158
0,1778.0,1805.0,380.0,2473.0,2094.0,25.6,47.5,1.539
0,1539.0,1402.0,475.0,2018.0,1780.0,23.9,57.2,1.6774
0,1409.0,1304.0,500.0,1829.0,1640.0,22.7,60.8,1.6582
0,1231.0,1077.0,602.0,1580.0,1379.0,21.8,59.9,1.5492
1,1092.0,928.0,688.0,1470.0,1139.0,22.4,58.3,1.561
1,1036.0,850.0,760.0,1411.0,1001.0,21.7,60.2,1.5442
1,984.0,780.0,810.0,1377.0,910.0,21.2,61.4,1.5258
1,950.0,743.0,841.0,1377.0,895.0,19.3,68.4,1.513
2,889.0,665.0,943.0,1310.0,805.0,19.8,65.1,1.49
2,865.0,636.0,992.0,1285.0,761.0,20.0,62.9,1.4495
2,917.0,686.0,933.0,1304.0,805.0,18.3,68.5,1.4291
1,997.0,823.0,804.0,1395.0,894.0,18.1,68.5,1.4067
0,1433.0,1409.0,506.0,1972.0,1439.0,17.6,70.5,1.4057
0,1516.0,1596.0,429.0,2183.0,1706.0,18.3,67.8,1.4091
0,1528.0,1449.0,473.0,2039.0,1756.0,20.4,61.2,1.447
0,1347.0,1186.0,560.0,1713.0,1493.0,22.5,55.6,1.499
0,1392.0,1231.0,530.0,1771.0,1567.0,25.7,46.4,1.507
0,1359.0,1195.0,542.0,1784.0,1376.0,26.8,44.6,1.5467
0,1391.0,1249.0,518.0,1845.0,1399.0,26.0,46.4,1.5414
0,1335.0,1137.0,563.0,1729.0,1293.0,26.3,46.0,1.5478
0,1402.0,1213.0,530.0,1789.0,1348.0,27.4,43.9,1.5811
0,1406.0,1216.0,542.0,1772.0,1314.0,29.6,36.7,1.4936
0,1527.0,1419.0,476.0,1966.0,1507.0,28.7,37.3,1.4486
0,1559.0,1476.0,463.0,2022.0,1660.0,25.7,44.1,1.4331
0,1840.0,1852.0,360.0,2553.0,2143.0,24.5,49.5,1.5022
0,1666.0,1573.0,427.0,2195.0,1968.0,23.3,54.4,1.5386
0,1336.0,1204.0,542.0,1759.0,1490.0,22.4,57.9,1.5449
1,1189.0,1014.0,641.0,1553.0,1249.0,22.7,55.8,1.5218
0,1226.0,1029.0,620.0,1570.0,1265.0,20.4,62.4,1.4758
1,1171.0,972.0,650.0,1529.0,1181.0,20.3,64.2,1.5063
1,1002.0,762.0,814.0,1385.0,954.0,21.4,60.6,1.5236
1,950.0,696.0,894.0,1375.0,875.0,20.3,66.3,1.5657
1,930.0,660.0,925.0,1321.0,838.0,20.9,62.2,1.5182
1,924.0,643.0,948.0,1329.0,825.0,19.9,66.1,1.5198
1,994.0,732.0,852.0,1400.0,882.0,19.8,67.1,1.5305
1,1089.0,873.0,741.0,1479.0,990.0,20.1,64.4,1.4967
0,1468.0,1280.0,518.0,1899.0,1423.0,19.7,66.4,1.5035
0,1696.0,1711.0,383.0,2464.0,1823.0,20.9,62.4,1.5226
0,1479.0,1357.0,491.0,1937.0,1581.0,22.5,57.0,1.5314
0,1425.0,1255.0,516.0,1864.0,1500.0,23.5,53.4,1.5241
0,1279.0,1116.0,587.0,1668.0,1268.0,24.7,48.2,1.4802
0,1319.0,1165.0,571.0,1743.0,1230.0,27.1,40.9,1.4405
0,1329.0,1172.0,561.0,1739.0,1204.0,25.9,44.2,1.4576
0,1327.0,1172.0,566.0,1747.0,1205.0,26.9,41.8,1.4555
1,1282.0,1075.0,605.0,1651.0,1103.0,27.2,40.7,1.4481
0,1342.0,1157.0,572.0,1707.0,1195.0,28.6,37.6,1.4468
0,1623.0,1522.0,447.0,2110.0,1618.0,28.0,38.5,1.437
0,1576.0,1458.0,463.0,2024.0,1637.0,25.2,45.8,1.4464
0,1747.0,1709.0,399.0,2370.0,1876.0,24.0,50.6,1.4892
0,1757.0,1680.0,396.0,2280.0,1959.0,23.2,54.7,1.5296
0,1331.0,1194.0,559.0,1715.0,1477.0,22.3,57.1,1.5219
1,1182.0,1016.0,658.0,1572.0,1210.0,21.8,58.2,1.5036
1,1162.0,1008.0,658.0,1556.0,1160.0,20.9,61.3,1.4923
1,1147.0,964.0,668.0,1517.0,1116.0,20.6,62.0,1.4827
1,1040.0,836.0,762.0,1423.0,974.0,20.3,62.5,1.472
1,920.0,688.0,920.0,1317.0,820.0,20.5,62.1,1.4771
2,931.0,670.0,931.0,1326.0,792.0,18.7,68.5,1.4586
1,954.0,731.0,865.0,1360.0,839.0,18.2,70.3,1.4498
1,981.0,790.0,817.0,1390.0,898.0,18.2,70.1,1.4552
1,1147.0,1009.0,653.0,1589.0,1096.0,18.2,70.0,1.4519
0,1606.0,1578.0,440.0,2205.0,1786.0,19.4,66.5,1.4801
0,1490.0,1424.0,465.0,2033.0,1604.0,19.5,66.9,1.4999
0,1473.0,1409.0,483.0,1984.0,1637.0,21.1,61.1,1.5056
0,1582.0,1539.0,435.0,2141.0,1827.0,23.2,54.7,1.5349
0,1468.0,1323.0,496.0,1913.0,1641.0,24.4,52.5,1.5807
0,1413.0,1285.0,518.0,1883.0,1505.0,26.4,45.8,1.553
0,1400.0,1331.0,520.0,1916.0,1465.0,27.7,39.2,1.4356
0,1361.0,1238.0,548.0,1805.0,1368.0,28.0,39.6,1.4738
0,1389.0,1311.0,525.0,1845.0,1748.0,28.7,38.4,1.486
0,1305.0,1167.0,586.0,1690.0,1301.0,28.5,39.4,1.5147
0,1354.0,1275.0,543.0,1799.0,1338.0,28.4,39.8,1.5191
0,1352.0,1296.0,534.0,1846.0,1337.0,26.4,45.9,1.5572
0,1472.0,1327.0,497.0,1895.0,1516.0,25.2,49.5,1.5665
0,1412.0,1256.0,525.0,1797.0,1435.0,24.9,50.9,1.5856
1,1221.0,1061.0,619.0,1615.0,1178.0,24.6,52.2,1.5951
1,1230.0,990.0,652.0,1559.0,1111.0,24.0,54.4,1.6049
1,1247.0,961.0,666.0,1569.0,1112.0,23.8,56.1,1.6298
1,1217.0,975.0,665.0,1565.0,1109.0,22.3,60.6,1.608
1,1158.0,923.0,673.0,1519.0,1072.0,21.9,61.5,1.5967
1,1150.0,871.0,697.0,1502.0,1030.0,21.1,64.5,1.594
1,1061.0,785.0,766.0,1447.0,935.0,21.0,64.4,1.5828
1,1062.0,770.0,780.0,1450.0,922.0,21.3,63.9,1.5951
1,1157.0,890.0,681.0,1549.0,1054.0,20.8,66.7,1.6201
1,1167.0,907.0,681.0,1548.0,1082.0,20.6,67.5,1.621
0,1403.0,1229.0,523.0,1872.0,1365.0,20.9,66.3,1.6165
0,1453.0,1298.0,489.0,1940.0,1497.0,21.5,63.7,1.6186
0,1455.0,1260.0,502.0,1868.0,1540.0,23.7,56.0,1.6238
0,1512.0,1282.0,498.0,1899.0,1554.0,26.0,48.2,1.598
1,1331.0,1082.0,588.0,1689.0,1252.0,28.5,42.4,1.6286
0,1472.0,1246.0,512.0,1873.0,1455.0,28.1,45.3,1.6957
0,1430.0,1187.0,539.0,1812.0,1339.0,29.0,43.9,1.7309
1,1264.0,1016.0,624.0,1650.0,1062.0,28.9,44.3,1.7392
0,1378.0,1177.0,548.0,1775.0,1266.0,29.6,42.3,1.7248
0,1377.0,1123.0,578.0,1716.0,1223.0,29.4,42.9,1.7308
0,1527.0,1293.0,502.0,1907.0,1469.0,28.7,45.1,1.7468
0,1573.0,1343.0,470.0,1990.0,1553.0,27.0,51.2,1.7928
0,1674.0,1447.0,448.0,2065.0,1689.0,26.5,52.7,1.7966
0,1455.0,1218.0,535.0,1796.0,1387.0,26.2,51.7,1.7334
1,1242.0,1022.0,630.0,1641.0,1139.0,24.8,56.4,1.7447
1,1181.0,935.0,701.0,1565.0,960.0,24.9,56.0,1.7367
0,1468.0,1155.0,565.0,1738.0,1293.0,24.5,57.5,1.7433
0,1520.0,1217.0,552.0,1812.0,1357.0,24.7,56.9,1.7438
1,1203.0,1046.0,621.0,1664.0,1103.0,23.9,59.2,1.7327
1,1096.0,903.0,732.0,1560.0,857.0,23.8,60.2,1.7515
1,991.0,759.0,845.0,1440.0,658.0,23.5,61.3,1.7538
1,941.0,686.0,942.0,1406.0,549.0,22.8,64.0,1.7507
1,952.0,695.0,910.0,1429.0,627.0,22.2,65.6,1.7355
1,1082.0,825.0,753.0,1526.0,930.0,21.3,69.1,1.7275
1,1095.0,886.0,705.0,1574.0,1001.0,21.3,68.2,1.7127
1,1049.0,826.0,765.0,1521.0,917.0,22.2,65.2,1.7256
1,1055.0,795.0,807.0,1494.0,834.0,24.1,59.0,1.7449
1,1074.0,767.0,814.0,1489.0,796.0,24.3,61.6,1.8468
1,1229.0,941.0,680.0,1653.0,1040.0,24.8,59.6,1.8351
1,1228.0,952.0,668.0,1622.0,1110.0,24.5,58.8,1.7838
1,1107.0,807.0,768.0,1546.0,836.0,21.0,76.8,1.8881
1,1031.0,732.0,872.0,1476.0,704.0,19.8,78.0,1.7879
1,1155.0,804.0,815.0,1510.0,773.0,19.4,80.5,1.7917
1,1131.0,841.0,784.0,1531.0,811.0,19.6,79.1,1.7877
1,1143.0,890.0,744.0,1578.0,848.0,20.8,73.1,1.7695
1,1145.0,915.0,733.0,1586.0,892.0,21.1,68.6,1.7014
1,1169.0,910.0,726.0,1563.0,992.0,21.1,68.3,1.6914
1,1105.0,905.0,734.0,1576.0,950.0,21.2,67.7,1.6848
1,1049.0,817.0,806.0,1517.0,882.0,20.8,68.6,1.6719
1,1069.0,844.0,767.0,1527.0,883.0,20.8,68.1,1.6585
1,1073.0,838.0,768.0,1549.0,892.0,20.7,68.4,1.6507
1,1039.0,817.0,799.0,1502.0,836.0,20.1,70.5,1.6384
1,1021.0,811.0,794.0,1502.0,837.0,20.2,67.9,1.5901
2,825.0,536.0,1203.0,1302.0,498.0,19.4,70.4,1.5663
2,828.0,558.0,1166.0,1304.0,494.0,18.8,73.8,1.5885
2,847.0,576.0,1139.0,1321.0,507.0,17.9,77.7,1.5795
2,903.0,679.0,956.0,1385.0,660.0,18.2,76.9,1.5945
1,1041.0,865.0,757.0,1486.0,902.0,18.6,74.9,1.5918
0,1314.0,1267.0,559.0,1888.0,1240.0,19.6,70.3,1.5821
0,1326.0,1416.0,499.0,1971.0,1395.0,20.2,66.6,1.5567
0,1464.0,1444.0,475.0,2049.0,1625.0,19.7,68.9,1.5638
0,1313.0,1213.0,564.0,1789.0,1359.0,19.2,73.4,1.6192
0,1202.0,1058.0,647.0,1623.0,1152.0,20.0,69.6,1.607
0,1225.0,1155.0,607.0,1738.0,1159.0,21.1,64.0,1.5795
0,1257.0,1248.0,557.0,1837.0,1179.0,20.2,67.4,1.5832
0,1271.0,1217.0,566.0,1810.0,1227.0,20.2,68.9,1.6074
1,1179.0,1120.0,634.0,1667.0,1119.0,21.9,57.6,1.4942
0,1278.0,1248.0,574.0,1814.0,1243.0,23.2,52.0,1.4642
0,1435.0,1429.0,499.0,2072.0,1449.0,21.7,59.1,1.5115
0,1326.0,1356.0,525.0,1966.0,1405.0,20.8,61.4,1.4898
0,1324.0,1335.0,537.0,1920.0,1444.0,19.9,64.2,1.4711
0,1206.0,1185.0,592.0,1751.0,1386.0,19.7,65.1,1.4769
1,1052.0,987.0,700.0,1556.0,1102.0,20.0,63.3,1.4672
1,1057.0,934.0,743.0,1525.0,1041.0,19.0,66.1,1.4415
1,952.0,833.0,846.0,1381.0,881.0,18.8,60.9,1.3032
2,911.0,769.0,919.0,1340.0,791.0,18.9,60.7,1.311
2,898.0,742.0,915.0,1345.0,796.0,18.1,65.2,1.343
2,809.0,593.0,1134.0,1277.0,647.0,18.3,65.1,1.3529
2,823.0,616.0,1072.0,1300.0,716.0,18.3,66.9,1.3952
2,814.0,666.0,1029.0,1311.0,719.0,17.8,67.5,1.3674
2,857.0,705.0,982.0,1312.0,733.0,16.9,66.7,1.2772
2,935.0,810.0,881.0,1356.0,835.0,17.8,60.6,1.2276
0,1159.0,1110.0,671.0,1650.0,1094.0,17.6,60.8,1.2151
0,1102.0,1141.0,648.0,1594.0,1114.0,17.9,57.8,1.1751
1,979.0,917.0,795.0,1398.0,903.0,18.1,56.4,1.1645
1,998.0,941.0,785.0,1442.0,914.0,18.2,55.9,1.1547
1,962.0,911.0,793.0,1380.0,872.0,19.7,49.1,1.1148
1,985.0,957.0,773.0,1426.0,860.0,20.8,45.8,1.1126
1,1043.0,1053.0,707.0,1514.0,959.0,20.5,46.0,1.1
1,929.0,875.0,826.0,1365.0,814.0,18.9,50.6,1.0927
1,946.0,898.0,816.0,1377.0,827.0,18.4,51.6,1.0832
1,955.0,894.0,818.0,1366.0,804.0,17.9,52.6,1.0711
1,1004.0,1012.0,730.0,1460.0,906.0,17.1,54.2,1.0503
1,1037.0,1053.0,708.0,1480.0,958.0,16.5,56.2,1.0455
1,1066.0,1140.0,670.0,1577.0,1032.0,16.7,54.1,1.0212
2,890.0,813.0,898.0,1274.0,772.0,15.4,57.7,1.0008
2,843.0,729.0,990.0,1219.0,618.0,15.5,57.1,0.9971
2,834.0,716.0,997.0,1205.0,614.0,15.6,55.9,0.985
2,809.0,659.0,1074.0,1161.0,550.0,14.8,58.4,0.9777
2,786.0,600.0,1164.0,1132.0,511.0,14.8,57.9,0.9662
2,747.0,543.0,1276.0,1100.0,469.0,14.6,57.6,0.9517
2,723.0,485.0,1419.0,1065.0,425.0,14.6,57.1,0.9428
2,704.0,444.0,1558.0,1050.0,394.0,14.4,57.6,0.9416
2,709.0,449.0,1590.0,1055.0,392.0,14.5,57.4,0.9413
2,726.0,466.0,1485.0,1066.0,408.0,14.3,58.4,0.9501
2,798.0,599.0,1205.0,1141.0,517.0,14.7,57.4,0.9564
2,925.0,800.0,908.0,1272.0,750.0,14.3,58.1,0.9404
2,906.0,809.0,878.0,1272.0,787.0,14.0,58.3,0.9294
2,896.0,809.0,882.0,1257.0,788.0,15.4,53.2,0.9246
2,882.0,776.0,932.0,1222.0,760.0,16.5,49.9,0.9289
2,948.0,853.0,859.0,1283.0,839.0,17.4,47.6,0.9387
2,945.0,886.0,818.0,1307.0,827.0,18.0,46.1,0.9401
2,942.0,871.0,832.0,1314.0,765.0,17.9,46.5,0.9474
2,943.0,864.0,831.0,1297.0,814.0,17.4,48.3,0.955
2,894.0,810.0,892.0,1258.0,737.0,16.0,52.6,0.9489
2,984.0,910.0,795.0,1348.0,875.0,15.3,58.7,1.0154
1,1044.0,1022.0,726.0,1454.0,983.0,15.2,55.9,0.9572
2,981.0,983.0,759.0,1370.0,942.0,14.8,56.3,0.9459
2,1021.0,1001.0,731.0,1415.0,971.0,14.7,57.8,0.9626
2,943.0,867.0,834.0,1314.0,891.0,14.8,57.3,0.9603
2,863.0,732.0,970.0,1207.0,724.0,14.9,57.1,0.9581
2,847.0,698.0,1013.0,1174.0,719.0,15.2,55.5,0.9521
2,859.0,698.0,1015.0,1189.0,705.0,15.3,55.4,0.9564
2,861.0,712.0,1004.0,1197.0,718.0,15.1,56.9,0.9673
2,786.0,602.0,1146.0,1123.0,584.0,15.0,56.4,0.9554
2,740.0,506.0,1333.0,1074.0,469.0,14.9,56.4,0.9474
2,730.0,483.0,1434.0,1065.0,438.0,15.2,54.7,0.9394
2,728.0,475.0,1436.0,1061.0,432.0,15.1,55.4,0.9439
2,755.0,517.0,1325.0,1091.0,487.0,14.9,56.8,0.9541
2,854.0,663.0,1080.0,1189.0,655.0,15.2,55.9,0.9589
1,1079.0,985.0,758.0,1465.0,1009.0,15.3,56.3,0.9684
0,1097.0,1103.0,659.0,1520.0,1113.0,15.6,55.4,0.9725
1,1024.0,976.0,747.0,1386.0,1030.0,16.3,53.3,0.9809
1,990.0,942.0,776.0,1359.0,986.0,20.4,42.2,0.9964
1,1013.0,901.0,788.0,1369.0,975.0,21.9,39.4,1.0234
1,1051.0,968.0,746.0,1442.0,984.0,21.5,41.2,1.0399
1,1052.0,966.0,726.0,1446.0,982.0,22.2,41.4,1.097
1,1141.0,1049.0,675.0,1530.0,1117.0,21.0,46.8,1.1508
1,1130.0,1024.0,679.0,1537.0,1177.0,21.9,44.9,1.1635
1,1099.0,993.0,711.0,1507.0,1129.0,21.5,46.7,1.1837
0,1182.0,1064.0,653.0,1616.0,1217.0,19.7,56.6,1.2811
0,1211.0,1135.0,615.0,1682.0,1234.0,18.8,60.8,1.3036
0,1340.0,1324.0,537.0,1907.0,1412.0,19.3,59.6,1.3195
0,1299.0,1237.0,553.0,1804.0,1350.0,17.6,69.2,1.3803
1,1046.0,872.0,769.0,1479.0,968.0,16.4,77.1,1.4243
2,949.0,754.0,884.0,1393.0,759.0,16.6,77.3,1.4491
2,966.0,756.0,908.0,1363.0,741.0,15.9,78.1,1.4039
2,1062.0,887.0,770.0,1473.0,866.0,15.1,82.3,1.4009
2,934.0,730.0,906.0,1345.0,757.0,14.8,83.8,1.4005
2,862.0,649.0,1046.0,1289.0,675.0,14.4,84.6,1.3794
2,823.0,590.0,1125.0,1241.0,624.0,15.8,77.6,1.3792
2,839.0,604.0,1097.0,1259.0,605.0,15.2,79.4,1.3605
2,879.0,681.0,992.0,1312.0,703.0,14.8,81.9,1.3735
1,1095.0,977.0,725.0,1562.0,998.0,14.6,82.9,1.3706
0,1359.0,1311.0,544.0,1878.0,1311.0,14.8,80.4,1.3428
0,1354.0,1358.0,519.0,1942.0,1403.0,15.6,77.1,1.3527
0,1420.0,1405.0,501.0,1941.0,1573.0,17.3,70.9,1.3876
0,1265.0,1221.0,578.0,1760.0,1354.0,22.2,51.3,1.3543
1,1146.0,1122.0,639.0,1659.0,1131.0,24.4,43.9,1.3184
1,1150.0,1149.0,620.0,1676.0,1113.0,22.7,47.6,1.2989
0,1282.0,1247.0,560.0,1861.0,1258.0,20.5,61.5,1.4673
1,1067.0,1085.0,684.0,1548.0,985.0,23.3,40.4,1.1421
0,1185.0,1243.0,603.0,1689.0,1197.0,23.2,39.9,1.1172
0,1312.0,1381.0,540.0,1881.0,1402.0,21.5,44.5,1.129
0,1319.0,1426.0,509.0,1938.0,1491.0,20.9,48.5,1.1878
0,1255.0,1342.0,539.0,1875.0,1396.0,19.8,53.1,1.216
1,1123.0,1119.0,648.0,1593.0,1198.0,20.1,53.6,1.2477
1,1126.0,1045.0,689.0,1523.0,1166.0,19.6,56.0,1.2623
2,924.0,766.0,902.0,1357.0,752.0,18.6,60.4,1.2817
2,982.0,849.0,853.0,1390.0,717.0,14.5,78.3,1.288
2,936.0,756.0,939.0,1311.0,693.0,16.3,70.5,1.2921
2,1069.0,865.0,825.0,1394.0,816.0,14.1,83.8,1.346
2,967.0,785.0,879.0,1326.0,766.0,14.5,81.3,1.3399
2,869.0,649.0,1033.0,1249.0,631.0,14.7,80.7,1.3414
2,916.0,692.0,986.0,1287.0,683.0,14.5,82.1,1.3493
2,886.0,686.0,970.0,1278.0,654.0,15.0,78.4,1.3333
2,926.0,747.0,902.0,1325.0,759.0,14.5,80.5,1.3221
2,971.0,851.0,808.0,1389.0,876.0,14.6,79.0,1.3082
2,1029.0,886.0,807.0,1446.0,926.0,15.0,74.8,1.2672
0,1124.0,1057.0,667.0,1569.0,1091.0,15.9,70.4,1.2658
1,1063.0,964.0,729.0,1454.0,1045.0,17.4,62.3,1.2282
1,1028.0,961.0,756.0,1413.0,928.0,21.3,42.9,1.0727
1,944.0,910.0,828.0,1342.0,777.0,22.0,38.9,1.0154
2,913.0,857.0,892.0,1275.0,640.0,20.3,41.3,0.9745
1,966.0,906.0,819.0,1354.0,741.0,20.2,45.6,1.0663
2,833.0,737.0,1021.0,1162.0,483.0,20.8,37.4,0.9107
2,891.0,789.0,960.0,1234.0,522.0,21.6,35.9,0.9164
1,995.0,927.0,825.0,1320.0,718.0,22.0,35.7,0.9329
1,1038.0,929.0,816.0,1332.0,798.0,19.9,42.0,0.9665
1,1146.0,1118.0,695.0,1534.0,1174.0,19.2,46.3,1.0158
1,1059.0,958.0,787.0,1417.0,891.0,17.9,56.9,1.1545
2,1065.0,893.0,819.0,1397.0,799.0,14.7,75.5,1.2554
2,1013.0,822.0,855.0,1377.0,855.0,15.1,78.9,1.3409
2,942.0,712.0,979.0,1303.0,734.0,17.2,66.7,1.2987
2,925.0,735.0,960.0,1284.0,691.0,15.4,73.2,1.2755
2,871.0,628.0,1118.0,1228.0,557.0,16.5,68.5,1.2753
2,864.0,633.0,1097.0,1259.0,523.0,16.4,70.3,1.3031
2,929.0,698.0,991.0,1307.0,610.0,15.4,78.1,1.3557
2,912.0,690.0,984.0,1309.0,574.0,15.8,75.5,1.3436
2,817.0,602.0,1120.0,1227.0,470.0,16.0,69.5,1.2549
2,786.0,558.0,1217.0,1179.0,434.0,15.0,71.0,1.2032
2,827.0,595.0,1208.0,1214.0,507.0,13.9,75.2,1.1884
2,789.0,604.0,1181.0,1171.0,467.0,15.9,62.1,1.1103
2,875.0,754.0,961.0,1296.0,591.0,15.9,61.0,1.0911
2,959.0,792.0,913.0,1315.0,717.0,17.1,58.7,1.1332
1,969.0,850.0,846.0,1351.0,774.0,19.2,51.9,1.1404
1,947.0,821.0,900.0,1302.0,697.0,21.5,42.6,1.0798
1,960.0,848.0,866.0,1305.0,701.0,21.6,39.9,1.0156
1,1017.0,1020.0,744.0,1478.0,752.0,21.6,40.4,1.0309
1,979.0,1057.0,701.0,1473.0,760.0,22.0,37.3,0.9768
2,843.0,748.0,999.0,1179.0,505.0,22.1,35.2,0.9253
2,877.0,769.0,962.0,1212.0,529.0,22.4,36.0,0.9621
1,1053.0,1072.0,733.0,1495.0,832.0,20.9,40.3,0.9866
1,1047.0,1037.0,749.0,1429.0,904.0,19.8,41.5,0.9489
1,1105.0,1074.0,712.0,1457.0,1050.0,18.2,46.0,0.9538
1,1008.0,968.0,783.0,1348.0,1000.0,17.3,50.3,0.9837
2,975.0,891.0,814.0,1361.0,911.0,15.8,57.6,1.0271
2,954.0,850.0,840.0,1321.0,858.0,15.5,59.7,1.0413
2,987.0,904.0,808.0,1344.0,903.0,15.5,60.6,1.0574
2,880.0,784.0,922.0,1252.0,781.0,15.8,59.9,1.0676
2,856.0,732.0,988.0,1247.0,714.0,14.8,64.3,1.073
2,788.0,614.0,1116.0,1177.0,625.0,14.8,64.7,1.0788
2,760.0,555.0,1226.0,1158.0,568.0,13.8,67.6,1.0581
2,777.0,570.0,1191.0,1167.0,616.0,14.5,65.0,1.0672
2,825.0,661.0,1074.0,1207.0,710.0,14.0,67.4,1.0703
2,1011.0,947.0,759.0,1425.0,953.0,12.6,73.6,1.0699
0,1237.0,1319.0,576.0,1741.0,1271.0,13.3,70.4,1.0711
0,1298.0,1473.0,514.0,1884.0,1447.0,14.4,65.8,1.0773
0,1153.0,1230.0,616.0,1565.0,1296.0,16.8,57.8,1.0947
1,1101.0,1124.0,646.0,1521.0,1217.0,19.7,49.3,1.1199
0,1215.0,1203.0,599.0,1664.0,1341.0,21.1,47.2,1.1659
0,1163.0,1179.0,608.0,1641.0,1180.0,22.2,43.2,1.1427
0,1285.0,1293.0,549.0,1797.0,1365.0,21.4,47.2,1.1927
0,1288.0,1253.0,537.0,1763.0,1410.0,19.9,55.4,1.2702
0,1362.0,1334.0,512.0,1862.0,1529.0,20.3,54.0,1.2744
0,1405.0,1372.0,497.0,1883.0,1573.0,20.0,56.5,1.3051
0,1610.0,1697.0,407.0,2287.0,1810.0,19.7,57.8,1.3138
0,1612.0,1745.0,398.0,2357.0,1834.0,19.3,59.0,1.3077
0,1520.0,1604.0,436.0,2161.0,1672.0,18.5,60.3,1.2706
0,1489.0,1534.0,444.0,2080.0,1686.0,17.8,66.3,1.341
0,1181.0,1124.0,597.0,1606.0,1302.0,17.6,65.9,1.3175
1,995.0,898.0,761.0,1409.0,1023.0,17.5,63.5,1.2622
1,998.0,875.0,779.0,1380.0,992.0,16.5,67.2,1.2491
2,984.0,864.0,788.0,1371.0,960.0,16.2,69.1,1.259
2,1022.0,898.0,746.0,1414.0,955.0,14.9,74.7,1.2564
2,951.0,835.0,788.0,1354.0,887.0,14.1,76.7,1.2273
2,910.0,773.0,842.0,1303.0,851.0,14.0,76.6,1.2202
2,932.0,792.0,818.0,1323.0,903.0,14.9,73.8,1.24
2,974.0,859.0,772.0,1383.0,954.0,15.2,73.1,1.257
0,1117.0,1031.0,669.0,1528.0,1107.0,15.2,73.4,1.2626
0,1367.0,1343.0,517.0,1852.0,1442.0,15.2,74.7,1.2824
0,1583.0,1726.0,404.0,2316.0,1818.0,15.8,71.7,1.278
0,1526.0,1552.0,441.0,2074.0,1802.0,16.6,68.4,1.2829
0,1399.0,1416.0,485.0,1894.0,1671.0,17.6,64.9,1.2925
0,1436.0,1435.0,479.0,1911.0,1710.0,18.3,63.8,1.331
0,1455.0,1468.0,474.0,1945.0,1746.0,19.4,61.1,1.3652
0,1311.0,1286.0,544.0,1760.0,1495.0,20.9,58.1,1.4193
1,1174.0,1097.0,640.0,1596.0,1203.0,22.0,54.0,1.4114
0,1242.0,1158.0,602.0,1682.0,1252.0,22.8,53.0,1.4482
0,1267.0,1151.0,593.0,1671.0,1528.0,21.7,57.6,1.4756
0,1401.0,1326.0,530.0,1887.0,1629.0,21.3,60.8,1.5205
0,1428.0,1393.0,490.0,1976.0,1608.0,21.2,61.7,1.5309
0,1478.0,1447.0,474.0,2017.0,1664.0,21.2,62.2,1.5473
0,1518.0,1483.0,454.0,2098.0,1666.0,20.8,65.1,1.5782
0,1468.0,1415.0,470.0,1985.0,1594.0,19.9,69.0,1.5877
0,1369.0,1305.0,513.0,1851.0,1421.0,18.8,73.7,1.5785
0,1244.0,1141.0,571.0,1671.0,1337.0,19.2,71.3,1.5723
0,1217.0,1077.0,603.0,1628.0,1270.0,19.0,71.6,1.5549
1,1103.0,979.0,666.0,1520.0,1156.0,19.5,69.7,1.5596
1,1118.0,951.0,675.0,1509.0,1124.0,19.4,70.1,1.5626
1,1087.0,950.0,684.0,1519.0,1049.0,18.4,74.5,1.5634
1,1069.0,931.0,688.0,1508.0,1044.0,18.7,73.4,1.5701
1,1112.0,985.0,645.0,1544.0,1109.0,18.4,74.6,1.5631
0,1196.0,1086.0,594.0,1659.0,1224.0,18.5,74.4,1.5661
0,1522.0,1457.0,458.0,2043.0,1611.0,18.8,73.0,1.5737
0,1715.0,1728.0,371.0,2376.0,2004.0,19.9,69.9,1.6036
0,1582.0,1459.0,448.0,2036.0,1776.0,21.3,66.1,1.6556
0,1494.0,1379.0,467.0,1965.0,1723.0,23.0,61.8,1.7135
0,1631.0,1455.0,438.0,2027.0,1916.0,22.4,64.6,1.7271
0,1650.0,1506.0,424.0,2093.0,1955.0,23.8,59.9,1.7376
0,1640.0,1503.0,431.0,2094.0,1894.0,24.7,56.9,1.7472
0,1589.0,1418.0,452.0,2015.0,1823.0,25.4,55.1,1.761
0,1538.0,1362.0,473.0,1924.0,1793.0,25.7,54.5,1.7684
0,1597.0,1573.0,424.0,2307.0,1956.0,24.8,57.7,1.7765
0,1884.0,1846.0,348.0,2595.0,2203.0,24.6,58.9,1.8005
0,1835.0,1770.0,358.0,2474.0,2073.0,23.9,61.8,1.8088
0,1759.0,1684.0,373.0,2378.0,1923.0,23.0,65.9,1.8319
0,1666.0,1553.0,409.0,2170.0,1780.0,22.4,67.7,1.8161
0,1506.0,1360.0,458.0,1944.0,1609.0,22.0,69.2,1.8061
0,1378.0,1229.0,511.0,1820.0,1466.0,21.8,69.6,1.79
0,1448.0,1283.0,496.0,1877.0,1504.0,21.9,68.3,1.7699
0,1481.0,1359.0,467.0,1957.0,1518.0,21.7,69.7,1.7872
0,1289.0,1161.0,552.0,1765.0,1289.0,21.3,70.3,1.7574
1,1109.0,951.0,664.0,1570.0,1076.0,20.8,71.7,1.7415
1,994.0,812.0,784.0,1453.0,947.0,21.4,69.0,1.7421
1,1015.0,839.0,754.0,1473.0,970.0,21.4,69.3,1.7515
1,966.0,771.0,830.0,1420.0,900.0,21.3,69.5,1.7447
1,1088.0,932.0,706.0,1565.0,1034.0,21.5,67.5,1.708
0,1303.0,1198.0,578.0,1791.0,1235.0,21.9,64.8,1.683
0,1440.0,1412.0,494.0,2016.0,1455.0,22.6,61.4,1.6645
0,1392.0,1313.0,517.0,1866.0,1478.0,22.6,61.5,1.6636
0,1248.0,1167.0,572.0,1704.0,1393.0,25.5,52.3,1.6796
1,1197.0,1058.0,634.0,1626.0,1237.0,27.0,47.6,1.67
0,1357.0,1230.0,542.0,1834.0,1373.0,25.2,53.3,1.6834
0,1263.0,1143.0,578.0,1736.0,1310.0,26.6,49.3,1.6872
0,1261.0,1148.0,585.0,1733.0,1287.0,27.2,48.5,1.7172
0,1382.0,1200.0,539.0,1807.0,1413.0,26.9,50.0,1.7507
0,1400.0,1230.0,519.0,1864.0,1483.0,26.5,52.2,1.7769
0,1443.0,1322.0,488.0,1933.0,1539.0,27.0,51.0,1.7936
0,1630.0,1520.0,427.0,2166.0,1691.0,25.9,55.8,1.8347
0,1720.0,1661.0,382.0,2403.0,1846.0,25.1,59.4,1.8632
0,1600.0,1492.0,432.0,2160.0,1665.0,24.7,58.7,1.8001
0,1525.0,1427.0,450.0,2085.0,1577.0,23.6,62.2,1.7863
0,1544.0,1409.0,448.0,2048.0,1603.0,22.4,67.1,1.794
0,1455.0,1357.0,466.0,1964.0,1530.0,21.6,69.2,1.763
0,1203.0,1090.0,593.0,1655.0,1205.0,21.3,68.5,1.7164
1,1038.0,895.0,714.0,1474.0,999.0,21.2,68.6,1.7046
1,975.0,807.0,788.0,1423.0,904.0,20.3,70.6,1.6659
1,917.0,714.0,870.0,1355.0,843.0,20.8,67.3,1.6353
1,930.0,741.0,849.0,1392.0,843.0,19.6,71.3,1.612
1,960.0,804.0,802.0,1435.0,886.0,18.7,74.4,1.5861
1,982.0,834.0,770.0,1435.0,911.0,19.8,69.2,1.5808
0,1359.0,1282.0,541.0,1912.0,1319.0,19.8,69.4,1.5859
0,1500.0,1503.0,437.0,2158.0,1927.0,20.4,66.7,1.5781
0,1315.0,1261.0,535.0,1830.0,1554.0,22.3,60.6,1.6069
0,1307.0,1248.0,525.0,1787.0,1565.0,22.6,59.9,1.6246
0,1235.0,1125.0,574.0,1704.0,1462.0,24.5,54.5,1.6514
0,1310.0,1194.0,538.0,1781.0,1487.0,24.4,55.4,1.6712
0,1459.0,1375.0,467.0,2007.0,1690.0,26.0,51.9,1.7148
0,1461.0,1358.0,474.0,2033.0,1603.0,26.8,49.1,1.7101
0,1476.0,1352.0,474.0,1996.0,1568.0,26.4,49.8,1.6928
0,1612.0,1496.0,429.0,2127.0,1743.0,26.9,48.6,1.7017
0,1654.0,1546.0,435.0,2176.0,2007.0,26.2,48.9,1.634
0,1808.0,1771.0,373.0,2486.0,2235.0,24.3,54.3,1.6276
0,1681.0,1666.0,397.0,2339.0,1998.0,23.3,58.1,1.6457
0,1494.0,1443.0,454.0,2020.0,1795.0,22.3,62.5,1.6616
0,1251.0,1107.0,579.0,1657.0,1407.0,21.3,66.1,1.6556
1,1132.0,965.0,669.0,1502.0,1211.0,21.2,65.7,1.6319
1,1158.0,970.0,664.0,1509.0,1202.0,20.3,68.1,1.6009
1,1146.0,983.0,673.0,1518.0,1136.0,20.4,66.7,1.583
1,993.0,813.0,792.0,1413.0,946.0,19.9,67.5,1.5544
1,989.0,814.0,800.0,1418.0,915.0,19.1,70.0,1.5331
1,943.0,746.0,852.0,1374.0,864.0,19.3,68.1,1.5139
1,910.0,712.0,872.0,1341.0,836.0,19.6,66.9,1.5125
1,925.0,742.0,876.0,1381.0,842.0,18.1,72.1,1.4834
1,1039.0,882.0,724.0,1473.0,1002.0,18.1,72.3,1.4927
0,1208.0,1104.0,598.0,1699.0,1165.0,17.6,74.8,1.491
0,1268.0,1179.0,545.0,1753.0,1294.0,18.2,72.8,1.5048
0,1353.0,1265.0,507.0,1833.0,1475.0,20.2,65.8,1.5374
0,1317.0,1171.0,542.0,1727.0,1436.0,21.6,61.4,1.5696
0,1356.0,1187.0,534.0,1738.0,1465.0,23.3,57.5,1.6169
0,1414.0,1279.0,504.0,1854.0,1583.0,25.0,52.4,1.6356
0,1326.0,1206.0,533.0,1785.0,1432.0,25.4,50.8,1.6275
1,1211.0,1067.0,609.0,1608.0,1270.0,26.1,47.1,1.5724
0,1324.0,1173.0,564.0,1749.0,1354.0,27.0,44.2,1.549
0,1324.0,1181.0,565.0,1747.0,1318.0,27.2,43.0,1.5246
0,1361.0,1189.0,549.0,1776.0,1351.0,25.6,48.3,1.5641
0,1475.0,1324.0,490.0,1925.0,1530.0,23.3,57.9,1.6376
0,1537.0,1381.0,469.0,2016.0,1615.0,22.2,63.6,1.6763
0,1413.0,1231.0,520.0,1853.0,1415.0,21.6,67.7,1.7228
0,1229.0,1055.0,607.0,1668.0,1219.0,21.0,69.3,1.7058
0,1297.0,1136.0,567.0,1725.0,1307.0,20.3,70.5,1.6599
0,1302.0,1088.0,594.0,1639.0,1297.0,20.0,69.5,1.6109
0,1347.0,1165.0,573.0,1741.0,1321.0,19.7,70.1,1.5891
0,1165.0,1042.0,631.0,1621.0,1133.0,19.5,70.7,1.5851
1,1155.0,1012.0,633.0,1577.0,1124.0,19.4,71.4,1.5959
1,1050.0,916.0,696.0,1512.0,997.0,19.3,71.1,1.5746
1,1035.0,855.0,731.0,1467.0,952.0,18.7,73.8,1.5704
1,1057.0,925.0,684.0,1503.0,972.0,18.0,75.4,1.5441
1,1029.0,880.0,709.0,1451.0,965.0,17.3,78.4,1.532
1,1037.0,902.0,704.0,1481.0,984.0,17.5,76.6,1.5174
1,920.0,755.0,853.0,1359.0,880.0,20.0,66.7,1.5401
1,1080.0,891.0,732.0,1477.0,1001.0,19.1,70.0,1.5366
1,1152.0,966.0,661.0,1542.0,1137.0,21.4,61.7,1.5547
1,1085.0,918.0,721.0,1467.0,1023.0,24.6,50.4,1.5363
1,1071.0,882.0,745.0,1431.0,962.0,25.0,49.1,1.5295
1,1000.0,807.0,811.0,1376.0,825.0,25.3,46.7,1.4874
1,1058.0,875.0,756.0,1421.0,877.0,24.8,47.9,1.4819
1,1184.0,983.0,667.0,1537.0,1046.0,25.3,48.0,1.5249
1,1189.0,965.0,670.0,1533.0,1060.0,26.5,44.9,1.5278
1,1277.0,1043.0,614.0,1631.0,1155.0,25.0,50.1,1.563
0,1482.0,1305.0,503.0,1874.0,1464.0,22.9,57.6,1.5885
0,1555.0,1410.0,464.0,1971.0,2185.0,21.7,62.9,1.6117
0,1324.0,1168.0,568.0,1716.0,1959.0,21.8,63.0,1.619
1,1015.0,869.0,747.0,1439.0,1375.0,21.2,63.4,1.5748
1,1010.0,860.0,768.0,1450.0,1212.0,20.2,65.8,1.535
1,1081.0,938.0,697.0,1517.0,1273.0,18.4,71.5,1.5038
1,1071.0,936.0,695.0,1516.0,1249.0,17.9,72.4,1.4758
1,1014.0,864.0,745.0,1474.0,1097.0,16.9,75.4,1.4393
2,891.0,735.0,878.0,1353.0,933.0,16.5,75.5,1.4056
2,874.0,715.0,889.0,1315.0,858.0,15.4,79.0,1.3735
2,882.0,729.0,875.0,1319.0,870.0,15.5,78.6,1.37
2,940.0,806.0,800.0,1392.0,1013.0,16.2,76.9,1.4029
1,1020.0,866.0,749.0,1440.0,1087.0,15.8,79.6,1.417
0,1316.0,1253.0,527.0,1780.0,1566.0,16.0,76.3,1.3772
0,1423.0,1429.0,467.0,1998.0,1631.0,16.3,74.3,1.3644
0,1314.0,1262.0,531.0,1754.0,1564.0,18.7,66.3,1.414
0,1317.0,1283.0,518.0,1812.0,1601.0,20.5,60.2,1.4346
0,1305.0,1245.0,524.0,1742.0,1539.0,19.3,66.2,1.4706
0,1351.0,1298.0,498.0,1821.0,1577.0,20.0,63.9,1.4805
0,1438.0,1425.0,451.0,1971.0,1732.0,21.4,59.4,1.4928
0,1454.0,1380.0,457.0,1947.0,1672.0,21.5,60.9,1.5398
0,1512.0,1441.0,432.0,2034.0,1744.0,21.6,60.9,1.5551
0,1584.0,1597.0,392.0,2176.0,1845.0,21.6,62.0,1.5784
0,1816.0,1897.0,330.0,2641.0,2164.0,21.7,61.9,1.592
0,1824.0,1862.0,340.0,2567.0,2106.0,21.0,64.9,1.5987
0,1744.0,1793.0,352.0,2469.0,2007.0,20.0,68.6,1.5882
0,1588.0,1610.0,400.0,2230.0,1791.0,19.3,71.4,1.5805
0,1319.0,1273.0,511.0,1806.0,1444.0,18.5,73.4,1.5461
0,1313.0,1285.0,505.0,1803.0,1373.0,17.7,75.6,1.5226
1,1073.0,1005.0,661.0,1488.0,1110.0,18.5,70.4,1.487
0,1119.0,1056.0,624.0,1562.0,1099.0,17.0,76.1,1.4582
1,989.0,900.0,737.0,1401.0,968.0,16.8,74.9,1.4258
2,912.0,788.0,822.0,1331.0,847.0,15.5,78.5,1.3782
2,904.0,787.0,820.0,1319.0,852.0,15.3,79.0,1.3605
2,851.0,726.0,897.0,1277.0,799.0,15.0,77.9,1.3197
2,902.0,809.0,835.0,1355.0,834.0,14.8,79.4,1.3312
1,981.0,923.0,730.0,1425.0,956.0,15.7,77.0,1.3591
0,1267.0,1260.0,572.0,1776.0,1259.0,16.2,75.9,1.3872
0,1392.0,1429.0,469.0,1990.0,1494.0,16.3,75.9,1.3991
0,1308.0,1285.0,522.0,1781.0,1458.0,17.7,70.6,1.4202
0,1313.0,1318.0,511.0,1820.0,1491.0,18.3,67.6,1.4103
0,1350.0,1299.0,518.0,1784.0,1560.0,20.1,62.0,1.4409
0,1477.0,1471.0,455.0,2031.0,1750.0,22.6,54.5,1.4737
0,1409.0,1393.0,484.0,1874.0,1709.0,24.6,47.1,1.4378
0,1495.0,1465.0,451.0,2043.0,1786.0,24.9,48.3,1.4942
0,1606.0,1573.0,419.0,2165.0,1900.0,24.9,50.0,1.5522
0,1669.0,1615.0,404.0,2232.0,1963.0,24.0,55.0,1.6211
0,1822.0,1890.0,347.0,2641.0,2161.0,23.2,58.7,1.651
0,1908.0,2007.0,325.0,2775.0,2372.0,22.5,61.5,1.6579
0,1664.0,1699.0,385.0,2305.0,2062.0,22.2,61.0,1.6071
0,1465.0,1404.0,468.0,1962.0,1736.0,22.6,58.3,1.5829
1,1076.0,972.0,691.0,1506.0,1192.0,21.0,57.4,1.4098
1,1055.0,895.0,758.0,1468.0,1043.0,19.8,63.7,1.4524
1,1075.0,878.0,734.0,1495.0,948.0,17.7,78.8,1.5855
1,1135.0,948.0,685.0,1569.0,992.0,17.6,80.5,1.6062
1,998.0,799.0,786.0,1435.0,867.0,17.4,81.3,1.6066
2,953.0,734.0,861.0,1401.0,825.0,17.4,81.0,1.6012
2,926.0,708.0,874.0,1381.0,803.0,17.2,81.8,1.5856
2,895.0,656.0,946.0,1343.0,786.0,17.0,81.0,1.5521
2,967.0,767.0,833.0,1416.0,866.0,16.8,81.3,1.5447
0,1164.0,997.0,641.0,1606.0,1113.0,17.6,78.8,1.5723
0,1421.0,1313.0,502.0,1983.0,1384.0,18.0,75.7,1.5527
0,1465.0,1515.0,454.0,2119.0,1516.0,18.0,74.8,1.5281
0,1189.0,1075.0,614.0,1652.0,1222.0,18.2,74.0,1.5343
0,1278.0,1182.0,585.0,1734.0,1354.0,19.7,65.4,1.4854
0,1169.0,1144.0,611.0,1666.0,1291.0,21.0,57.9,1.4267
0,1214.0,1203.0,580.0,1739.0,1308.0,20.7,58.6,1.4142
0,1351.0,1345.0,502.0,1923.0,1420.0,19.5,67.1,1.506
0,1340.0,1256.0,537.0,1842.0,1297.0,18.5,76.2,1.6045
0,1157.0,1131.0,623.0,1675.0,1157.0,19.6,69.7,1.5675
1,1118.0,1096.0,647.0,1649.0,1130.0,19.9,65.3,1.5066
0,1150.0,1173.0,608.0,1711.0,1195.0,20.0,63.3,1.4622
0,1247.0,1315.0,544.0,1874.0,1341.0,19.2,66.4,1.4592
0,1194.0,1198.0,587.0,1732.0,1228.0,19.3,67.5,1.4977
0,1184.0,1157.0,586.0,1685.0,1273.0,18.2,71.4,1.4776
1,990.0,898.0,748.0,1442.0,1006.0,17.8,71.2,1.4396
1,933.0,803.0,842.0,1369.0,898.0,17.6,69.9,1.3969
2,968.0,858.0,796.0,1388.0,894.0,16.0,75.9,1.3721
2,861.0,735.0,925.0,1287.0,789.0,16.9,72.0,1.3749
2,904.0,774.0,878.0,1329.0,805.0,15.7,76.3,1.3519
2,866.0,734.0,899.0,1299.0,770.0,14.8,78.7,1.3169
2,881.0,724.0,913.0,1277.0,776.0,14.8,79.7,1.3286
2,838.0,700.0,936.0,1268.0,744.0,14.6,79.9,1.3156
2,905.0,776.0,851.0,1327.0,825.0,15.2,78.0,1.3382
1,1055.0,977.0,703.0,1506.0,1013.0,15.5,77.2,1.3502
0,1328.0,1296.0,527.0,1829.0,1341.0,15.7,76.4,1.3558
0,1401.0,1449.0,477.0,1969.0,1528.0,16.0,76.4,1.3751
0,1291.0,1296.0,529.0,1752.0,1432.0,16.7,73.8,1.3886
0,1316.0,1314.0,526.0,1780.0,1499.0,18.6,66.3,1.4047
1,1116.0,1057.0,639.0,1532.0,1236.0,20.4,58.1,1.3762
1,1139.0,1088.0,625.0,1580.0,1180.0,20.6,57.3,1.3792
0,1165.0,1131.0,609.0,1640.0,1196.0,21.6,53.6,1.3669
0,1260.0,1224.0,571.0,1731.0,1301.0,21.4,55.6,1.4015
0,1475.0,1451.0,455.0,1991.0,1646.0,20.7,63.0,1.5204
0,1521.0,1470.0,446.0,1977.0,1720.0,21.3,61.9,1.5463
0,1633.0,1671.0,398.0,2271.0,1852.0,20.8,64.0,1.5522
0,1463.0,1508.0,468.0,2092.0,1670.0,20.3,66.7,1.5656
0,1140.0,1122.0,619.0,1602.0,1208.0,19.7,64.5,1.4594
0,1147.0,1065.0,651.0,1562.0,1160.0,19.4,64.0,1.4282
1,988.0,839.0,805.0,1382.0,937.0,20.1,60.8,1.4152
1,924.0,754.0,890.0,1327.0,783.0,20.4,60.4,1.4263
1,950.0,782.0,862.0,1331.0,807.0,20.1,62.6,1.4543
1,926.0,727.0,925.0,1326.0,729.0,19.9,64.9,1.4905
2,879.0,645.0,1023.0,1288.0,612.0,18.2,74.7,1.5441
2,864.0,621.0,1073.0,1286.0,574.0,18.4,73.8,1.5463
2,868.0,596.0,1092.0,1276.0,579.0,18.7,73.5,1.5664
2,894.0,636.0,1010.0,1308.0,687.0,18.2,76.6,1.5907
1,1009.0,816.0,799.0,1430.0,856.0,18.5,76.4,1.6112
1,1069.0,889.0,738.0,1469.0,976.0,19.3,71.6,1.5844
0,1311.0,1178.0,574.0,1769.0,1208.0,20.2,66.9,1.5643
0,1370.0,1372.0,485.0,1945.0,1400.0,20.8,64.7,1.5692
0,1246.0,1197.0,566.0,1746.0,1278.0,21.9,61.8,1.6021
1,1039.0,917.0,735.0,1467.0,934.0,23.5,57.7,1.6515
0,1296.0,1113.0,604.0,1736.0,1073.0,19.8,81.0,1.8538
0,1523.0,1428.0,458.0,2114.0,1363.0,20.2,86.5,2.0224
0,1424.0,1361.0,484.0,1983.0,1346.0,20.2,82.2,1.9184
0,1513.0,1457.0,463.0,2125.0,1393.0,19.7,82.2,1.8669
0,1338.0,1244.0,558.0,1847.0,1255.0,20.2,79.1,1.85
0,1214.0,1113.0,616.0,1664.0,1213.0,20.1,75.4,1.751
0,1290.0,1253.0,550.0,1807.0,1332.0,20.2,72.3,1.6893
0,1353.0,1323.0,519.0,1860.0,1430.0,20.0,73.3,1.693
0,1130.0,1082.0,647.0,1591.0,1102.0,18.3,74.9,1.5583
1,969.0,843.0,828.0,1375.0,895.0,18.9,70.4,1.5259
1,1038.0,856.0,801.0,1415.0,905.0,17.3,76.3,1.4919
1,1020.0,869.0,793.0,1410.0,869.0,17.1,77.9,1.5081
1,1097.0,944.0,716.0,1489.0,982.0,17.3,79.3,1.5569
1,1123.0,973.0,690.0,1520.0,999.0,17.3,79.9,1.5643
1,1023.0,851.0,782.0,1413.0,881.0,16.9,80.6,1.5372
1,1015.0,833.0,786.0,1400.0,868.0,16.9,81.4,1.551
2,979.0,805.0,809.0,1383.0,843.0,16.8,81.5,1.5418
2,931.0,784.0,826.0,1372.0,833.0,16.9,79.8,1.5238
2,922.0,783.0,857.0,1367.0,825.0,16.7,79.7,1.503
1,989.0,891.0,762.0,1453.0,901.0,16.8,79.0,1.4978
0,1149.0,1103.0,622.0,1662.0,1090.0,16.8,79.8,1.5115
0,1202.0,1160.0,585.0,1723.0,1165.0,16.9,79.9,1.5253
0,1206.0,1131.0,592.0,1675.0,1201.0,17.4,79.3,1.5593
0,1224.0,1126.0,596.0,1656.0,1231.0,18.0,76.6,1.5706
0,1371.0,1305.0,521.0,1845.0,1461.0,21.2,64.4,1.6015
0,1327.0,1259.0,539.0,1826.0,1434.0,22.4,60.8,1.6261
0,1301.0,1218.0,553.0,1806.0,1399.0,22.6,61.1,1.6596
0,1301.0,1208.0,560.0,1781.0,1417.0,23.6,57.3,1.645
0,1314.0,1191.0,564.0,1777.0,1395.0,23.5,58.3,1.664
0,1394.0,1272.0,526.0,1869.0,1442.0,22.9,61.6,1.7014
0,1385.0,1260.0,528.0,1850.0,1425.0,22.3,64.3,1.7055
0,1440.0,1362.0,486.0,1968.0,1496.0,21.6,68.0,1.7305
0,1493.0,1437.0,470.0,2015.0,1551.0,21.2,67.4,1.6755
0,1319.0,1230.0,551.0,1785.0,1381.0,20.8,65.8,1.6001
0,1187.0,1110.0,612.0,1658.0,1229.0,20.4,64.8,1.5379
1,1119.0,984.0,688.0,1539.0,1082.0,20.1,66.7,1.5548
1,1100.0,924.0,744.0,1494.0,963.0,19.5,70.0,1.5711
1,1076.0,895.0,757.0,1492.0,939.0,19.3,70.4,1.5578
1,972.0,799.0,833.0,1425.0,825.0,19.7,68.6,1.5563
1,973.0,828.0,818.0,1445.0,811.0,19.7,68.2,1.5484
1,918.0,742.0,905.0,1386.0,720.0,19.9,68.4,1.5673
2,844.0,630.0,1035.0,1320.0,627.0,18.4,74.2,1.5581
2,817.0,588.0,1134.0,1310.0,589.0,18.9,71.3,1.5449
2,791.0,519.0,1291.0,1295.0,540.0,18.1,79.0,1.6224
2,819.0,537.0,1264.0,1315.0,551.0,20.4,71.2,1.6834
1,972.0,743.0,944.0,1477.0,742.0,20.6,70.7,1.6996
1,997.0,797.0,812.0,1470.0,824.0,19.3,74.1,1.6391
1,1194.0,1000.0,653.0,1642.0,1059.0,22.2,64.4,1.7005
1,1240.0,1014.0,628.0,1643.0,1144.0,23.0,64.6,1.7851
1,1117.0,922.0,717.0,1585.0,994.0,24.3,57.4,1.7233
1,1141.0,932.0,689.0,1595.0,1014.0,22.0,67.0,1.7441
1,1062.0,880.0,719.0,1580.0,924.0,22.9,65.7,1.8148
1,1160.0,1036.0,622.0,1727.0,1023.0,23.2,63.9,1.7957
1,1169.0,983.0,672.0,1633.0,1033.0,23.0,62.3,1.7248
1,1185.0,1006.0,666.0,1638.0,1065.0,22.4,63.2,1.6878
0,1571.0,1559.0,440.0,2277.0,1516.0,21.7,66.6,1.7077
0,1464.0,1362.0,487.0,1987.0,1648.0,21.2,70.3,1.7476
0,1423.0,1314.0,508.0,1912.0,1466.0,20.8,70.9,1.7203
0,1318.0,1226.0,543.0,1848.0,1365.0,20.0,73.2,1.6965
0,1229.0,1114.0,598.0,1723.0,1247.0,19.7,73.7,1.6708
0,1187.0,1105.0,611.0,1700.0,1183.0,19.9,72.6,1.6681
0,1353.0,1176.0,584.0,1723.0,2150.0,20.1,71.3,1.6564
0,1407.0,1235.0,548.0,1780.0,2519.0,20.1,71.1,1.6498
0,1333.0,1201.0,552.0,1767.0,1925.0,19.6,73.2,1.6543
0,1269.0,1181.0,559.0,1756.0,1762.0,19.1,75.8,1.6568
0,1253.0,1206.0,540.0,1779.0,1579.0,18.4,77.9,1.6389
0,1212.0,1149.0,562.0,1710.0,1599.0,18.4,78.1,1.637
1,1061.0,962.0,679.0,1554.0,1395.0,19.2,74.7,1.6398
1,1028.0,890.0,733.0,1525.0,1323.0,19.4,75.1,1.6766
1,1067.0,928.0,711.0,1564.0,1309.0,19.1,75.6,1.6519
0,1111.0,970.0,667.0,1594.0,1441.0,20.3,71.1,1.6803
0,1189.0,1065.0,609.0,1683.0,1830.0,23.1,61.3,1.7131
0,1293.0,1114.0,584.0,1702.0,1704.0,25.1,56.0,1.7565
0,1285.0,1065.0,597.0,1686.0,1576.0,25.8,56.1,1.841
0,1236.0,1011.0,631.0,1706.0,1305.0,23.7,68.2,1.9739
1,1082.0,834.0,747.0,1562.0,991.0,23.1,70.8,1.98
1,1188.0,954.0,664.0,1636.0,1148.0,23.9,66.3,1.9361
0,1348.0,1157.0,564.0,1810.0,1307.0,23.8,65.0,1.8897
0,1394.0,1193.0,547.0,1811.0,1386.0,23.2,65.6,1.8435
0,1472.0,1290.0,510.0,1942.0,1420.0,21.8,72.7,1.8789
0,1291.0,1174.0,567.0,1746.0,1341.0,21.7,67.3,1.7256
0,1264.0,1133.0,593.0,1750.0,1258.0,21.3,66.3,1.6594
0,1264.0,1138.0,579.0,1733.0,1245.0,20.4,71.6,1.7004
0,1260.0,1160.0,568.0,1755.0,1231.0,19.6,75.3,1.6981
0,1184.0,1084.0,612.0,1674.0,1151.0,19.3,75.8,1.6762
1,1122.0,996.0,660.0,1586.0,1048.0,18.4,76.3,1.6017
1,983.0,881.0,752.0,1472.0,928.0,18.2,76.4,1.5787
2,885.0,753.0,878.0,1374.0,813.0,17.9,74.8,1.5219
2,825.0,661.0,987.0,1334.0,753.0,17.5,74.5,1.4781
2,791.0,627.0,1069.0,1306.0,709.0,17.2,74.0,1.4388
2,802.0,636.0,1016.0,1289.0,721.0,17.6,73.2,1.4555
2,804.0,652.0,1054.0,1294.0,710.0,17.9,69.3,1.4099
1,1014.0,927.0,747.0,1497.0,951.0,16.1,76.3,1.3902
0,1316.0,1317.0,538.0,1860.0,1336.0,17.1,72.8,1.4054
0,1296.0,1435.0,504.0,1899.0,1489.0,20.8,57.9,1.407
0,1381.0,1394.0,495.0,1911.0,1558.0,20.6,60.2,1.4428
0,1570.0,1617.0,426.0,2170.0,1944.0,22.1,56.6,1.4851
0,1426.0,1445.0,477.0,1970.0,1782.0,24.0,50.0,1.4679
0,1535.0,1578.0,440.0,2125.0,1921.0,25.7,45.6,1.487
0,1678.0,1727.0,390.0,2318.0,2039.0,25.5,49.7,1.5985
0,1605.0,1603.0,415.0,2199.0,1912.0,25.2,50.6,1.5989
0,1559.0,1586.0,421.0,2197.0,1827.0,25.4,50.7,1.6187
0,1713.0,1728.0,390.0,2386.0,1919.0,24.4,56.0,1.6885
0,1751.0,1853.0,358.0,2496.0,2013.0,23.0,62.1,1.7283
0,1723.0,1869.0,359.0,2563.0,1919.0,21.8,65.3,1.6889
0,1778.0,1935.0,349.0,2643.0,1927.0,20.9,67.5,1.6539
0,1461.0,1529.0,450.0,2111.0,1573.0,20.2,68.6,1.6034
0,1258.0,1272.0,541.0,1804.0,1325.0,19.3,70.8,1.5728
0,1138.0,1113.0,610.0,1641.0,1203.0,19.2,68.8,1.5097
1,936.0,849.0,798.0,1381.0,947.0,20.4,61.1,1.4495
0,1167.0,1090.0,626.0,1620.0,1106.0,18.0,71.5,1.4615
1,1071.0,1003.0,665.0,1542.0,1045.0,17.5,73.2,1.4515
2,866.0,717.0,909.0,1328.0,827.0,17.2,71.7,1.394
2,836.0,647.0,985.0,1271.0,777.0,16.4,74.4,1.3779
2,823.0,630.0,1033.0,1253.0,748.0,16.8,71.9,1.3628
2,890.0,727.0,917.0,1290.0,833.0,16.9,70.5,1.3504
1,1019.0,901.0,750.0,1438.0,960.0,17.0,70.1,1.3512
0,1177.0,1166.0,621.0,1667.0,1157.0,18.8,62.5,1.3401
0,1348.0,1398.0,505.0,1847.0,1444.0,20.3,58.4,1.3745
0,1341.0,1323.0,516.0,1786.0,1522.0,23.7,49.1,1.423
0,1307.0,1278.0,527.0,1767.0,1452.0,26.6,42.8,1.4713
0,1305.0,1287.0,525.0,1771.0,1437.0,26.2,43.5,1.4591
1,1177.0,1090.0,612.0,1632.0,1209.0,26.3,43.6,1.4663
1,1192.0,1085.0,617.0,1638.0,1170.0,26.6,42.5,1.4568
1,1214.0,1080.0,611.0,1642.0,1190.0,26.3,43.7,1.4718
0,1240.0,1152.0,575.0,1699.0,1278.0,25.6,46.2,1.4903
0,1271.0,1188.0,563.0,1703.0,1305.0,25.1,47.6,1.4983
0,1333.0,1312.0,520.0,1853.0,1364.0,23.8,51.4,1.4956
0,1390.0,1414.0,487.0,1959.0,1428.0,23.3,53.1,1.496
0,1266.0,1261.0,541.0,1807.0,1285.0,22.4,55.2,1.4735
1,1140.0,1072.0,626.0,1597.0,1143.0,21.7,57.7,1.4766
0,1240.0,1168.0,582.0,1714.0,1235.0,20.5,63.0,1.5043
0,1187.0,1122.0,589.0,1641.0,1208.0,19.5,67.6,1.5156
1,1043.0,975.0,675.0,1489.0,1041.0,18.7,69.0,1.4727
1,948.0,826.0,802.0,1382.0,897.0,19.3,65.5,1.45
2,955.0,775.0,831.0,1362.0,862.0,17.6,70.8,1.4105
2,915.0,721.0,891.0,1315.0,816.0,16.8,72.9,1.3851
2,832.0,644.0,990.0,1239.0,747.0,17.8,68.1,1.3722
2,846.0,628.0,1025.0,1218.0,727.0,16.1,73.5,1.3329
2,897.0,750.0,874.0,1270.0,799.0,15.8,73.5,1.3151
2,908.0,767.0,868.0,1272.0,807.0,17.0,68.0,1.3102
0,1348.0,1357.0,526.0,1833.0,1324.0,16.0,72.2,1.3077
0,1384.0,1386.0,504.0,1833.0,1404.0,17.8,65.4,1.3213
0,1473.0,1463.0,462.0,1948.0,1605.0,20.6,56.0,1.3467
0,1360.0,1287.0,517.0,1755.0,1478.0,23.6,48.0,1.3757
0,1305.0,1223.0,545.0,1720.0,1414.0,23.7,49.8,1.4433
0,1337.0,1302.0,507.0,1786.0,1465.0,24.7,47.4,1.4527
0,1414.0,1414.0,478.0,1896.0,1588.0,25.9,42.8,1.4122
0,1463.0,1417.0,467.0,1900.0,1651.0,26.8,43.3,1.4977
0,1530.0,1425.0,457.0,1975.0,1652.0,26.6,45.5,1.5555
0,1915.0,1889.0,340.0,2603.0,2110.0,24.8,53.9,1.6683
0,1882.0,1920.0,328.0,2609.0,2204.0,23.1,61.1,1.7082
0,1589.0,1619.0,406.0,2216.0,1780.0,22.2,63.7,1.6865
0,1463.0,1484.0,443.0,2011.0,1590.0,21.1,66.1,1.6313
0,1380.0,1345.0,493.0,1856.0,1419.0,20.0,69.0,1.5956
0,1383.0,1332.0,495.0,1855.0,1415.0,19.1,72.0,1.5732
0,1181.0,1094.0,600.0,1599.0,1180.0,18.8,70.6,1.5209
1,1061.0,931.0,699.0,1481.0,1015.0,18.5,69.5,1.4657
1,1091.0,945.0,698.0,1467.0,1014.0,18.4,68.5,1.439
1,1010.0,884.0,719.0,1430.0,938.0,16.8,73.3,1.3915
2,868.0,688.0,922.0,1249.0,777.0,17.9,66.8,1.3596
2,852.0,639.0,1009.0,1204.0,723.0,16.5,71.0,1.3239
2,826.0,601.0,1056.0,1180.0,702.0,16.9,67.9,1.295
2,862.0,677.0,973.0,1192.0,725.0,16.1,69.3,1.2591
2,951.0,800.0,803.0,1257.0,836.0,16.1,69.6,1.2593
0,1210.0,1188.0,583.0,1575.0,1129.0,16.2,70.1,1.2837
0,1601.0,1727.0,389.0,2252.0,1718.0,16.5,69.3,1.2897
0,1477.0,1443.0,469.0,1878.0,1646.0,19.6,58.3,1.3141
0,1458.0,1408.0,471.0,1889.0,1664.0,20.7,55.5,1.3414
0,1354.0,1321.0,504.0,1799.0,1496.0,20.8,56.3,1.3664
0,1385.0,1354.0,490.0,1823.0,1506.0,21.7,53.1,1.3649
0,1460.0,1430.0,466.0,1932.0,1604.0,23.0,49.0,1.362
0,1492.0,1463.0,460.0,1935.0,1632.0,24.2,44.0,1.3078
0,1569.0,1547.0,435.0,2016.0,1736.0,24.7,43.6,1.3396
0,1870.0,1871.0,351.0,2483.0,2165.0,23.0,54.2,1.5066
0,1774.0,1829.0,359.0,2457.0,2152.0,21.4,60.9,1.5322
0,1388.0,1363.0,485.0,1815.0,1556.0,20.3,61.4,1.4417
0,1303.0,1177.0,562.0,1619.0,1389.0,20.0,63.2,1.4581
0,1257.0,1126.0,581.0,1599.0,1300.0,19.1,64.4,1.405
1,1132.0,1002.0,640.0,1474.0,1126.0,18.1,67.5,1.3855
1,1050.0,881.0,732.0,1363.0,982.0,17.8,66.9,1.3464
1,1033.0,842.0,756.0,1362.0,941.0,17.6,66.5,1.3249
1,1106.0,938.0,685.0,1395.0,1010.0,16.1,71.2,1.2948
1,1107.0,940.0,689.0,1403.0,985.0,15.5,73.3,1.2845
2,1011.0,856.0,769.0,1341.0,889.0,15.4,72.8,1.2633
2,916.0,726.0,879.0,1248.0,791.0,15.6,70.8,1.2461
2,852.0,641.0,1012.0,1172.0,710.0,17.0,64.5,1.2374
2,889.0,694.0,913.0,1198.0,743.0,14.9,72.3,1.2186
2,1002.0,828.0,798.0,1307.0,857.0,14.0,76.6,1.2183
0,1231.0,1134.0,587.0,1572.0,1143.0,14.6,74.2,1.2256
0,1212.0,1191.0,551.0,1586.0,1210.0,15.9,69.8,1.253
1,1121.0,1012.0,650.0,1436.0,1060.0,18.4,61.3,1.2854
0,1260.0,1121.0,568.0,1569.0,1252.0,20.0,56.7,1.3078
0,1391.0,1214.0,518.0,1691.0,1435.0,20.4,57.0,1.3507
0,1463.0,1280.0,482.0,1794.0,1544.0,20.7,59.3,1.4283
0,1464.0,1321.0,475.0,1794.0,1600.0,21.7,54.8,1.4024
0,1412.0,1230.0,516.0,1672.0,1534.0,22.0,54.2,1.4096
0,1450.0,1292.0,495.0,1768.0,1495.0,21.4,57.1,1.4356
0,1416.0,1283.0,510.0,1739.0,1442.0,20.8,58.7,1.4259
0,1346.0,1211.0,540.0,1674.0,1340.0,20.1,59.6,1.3852
0,1273.0,1137.0,586.0,1563.0,1231.0,20.0,58.4,1.3473
0,1206.0,1049.0,634.0,1484.0,1128.0,19.5,58.9,1.3195
0,1252.0,1094.0,615.0,1526.0,1188.0,19.5,57.4,1.2874
1,1069.0,897.0,729.0,1364.0,998.0,19.1,59.2,1.295
1,1061.0,895.0,737.0,1359.0,944.0,18.8,59.1,1.2702
1,1072.0,880.0,767.0,1318.0,928.0,18.0,60.4,1.2331
1,1075.0,917.0,737.0,1354.0,1037.0,17.5,60.7,1.2009
2,992.0,853.0,796.0,1305.0,930.0,17.5,59.4,1.1768
2,914.0,741.0,891.0,1210.0,803.0,17.1,59.2,1.1477
2,854.0,700.0,980.0,1151.0,665.0,17.0,52.3,1.0009
2,774.0,591.0,1151.0,1044.0,533.0,16.1,49.8,0.9021
2,757.0,542.0,1339.0,1004.0,449.0,15.5,51.5,0.9026
2,752.0,516.0,1370.0,997.0,440.0,15.1,52.0,0.8878
2,757.0,551.0,1295.0,967.0,453.0,14.9,46.8,0.7885
2,777.0,580.0,1263.0,963.0,465.0,15.5,42.4,0.74
2,774.0,583.0,1246.0,966.0,457.0,16.6,38.2,0.7186
2,805.0,632.0,1176.0,1033.0,475.0,18.0,34.7,0.7089
2,838.0,686.0,1083.0,1046.0,532.0,18.0,35.1,0.7176
2,824.0,695.0,1091.0,1035.0,526.0,17.6,33.8,0.6726
2,812.0,704.0,1055.0,1044.0,520.0,17.5,33.7,0.6691
2,806.0,702.0,1052.0,1035.0,500.0,17.2,33.9,0.6591
2,789.0,675.0,1121.0,974.0,482.0,16.8,32.1,0.6073
2,821.0,713.0,1067.0,1030.0,539.0,16.0,34.1,0.6155
2,1024.0,1127.0,704.0,1346.0,943.0,14.8,37.5,0.6259
2,1009.0,995.0,784.0,1201.0,1016.0,14.4,39.2,0.6407
2,1064.0,1055.0,738.0,1242.0,1063.0,14.1,43.0,0.6883
2,1001.0,1029.0,733.0,1255.0,1034.0,13.4,48.4,0.7397
2,927.0,868.0,847.0,1155.0,864.0,12.7,51.2,0.7505
2,819.0,613.0,1118.0,1060.0,500.0,9.9,71.4,0.8736
2,847.0,630.0,1057.0,1091.0,537.0,10.2,71.6,0.8893
2,798.0,621.0,1115.0,1041.0,524.0,10.6,61.3,0.7856
2,757.0,561.0,1192.0,998.0,457.0,11.1,55.6,0.7344
2,703.0,446.0,1523.0,918.0,360.0,11.5,50.4,0.6815
2,689.0,407.0,1757.0,895.0,333.0,11.3,49.5,0.6615
2,698.0,424.0,1665.0,903.0,339.0,10.8,50.9,0.657
2,720.0,458.0,1536.0,917.0,358.0,10.9,50.1,0.6519
2,797.0,593.0,1212.0,984.0,494.0,10.8,49.7,0.6429
2,950.0,875.0,850.0,1179.0,828.0,10.7,50.4,0.6467
2,887.0,809.0,899.0,1111.0,769.0,10.9,50.0,0.6531
2,850.0,755.0,966.0,1051.0,714.0,12.1,46.5,0.653
2,836.0,740.0,987.0,1046.0,672.0,12.4,44.1,0.6324
2,827.0,768.0,972.0,1040.0,671.0,13.0,40.1,0.5989
2,819.0,810.0,947.0,1027.0,631.0,13.4,36.3,0.5556
2,919.0,978.0,820.0,1180.0,805.0,13.1,38.5,0.5776
2,897.0,890.0,850.0,1139.0,808.0,11.5,46.4,0.6302
2,973.0,1023.0,780.0,1226.0,964.0,13.1,40.4,0.606
0,1065.0,1211.0,669.0,1364.0,1188.0,13.0,39.3,0.5877
0,1341.0,1575.0,503.0,1778.0,1571.0,11.3,50.9,0.679
0,1303.0,1524.0,515.0,1744.0,1580.0,10.6,53.4,0.6818
0,1189.0,1381.0,566.0,1574.0,1426.0,9.5,57.9,0.6877
2,1054.0,1106.0,679.0,1297.0,1239.0,8.6,60.5,0.6788
2,943.0,900.0,816.0,1129.0,1064.0,8.5,59.7,0.6649
2,903.0,872.0,855.0,1108.0,987.0,7.9,61.4,0.6582
2,858.0,760.0,940.0,1049.0,873.0,7.1,63.6,0.6442
2,821.0,696.0,1032.0,1013.0,783.0,7.2,62.2,0.6362
2,781.0,645.0,1088.0,986.0,719.0,5.6,67.9,0.6247
2,741.0,580.0,1224.0,952.0,660.0,5.1,68.7,0.6077
2,720.0,540.0,1296.0,938.0,613.0,4.4,71.4,0.6024
2,733.0,574.0,1238.0,964.0,627.0,4.1,73.1,0.6074
2,780.0,666.0,1099.0,1003.0,697.0,3.2,76.8,0.5963
2,915.0,873.0,873.0,1135.0,915.0,3.7,76.2,0.6137
0,1228.0,1362.0,575.0,1543.0,1399.0,4.9,70.7,0.6193
0,1239.0,1373.0,550.0,1593.0,1495.0,7.1,62.0,0.6265
0,1209.0,1255.0,588.0,1447.0,1499.0,8.1,59.1,0.6397
0,1257.0,1308.0,548.0,1466.0,1720.0,11.1,48.8,0.643
2,1007.0,1000.0,727.0,1197.0,1210.0,11.3,46.5,0.6194
2,1020.0,1041.0,733.0,1245.0,1123.0,12.5,42.3,0.6104
0,1094.0,1144.0,669.0,1327.0,1209.0,12.5,42.8,0.6177
2,1045.0,1087.0,712.0,1270.0,1144.0,12.6,42.4,0.6159
2,909.0,879.0,874.0,1083.0,847.0,13.8,40.7,0.6405
2,1013.0,905.0,816.0,1201.0,923.0,11.0,58.8,0.7705
0,1236.0,1206.0,615.0,1523.0,1166.0,8.3,76.5,0.8426
0,1275.0,1294.0,570.0,1605.0,1280.0,8.6,75.5,0.8469
0,1237.0,1194.0,615.0,1508.0,1193.0,8.8,76.6,0.8678
2,1101.0,963.0,748.0,1320.0,966.0,8.0,81.0,0.8714
2,962.0,778.0,911.0,1162.0,752.0,7.3,85.7,0.8818
2,841.0,680.0,1052.0,1067.0,594.0,6.5,85.6,0.8353
2,831.0,620.0,1164.0,1039.0,545.0,6.5,83.5,0.8116
2,843.0,622.0,1146.0,1060.0,555.0,6.9,82.3,0.8244
2,798.0,600.0,1151.0,1049.0,543.0,7.3,78.1,0.8041
2,730.0,477.0,1433.0,950.0,420.0,7.9,68.0,0.7265
2,715.0,445.0,1601.0,925.0,373.0,8.0,64.5,0.695
2,726.0,443.0,1663.0,942.0,363.0,8.1,68.6,0.7409
2,771.0,490.0,1419.0,990.0,411.0,6.3,84.8,0.8148
2,805.0,555.0,1255.0,1019.0,496.0,6.7,79.8,0.7872
2,958.0,803.0,910.0,1172.0,738.0,7.1,77.9,0.7914
2,1021.0,959.0,760.0,1297.0,910.0,7.9,73.5,0.7883
2,969.0,843.0,857.0,1213.0,821.0,6.9,86.0,0.8632
2,923.0,733.0,962.0,1124.0,740.0,6.8,87.1,0.8652
2,973.0,850.0,868.0,1213.0,852.0,8.0,81.6,0.8755
2,996.0,893.0,808.0,1237.0,895.0,9.5,70.0,0.8296
2,1055.0,1007.0,736.0,1301.0,1019.0,10.5,62.2,0.7923
2,1023.0,971.0,752.0,1283.0,993.0,11.4,59.1,0.7963
2,1039.0,1024.0,721.0,1325.0,1043.0,11.1,58.6,0.7737
2,1051.0,1061.0,696.0,1333.0,1111.0,10.8,57.6,0.7473
2,1050.0,1070.0,699.0,1334.0,1087.0,10.6,56.9,0.7281
0,1156.0,1209.0,614.0,1467.0,1250.0,10.6,59.3,0.7588
0,1277.0,1335.0,551.0,1636.0,1331.0,10.0,71.5,0.8768
0,1172.0,1159.0,621.0,1461.0,1243.0,10.3,71.1,0.8878
2,1048.0,973.0,731.0,1298.0,1074.0,10.5,70.3,0.893
0,1144.0,1096.0,643.0,1394.0,1258.0,10.2,71.3,0.8859
2,1104.0,1023.0,677.0,1314.0,1189.0,9.7,73.1,0.8787
2,1038.0,957.0,713.0,1271.0,1092.0,9.3,73.5,0.8651
2,960.0,838.0,797.0,1189.0,996.0,9.2,73.9,0.8616
2,934.0,787.0,822.0,1147.0,974.0,8.1,78.1,0.8452
2,930.0,784.0,850.0,1151.0,902.0,7.6,81.2,0.8483
2,918.0,778.0,864.0,1136.0,859.0,7.5,81.5,0.8495
2,952.0,814.0,804.0,1153.0,970.0,8.3,77.2,0.8464
2,1019.0,905.0,757.0,1244.0,1062.0,8.9,75.6,0.8667
0,1287.0,1218.0,580.0,1580.0,1304.0,9.2,81.7,0.9506
0,1578.0,1605.0,429.0,2032.0,1643.0,9.9,83.4,1.0194
0,1417.0,1407.0,490.0,1709.0,1488.0,10.2,82.3,1.0253
0,1392.0,1325.0,511.0,1631.0,1465.0,11.2,80.7,1.0688
0,1147.0,1073.0,628.0,1415.0,1198.0,11.8,76.1,1.0516
0,1150.0,1105.0,629.0,1450.0,1160.0,12.5,71.3,1.0285
0,1252.0,1240.0,564.0,1614.0,1277.0,13.2,68.4,1.0346
0,1186.0,1125.0,617.0,1493.0,1171.0,12.5,73.2,1.0563
0,1172.0,1107.0,629.0,1449.0,1106.0,12.2,75.7,1.0693
2,1109.0,1021.0,689.0,1361.0,1036.0,11.5,78.1,1.0565
0,1201.0,1196.0,597.0,1546.0,1196.0,11.6,76.0,1.0354
0,1189.0,1183.0,603.0,1534.0,1170.0,12.0,73.3,1.0264
0,1282.0,1312.0,551.0,1671.0,1312.0,12.9,68.8,1.0175
0,1207.0,1203.0,625.0,1570.0,1251.0,13.1,69.6,1.0464
2,904.0,754.0,930.0,1172.0,805.0,12.3,73.4,1.049
2,900.0,711.0,975.0,1153.0,736.0,12.7,71.0,1.0387
2,932.0,740.0,926.0,1180.0,774.0,12.9,69.9,1.0371
2,968.0,785.0,872.0,1209.0,826.0,12.9,70.5,1.0442
2,827.0,610.0,1092.0,1120.0,636.0,13.1,67.7,1.0198
2,789.0,515.0,1276.0,1054.0,516.0,13.1,67.6,1.0127
2,812.0,549.0,1213.0,1079.0,531.0,13.8,64.0,1.0042
2,811.0,559.0,1170.0,1085.0,558.0,13.7,64.4,1.0036
2,827.0,560.0,1169.0,1087.0,565.0,13.9,63.8,1.0079
2,849.0,604.0,1086.0,1108.0,604.0,14.1,64.5,1.0287
2,1001.0,798.0,855.0,1257.0,794.0,14.0,66.1,1.0488
2,1021.0,896.0,741.0,1314.0,907.0,14.2,66.4,1.0673
2,978.0,831.0,807.0,1257.0,838.0,14.9,62.5,1.0529
2,996.0,855.0,793.0,1277.0,884.0,16.3,58.4,1.0729
2,1014.0,843.0,791.0,1297.0,866.0,16.9,56.5,1.0801
1,1061.0,928.0,730.0,1366.0,909.0,17.4,55.8,1.098
1,1092.0,975.0,690.0,1418.0,990.0,17.4,57.3,1.1328
1,1129.0,1028.0,661.0,1480.0,1050.0,17.7,55.5,1.1127
1,1077.0,969.0,690.0,1405.0,1023.0,16.8,58.9,1.1199
0,1153.0,1079.0,635.0,1496.0,1103.0,17.0,57.5,1.1071
0,1234.0,1197.0,575.0,1597.0,1239.0,16.2,60.2,1.1003
0,1319.0,1319.0,539.0,1735.0,1384.0,16.7,58.0,1.0916
0,1251.0,1264.0,561.0,1677.0,1289.0,16.5,58.8,1.0921
0,1165.0,1070.0,650.0,1467.0,1180.0,15.8,61.1,1.0856
2,954.0,807.0,833.0,1243.0,855.0,15.7,60.8,1.0769
2,971.0,818.0,828.0,1252.0,857.0,15.9,59.6,1.0673
2,961.0,765.0,865.0,1212.0,811.0,15.6,60.0,1.0594
2,952.0,758.0,876.0,1203.0,794.0,15.6,60.1,1.0557
2,875.0,635.0,1037.0,1133.0,612.0,15.7,59.5,1.0534
2,891.0,633.0,1035.0,1137.0,590.0,15.7,60.1,1.064
2,1006.0,765.0,848.0,1239.0,807.0,15.6,61.7,1.0847
2,907.0,691.0,927.0,1173.0,702.0,15.8,59.9,1.0693
2,938.0,702.0,904.0,1185.0,753.0,15.2,61.8,1.0602
2,925.0,672.0,991.0,1154.0,709.0,16.1,55.4,1.0089
1,1157.0,967.0,678.0,1365.0,1087.0,14.9,64.1,1.0773
0,1169.0,1003.0,665.0,1409.0,1126.0,15.6,62.0,1.0904
0,1312.0,1139.0,565.0,1568.0,1386.0,17.9,54.6,1.11
0,1347.0,1227.0,539.0,1627.0,1476.0,21.1,44.5,1.0964
0,1321.0,1224.0,543.0,1617.0,1424.0,20.3,46.7,1.0971
0,1267.0,1118.0,592.0,1503.0,1310.0,21.5,42.7,1.0837
1,1234.0,1053.0,639.0,1476.0,1114.0,21.5,43.1,1.0919
1,1101.0,947.0,699.0,1374.0,1029.0,21.5,43.4,1.0965
1,1149.0,998.0,664.0,1434.0,1101.0,20.8,45.5,1.1054
1,1094.0,941.0,695.0,1371.0,1040.0,19.2,49.6,1.0893
1,1056.0,878.0,758.0,1308.0,856.0,18.3,51.6,1.0732
2,1030.0,899.0,767.0,1275.0,836.0,17.7,51.5,1.0357
1,1075.0,943.0,752.0,1305.0,894.0,17.2,51.5,1.0015
2,927.0,748.0,888.0,1157.0,696.0,15.9,54.9,0.9853
2,793.0,570.0,1143.0,1036.0,524.0,14.0,55.2,0.8807
2,796.0,589.0,1136.0,1026.0,506.0,13.3,53.0,0.8044
2,780.0,568.0,1190.0,997.0,453.0,11.9,55.5,0.7711
2,774.0,569.0,1222.0,984.0,434.0,11.4,54.6,0.7363
2,718.0,500.0,1401.0,914.0,373.0,10.4,53.7,0.6749
2,705.0,478.0,1546.0,885.0,330.0,9.9,54.3,0.6609
2,689.0,470.0,1643.0,863.0,305.0,9.8,51.3,0.6225
2,678.0,427.0,1771.0,853.0,286.0,9.5,52.2,0.6198
2,655.0,402.0,2077.0,814.0,268.0,10.0,45.7,0.5598
2,649.0,397.0,2062.0,798.0,261.0,10.2,41.9,0.5209
2,647.0,412.0,1964.0,779.0,274.0,10.6,36.1,0.4624
2,667.0,429.0,1793.0,790.0,291.0,10.7,36.0,0.4623
2,669.0,444.0,1664.0,791.0,304.0,10.8,35.4,0.4583
2,667.0,455.0,1716.0,786.0,301.0,11.4,32.9,0.4435
2,705.0,508.0,1494.0,820.0,329.0,12.4,32.0,0.4583
2,710.0,523.0,1479.0,827.0,350.0,12.4,31.3,0.45
2,713.0,539.0,1593.0,829.0,380.0,12.2,31.8,0.4514
2,703.0,512.0,2121.0,837.0,356.0,10.5,37.9,0.4821
2,738.0,529.0,1991.0,876.0,383.0,9.6,44.2,0.5289
2,795.0,569.0,1773.0,959.0,429.0,8.2,57.9,0.6293
2,861.0,750.0,1481.0,1051.0,556.0,7.3,63.5,0.6519
2,836.0,653.0,1798.0,978.0,537.0,8.4,55.7,0.6155
2,812.0,652.0,1586.0,964.0,554.0,9.1,49.6,0.5765
2,771.0,642.0,1678.0,915.0,518.0,10.0,41.4,0.5102
2,711.0,556.0,1938.0,840.0,416.0,10.4,36.2,0.4561
2,741.0,607.0,1312.0,865.0,433.0,11.3,32.3,0.4329
2,696.0,532.0,1416.0,814.0,393.0,10.9,33.5,0.4378
2,692.0,507.0,1483.0,811.0,353.0,10.6,34.9,0.4455
2,679.0,449.0,1666.0,800.0,314.0,10.7,36.1,0.4639
2,676.0,429.0,1750.0,803.0,296.0,11.0,37.3,0.488
2,681.0,428.0,1768.0,817.0,297.0,10.7,39.2,0.5045
2,683.0,426.0,1775.0,805.0,302.0,10.4,38.6,0.4862
2,704.0,478.0,1498.0,821.0,348.0,10.4,37.4,0.4717
2,767.0,588.0,1292.0,885.0,508.0,10.5,37.0,0.4707
2,964.0,928.0,871.0,1130.0,936.0,10.7,37.9,0.487
2,925.0,923.0,841.0,1115.0,944.0,11.1,38.1,0.5023
2,883.0,849.0,910.0,1053.0,843.0,12.6,36.6,0.5314
2,894.0,820.0,932.0,1072.0,820.0,13.8,36.2,0.569
2,881.0,831.0,911.0,1074.0,793.0,13.4,37.1,0.5683
2,867.0,842.0,909.0,1077.0,737.0,13.5,34.9,0.5393
2,856.0,821.0,937.0,1043.0,718.0,13.7,32.2,0.5032
2,862.0,843.0,930.0,1032.0,743.0,13.6,32.1,0.4977
2,891.0,891.0,874.0,1077.0,848.0,13.5,31.8,0.4876
2,931.0,1032.0,795.0,1098.0,991.0,13.5,27.9,0.4287
2,1025.0,1202.0,691.0,1263.0,1191.0,12.7,28.9,0.4233
2,1029.0,1198.0,694.0,1305.0,1169.0,12.6,30.2,0.4384
2,1038.0,1190.0,685.0,1291.0,1167.0,12.3,32.0,0.4553
2,904.0,924.0,846.0,1083.0,966.0,12.0,34.3,0.4787
2,844.0,782.0,969.0,1003.0,796.0,11.6,37.3,0.5095
2,839.0,711.0,1029.0,990.0,712.0,11.3,40.3,0.5406
2,844.0,705.0,1035.0,986.0,701.0,11.3,41.8,0.561
2,800.0,641.0,1113.0,957.0,591.0,11.2,42.0,0.5582
2,786.0,596.0,1178.0,937.0,609.0,11.0,42.6,0.5595
2,737.0,492.0,1391.0,880.0,467.0,11.2,41.3,0.5498
2,732.0,472.0,1461.0,866.0,391.0,11.1,40.8,0.5395
2,737.0,468.0,1481.0,869.0,395.0,10.7,41.8,0.536
2,778.0,517.0,1330.0,890.0,510.0,10.2,43.6,0.5405
2,867.0,669.0,1069.0,981.0,779.0,10.1,44.0,0.5434
0,1248.0,1197.0,641.0,1405.0,1395.0,10.1,45.6,0.5632
0,1389.0,1463.0,518.0,1694.0,1706.0,11.3,43.9,0.5867
0,1184.0,1193.0,626.0,1327.0,1479.0,14.5,33.8,0.5541
0,1160.0,1165.0,655.0,1325.0,1403.0,17.5,26.4,0.5228
2,982.0,1003.0,1037.0,1117.0,1072.0,17.2,22.4,0.4354
2,948.0,1017.0,1065.0,1077.0,929.0,17.3,20.4,0.4011
2,1017.0,1039.0,769.0,1149.0,1024.0,18.1,21.0,0.4321
2,985.0,1011.0,779.0,1138.0,1010.0,17.9,22.3,0.4537
2,1017.0,1029.0,768.0,1160.0,1046.0,17.6,23.7,0.473
0,1121.0,1190.0,673.0,1297.0,1264.0,16.7,25.9,0.4886
0,1129.0,1255.0,634.0,1370.0,1365.0,14.8,29.6,0.4965
0,1101.0,1134.0,683.0,1283.0,1281.0,13.6,34.0,0.5251
0,1182.0,1175.0,637.0,1363.0,1463.0,13.4,40.4,0.6178
0,1144.0,1091.0,671.0,1295.0,1388.0,11.8,44.3,0.6121
2,1046.0,890.0,791.0,1109.0,1195.0,10.7,47.5,0.6108
2,990.0,817.0,849.0,1071.0,1111.0,10.2,49.4,0.6138
2,974.0,764.0,910.0,1029.0,992.0,9.5,51.0,0.6045
2,953.0,778.0,885.0,1051.0,1019.0,7.7,57.9,0.6107
2,868.0,647.0,1054.0,962.0,828.0,8.4,54.5,0.6022
2,833.0,574.0,1150.0,930.0,752.0,7.9,55.4,0.593
2,786.0,522.0,1253.0,910.0,699.0,6.2,61.0,0.5824
2,834.0,551.0,1193.0,917.0,719.0,6.8,58.6,0.5813
2,845.0,583.0,1132.0,929.0,761.0,5.7,62.7,0.5801
2,929.0,713.0,987.0,1002.0,830.0,5.9,62.0,0.5811
0,1234.0,1161.0,629.0,1386.0,1318.0,6.3,61.7,0.5926
0,1270.0,1267.0,565.0,1434.0,1482.0,7.5,58.8,0.6117
0,1241.0,1135.0,622.0,1280.0,1474.0,11.4,45.4,0.6113
0,1268.0,1180.0,593.0,1323.0,1632.0,14.1,39.2,0.6278
0,1248.0,1131.0,615.0,1296.0,1592.0,13.3,42.3,0.6448
0,1317.0,1269.0,554.0,1446.0,1679.0,14.7,38.9,0.6462
0,1308.0,1306.0,553.0,1471.0,1670.0,16.5,32.9,0.6127
0,1321.0,1281.0,557.0,1442.0,1650.0,17.4,32.7,0.6422
0,1360.0,1325.0,535.0,1513.0,1692.0,17.3,33.9,0.6627
0,1659.0,1685.0,423.0,1946.0,2155.0,16.0,41.5,0.7483
0,1802.0,1924.0,356.0,2235.0,2452.0,13.7,52.8,0.8244
0,1549.0,1553.0,446.0,1796.0,2032.0,13.0,55.1,0.824
0,1407.0,1351.0,516.0,1557.0,1751.0,12.4,56.8,0.8141
0,1374.0,1268.0,536.0,1531.0,1675.0,10.7,62.1,0.7972
2,1127.0,948.0,703.0,1188.0,1312.0,10.5,61.1,0.7755
2,1096.0,860.0,777.0,1131.0,1179.0,9.7,62.5,0.7509
2,1119.0,908.0,735.0,1173.0,1197.0,8.8,65.5,0.7435
2,999.0,771.0,864.0,1068.0,995.0,8.8,63.8,0.7236
2,987.0,794.0,852.0,1106.0,971.0,8.5,65.0,0.7221
2,912.0,685.0,934.0,1050.0,876.0,7.5,69.3,0.7201
2,893.0,701.0,935.0,1045.0,844.0,6.4,74.0,0.7134
2,878.0,687.0,964.0,1035.0,813.0,5.9,76.6,0.7179
2,996.0,841.0,797.0,1127.0,1005.0,6.1,76.7,0.7271
2,1119.0,974.0,710.0,1224.0,1170.0,6.8,74.5,0.7415
0,1407.0,1339.0,531.0,1584.0,1533.0,7.7,72.5,0.7666
0,1503.0,1498.0,469.0,1749.0,1783.0,8.9,67.4,0.7714
0,1446.0,1374.0,499.0,1560.0,1818.0,11.4,58.3,0.7868
0,1416.0,1302.0,526.0,1471.0,1826.0,13.4,52.8,0.8086
0,1448.0,1288.0,518.0,1506.0,1839.0,15.8,50.1,0.892
0,1282.0,1111.0,586.0,1455.0,1428.0,18.3,50.0,1.0431
0,1271.0,1157.0,572.0,1483.0,1353.0,18.8,49.2,1.0548
0,1321.0,1178.0,552.0,1539.0,1491.0,18.4,49.6,1.0391
0,1362.0,1223.0,535.0,1597.0,1517.0,18.3,51.0,1.0586
0,1316.0,1228.0,540.0,1610.0,1413.0,17.6,53.1,1.0596
0,1374.0,1307.0,521.0,1709.0,1429.0,17.3,53.6,1.0472
0,1388.0,1367.0,500.0,1722.0,1503.0,16.8,55.2,1.048
0,1422.0,1432.0,474.0,1852.0,1636.0,16.6,56.5,1.0551
0,1281.0,1216.0,548.0,1604.0,1687.0,16.3,58.1,1.0648
0,1192.0,1040.0,640.0,1441.0,1405.0,15.9,59.0,1.059
1,1108.0,945.0,692.0,1355.0,1199.0,15.9,59.4,1.0628
2,1071.0,885.0,740.0,1298.0,1090.0,15.7,60.9,1.0774
2,999.0,793.0,817.0,1242.0,898.0,16.1,59.5,1.0811
2,925.0,670.0,940.0,1173.0,663.0,15.5,63.8,1.1119
2,886.0,608.0,1013.0,1143.0,611.0,14.9,65.3,1.1018
2,888.0,590.0,1009.0,1152.0,625.0,14.7,64.4,1.0704
2,863.0,531.0,1097.0,1095.0,606.0,14.7,59.8,0.9968
2,870.0,550.0,1126.0,1078.0,515.0,15.4,55.9,0.9722
2,1043.0,776.0,800.0,1248.0,826.0,14.5,63.0,1.0319
0,1478.0,1310.0,492.0,1775.0,1542.0,14.7,63.1,1.0513
0,1436.0,1371.0,458.0,1808.0,1626.0,15.2,62.2,1.0641
0,1354.0,1201.0,529.0,1593.0,1538.0,16.1,59.2,1.0736
0,1290.0,1110.0,571.0,1512.0,1441.0,17.0,55.9,1.0741
0,1203.0,1043.0,617.0,1470.0,1217.0,17.6,52.2,1.0396
0,1298.0,1156.0,549.0,1582.0,1320.0,17.3,55.4,1.0836
0,1352.0,1236.0,522.0,1659.0,1368.0,17.8,53.5,1.0833
0,1247.0,1142.0,574.0,1547.0,1199.0,18.3,52.3,1.0922
0,1375.0,1247.0,531.0,1650.0,1375.0,18.3,52.8,1.1016
0,1553.0,1414.0,455.0,1851.0,1682.0,17.7,56.6,1.133
0,1521.0,1430.0,449.0,1907.0,1761.0,17.3,58.2,1.1435
0,1623.0,1547.0,414.0,2040.0,1883.0,16.2,62.6,1.1455
0,1510.0,1501.0,456.0,1901.0,1855.0,15.2,57.5,0.9829
2,837.0,835.0,896.0,960.0,1078.0,14.2,27.7,0.4451
2,667.0,689.0,1210.0,709.0,620.0,13.4,14.3,0.2185
2,695.0,711.0,1193.0,739.0,645.0,12.8,14.8,0.218
2,683.0,686.0,1240.0,702.0,627.0,12.2,14.0,0.1988
2,695.0,709.0,1236.0,717.0,645.0,12.0,14.5,0.2029
2,703.0,685.0,1218.0,734.0,641.0,10.8,17.0,0.2193
2,698.0,614.0,1286.0,718.0,591.0,10.4,19.2,0.242
2,714.0,605.0,1278.0,738.0,594.0,9.7,22.5,0.2698
2,692.0,546.0,1347.0,697.0,500.0,9.0,23.1,0.2648
2,729.0,639.0,1234.0,773.0,628.0,8.7,24.7,0.2785
2,880.0,812.0,928.0,954.0,1040.0,6.9,39.4,0.3948
2,974.0,1019.0,769.0,1122.0,1159.0,6.3,44.8,0.431
2,1086.0,1157.0,674.0,1237.0,1330.0,7.2,43.2,0.4417
0,1087.0,1213.0,668.0,1216.0,1402.0,11.9,27.9,0.3882
2,933.0,990.0,849.0,956.0,1104.0,14.8,17.9,0.2977
2,852.0,919.0,967.0,831.0,855.0,14.8,14.3,0.2397
2,882.0,993.0,902.0,941.0,862.0,14.7,15.5,0.2586
2,888.0,1009.0,866.0,937.0,973.0,14.7,16.6,0.2756
2,878.0,1000.0,880.0,942.0,936.0,14.8,15.6,0.2615
2,892.0,1018.0,879.0,931.0,1009.0,15.3,14.3,0.2462
0,1117.0,1327.0,692.0,1302.0,1475.0,13.5,19.5,0.3003
0,1252.0,1359.0,604.0,1380.0,1765.0,11.1,31.8,0.4187
2,1012.0,999.0,785.0,1057.0,1329.0,10.2,33.4,0.4143
2,1025.0,916.0,832.0,1018.0,1262.0,9.5,35.9,0.4273
2,1033.0,881.0,855.0,999.0,1230.0,8.0,39.8,0.4286
2,1008.0,861.0,858.0,991.0,1229.0,6.6,44.1,0.4333
2,992.0,867.0,876.0,997.0,1196.0,6.1,45.2,0.4295
2,1187.0,1114.0,700.0,1193.0,1433.0,5.2,50.8,0.452
2,1065.0,968.0,808.0,1059.0,1249.0,4.9,53.0,0.4629
2,889.0,760.0,968.0,919.0,983.0,5.3,48.7,0.4364
2,901.0,767.0,961.0,944.0,965.0,4.2,53.6,0.4454
2,875.0,795.0,928.0,965.0,932.0,3.1,56.3,0.4368
2,808.0,636.0,1120.0,862.0,770.0,4.1,52.2,0.4338
2,858.0,633.0,1136.0,878.0,788.0,3.5,55.9,0.4431
2,819.0,690.0,1051.0,907.0,819.0,1.8,61.7,0.4376
2,862.0,757.0,983.0,938.0,879.0,1.3,65.3,0.4457
2,877.0,793.0,944.0,951.0,924.0,3.2,57.0,0.4434
2,941.0,832.0,914.0,970.0,964.0,7.2,42.8,0.4356
2,983.0,846.0,871.0,996.0,1055.0,10.3,34.2,0.4291
2,1067.0,981.0,755.0,1104.0,1383.0,10.9,33.8,0.4393
2,1100.0,1022.0,752.0,1101.0,1367.0,12.2,30.0,0.4245
2,958.0,928.0,841.0,986.0,1120.0,13.3,24.3,0.3686
2,866.0,763.0,1018.0,859.0,775.0,15.2,18.7,0.3214
2,1018.0,907.0,889.0,981.0,1150.0,14.9,21.7,0.3646
2,1175.0,1074.0,748.0,1134.0,1528.0,13.1,25.4,0.3814
0,1197.0,1012.0,717.0,1103.0,1655.0,11.7,32.7,0.4472
2,1110.0,872.0,822.0,971.0,1393.0,10.1,34.4,0.4249
2,1060.0,825.0,854.0,967.0,1338.0,9.8,36.0,0.4364
2,1136.0,885.0,806.0,1006.0,1403.0,7.1,43.2,0.436
2,1049.0,864.0,818.0,1010.0,1327.0,5.9,47.8,0.4459
2,1053.0,859.0,810.0,1008.0,1346.0,5.3,50.5,0.453
2,970.0,763.0,917.0,930.0,1132.0,5.6,48.0,0.4412
2,1049.0,907.0,795.0,1038.0,1209.0,3.9,55.9,0.4568
2,919.0,761.0,911.0,942.0,1044.0,3.3,58.0,0.4551
2,870.0,684.0,997.0,895.0,936.0,3.7,56.3,0.4544
2,814.0,587.0,1146.0,876.0,840.0,4.2,54.8,0.4571
2,820.0,604.0,1127.0,874.0,847.0,2.6,60.8,0.4544
2,897.0,722.0,987.0,953.0,959.0,3.7,57.9,0.4651
2,988.0,850.0,861.0,1030.0,1133.0,4.5,54.8,0.466
0,1242.0,1185.0,625.0,1297.0,1511.0,4.9,55.8,0.4882
0,1493.0,1981.0,448.0,1567.0,2346.0,5.4,55.1,0.497
0,1394.0,2214.0,411.0,1629.0,2311.0,6.2,51.8,0.4952
0,1252.0,1439.0,559.0,1383.0,1798.0,6.8,49.8,0.4959
0,1255.0,1301.0,571.0,1355.0,1750.0,7.3,50.6,0.5184
0,1360.0,1392.0,490.0,1458.0,1863.0,7.8,49.0,0.5191
0,1369.0,1434.0,489.0,1539.0,1883.0,8.0,49.2,0.5282
0,1361.0,1347.0,518.0,1456.0,1851.0,8.3,49.3,0.5414
0,1411.0,1371.0,500.0,1484.0,1919.0,8.5,49.6,0.5517
0,1509.0,1439.0,459.0,1577.0,2078.0,8.5,52.6,0.5856
0,1738.0,1735.0,365.0,1917.0,2434.0,8.9,53.4,0.6117
0,1766.0,1720.0,361.0,1881.0,2515.0,9.1,53.8,0.6216
0,1706.0,1641.0,381.0,1778.0,2522.0,8.9,54.2,0.6183
0,1472.0,1361.0,462.0,1455.0,2334.0,8.5,54.2,0.6054
0,1392.0,1206.0,521.0,1347.0,2199.0,8.5,57.8,0.6432
0,1335.0,1112.0,570.0,1331.0,1861.0,7.7,71.1,0.7503
0,1285.0,1037.0,610.0,1277.0,1751.0,7.9,72.5,0.7766
0,1267.0,1008.0,628.0,1264.0,1652.0,8.0,75.3,0.8079
2,1176.0,930.0,679.0,1216.0,1455.0,8.0,76.2,0.8217
2,1079.0,812.0,782.0,1158.0,1158.0,7.8,81.3,0.8631
2,1084.0,816.0,776.0,1165.0,1126.0,7.9,81.8,0.8759
2,1091.0,829.0,755.0,1177.0,1126.0,8.2,81.4,0.888
2,1126.0,886.0,713.0,1225.0,1158.0,8.5,81.1,0.8989
0,1210.0,978.0,666.0,1332.0,1237.0,8.9,79.3,0.9088
0,1565.0,1405.0,488.0,1830.0,1696.0,9.5,77.9,0.9278
0,1578.0,1494.0,448.0,1854.0,1800.0,9.9,77.6,0.9488
0,1702.0,1585.0,422.0,1960.0,1967.0,10.7,76.2,0.9798
0,1552.0,1406.0,478.0,1749.0,1862.0,11.8,72.2,0.9948
0,1590.0,1466.0,448.0,1831.0,2003.0,13.3,66.9,1.0163
0,1640.0,1480.0,432.0,1865.0,2041.0,13.8,67.0,1.0513
0,1769.0,1624.0,396.0,2041.0,2202.0,13.9,67.6,1.0666
0,1581.0,1442.0,435.0,1839.0,1966.0,14.2,66.8,1.073
0,1658.0,1482.0,419.0,1893.0,2030.0,14.2,67.8,1.0879
0,1821.0,1673.0,371.0,2119.0,2201.0,13.6,71.0,1.1018
0,1982.0,1959.0,322.0,2536.0,2386.0,13.2,72.6,1.0936
0,2008.0,1980.0,325.0,2562.0,2342.0,12.4,74.7,1.0741
0,1918.0,1958.0,335.0,2477.0,2237.0,11.5,76.2,1.0324
0,1693.0,1590.0,412.0,1949.0,2025.0,10.4,79.3,0.9993
0,1495.0,1345.0,467.0,1649.0,1853.0,10.0,82.5,1.015
0,1449.0,1291.0,482.0,1580.0,1817.0,10.0,82.6,1.0163
0,1439.0,1257.0,494.0,1571.0,1704.0,10.1,83.5,1.0296
0,1270.0,1098.0,572.0,1420.0,1463.0,10.0,83.6,1.0235
0,1163.0,980.0,654.0,1327.0,1299.0,10.4,80.8,1.0191
2,1130.0,915.0,697.0,1281.0,1205.0,10.6,80.3,1.0252
2,1023.0,781.0,809.0,1195.0,1019.0,10.6,78.8,1.008
2,931.0,679.0,947.0,1138.0,867.0,10.5,77.8,0.9839
2,953.0,717.0,907.0,1152.0,911.0,9.8,79.2,0.9567
2,1108.0,927.0,718.0,1315.0,1106.0,9.5,80.3,0.9532
0,1414.0,1261.0,532.0,1644.0,1479.0,9.8,80.5,0.9724
0,1423.0,1323.0,496.0,1727.0,1568.0,10.3,80.3,1.002
0,1352.0,1231.0,538.0,1605.0,1530.0,11.1,77.2,1.0175
0,1303.0,1153.0,575.0,1520.0,1582.0,13.3,68.8,1.0505
2,1103.0,931.0,711.0,1293.0,1235.0,15.1,58.3,0.9978
1,1138.0,967.0,695.0,1332.0,1195.0,15.6,56.2,0.9876
0,1278.0,1130.0,580.0,1506.0,1471.0,15.4,59.6,1.0375
0,1292.0,1141.0,556.0,1498.0,1582.0,14.6,63.7,1.0508
0,1374.0,1222.0,516.0,1582.0,1671.0,13.7,66.8,1.0432
0,1464.0,1358.0,477.0,1719.0,1711.0,12.3,72.5,1.0331
0,1562.0,1557.0,427.0,1916.0,1852.0,10.8,77.2,1.0021
0,1592.0,1627.0,401.0,1957.0,1902.0,10.2,80.4,1.0003
0,1669.0,1686.0,384.0,2066.0,1961.0,10.1,79.3,0.9795
0,1429.0,1401.0,475.0,1698.0,1689.0,10.0,76.1,0.9329
0,1354.0,1269.0,506.0,1530.0,1580.0,8.6,82.3,0.9198
0,1311.0,1203.0,542.0,1448.0,1428.0,7.7,84.3,0.8881
0,1311.0,1225.0,538.0,1464.0,1434.0,7.1,84.1,0.8557
0,1292.0,1221.0,547.0,1437.0,1389.0,6.7,83.2,0.819
2,1091.0,1025.0,666.0,1262.0,1130.0,6.0,83.0,0.78
2,1009.0,928.0,754.0,1166.0,983.0,5.1,84.0,0.7439
2,1050.0,956.0,725.0,1162.0,1025.0,4.3,85.4,0.7152
2,1053.0,955.0,710.0,1154.0,1050.0,4.0,85.7,0.7041
2,1016.0,945.0,724.0,1147.0,1038.0,4.0,84.4,0.6943
2,1057.0,1004.0,702.0,1204.0,1080.0,4.0,83.1,0.682
0,1309.0,1333.0,537.0,1555.0,1411.0,4.4,81.3,0.689
0,1315.0,1375.0,526.0,1576.0,1549.0,6.7,72.6,0.718
0,1315.0,1300.0,547.0,1531.0,1659.0,10.0,63.4,0.7791
0,1111.0,1042.0,682.0,1257.0,1434.0,13.6,48.7,0.7547
2,1087.0,1000.0,706.0,1251.0,1310.0,14.6,46.5,0.7687
2,1104.0,1028.0,696.0,1263.0,1227.0,15.4,43.0,0.7483
1,1142.0,1078.0,670.0,1256.0,1261.0,16.4,38.2,0.7081
0,1164.0,1096.0,662.0,1311.0,1261.0,16.8,37.6,0.7129
0,1214.0,1124.0,659.0,1302.0,1345.0,16.8,36.7,0.6944
0,1369.0,1346.0,558.0,1537.0,1608.0,15.4,41.3,0.7151
0,1368.0,1334.0,529.0,1547.0,1653.0,13.8,48.9,0.7699
0,1226.0,1161.0,606.0,1368.0,1442.0,13.3,50.9,0.7745
0,1225.0,1134.0,614.0,1352.0,1421.0,11.5,57.3,0.7786
0,1190.0,1028.0,654.0,1287.0,1329.0,10.7,59.8,0.7674
2,1128.0,889.0,743.0,1160.0,1212.0,10.0,61.8,0.7576
2,1105.0,883.0,747.0,1180.0,1179.0,9.9,62.1,0.7566
2,1152.0,959.0,689.0,1232.0,1231.0,9.3,64.5,0.7554
2,1141.0,967.0,698.0,1245.0,1214.0,9.1,65.7,0.7607
2,1121.0,901.0,712.0,1215.0,1134.0,8.9,71.8,0.818
2,1043.0,805.0,798.0,1155.0,992.0,9.1,72.9,0.8429
2,1090.0,841.0,757.0,1202.0,989.0,8.7,77.6,0.8753
2,982.0,752.0,844.0,1153.0,897.0,9.0,77.3,0.8873
2,974.0,743.0,864.0,1155.0,885.0,9.1,77.3,0.8944
2,1118.0,915.0,731.0,1289.0,1059.0,9.3,76.9,0.9007
0,1508.0,1379.0,496.0,1767.0,1567.0,10.0,75.0,0.9179
0,1521.0,1470.0,456.0,1857.0,1727.0,10.6,72.7,0.9272
0,1562.0,1458.0,458.0,1770.0,2021.0,12.4,64.8,0.931
0,1392.0,1192.0,543.0,1508.0,1795.0,13.7,59.9,0.9335
0,1439.0,1267.0,522.0,1586.0,1852.0,14.9,57.0,0.9564
0,1539.0,1371.0,488.0,1712.0,1943.0,15.5,56.2,0.9814
0,1608.0,1483.0,446.0,1845.0,2058.0,15.8,56.3,1.0026
0,1589.0,1407.0,556.0,1757.0,1972.0,15.8,57.9,1.0292
0,1704.0,1531.0,507.0,1904.0,2098.0,15.7,58.9,1.0432
0,1822.0,1686.0,387.0,2077.0,2244.0,15.5,61.2,1.067
0,1956.0,1877.0,347.0,2338.0,2465.0,15.5,62.8,1.0979
0,1676.0,1568.0,444.0,1983.0,2096.0,15.6,64.9,1.1396
0,1834.0,1723.0,400.0,2204.0,2190.0,15.1,67.0,1.1394
0,1759.0,1588.0,437.0,1971.0,2234.0,14.6,67.7,1.1164
0,1518.0,1293.0,515.0,1602.0,2048.0,13.8,67.8,1.0609
0,1502.0,1256.0,560.0,1568.0,2044.0,13.4,69.0,1.0579
0,1499.0,1207.0,748.0,1530.0,1881.0,13.0,73.7,1.0957
0,1531.0,1238.0,619.0,1583.0,1774.0,12.7,77.5,1.1339
0,1424.0,1145.0,641.0,1482.0,1615.0,12.4,78.4,1.1269
0,1279.0,986.0,756.0,1362.0,1473.0,11.9,79.7,1.1075
0,1250.0,942.0,755.0,1323.0,1380.0,11.9,80.7,1.1199
2,1189.0,870.0,821.0,1272.0,1251.0,13.2,75.8,1.1459
2,1197.0,881.0,820.0,1295.0,1173.0,12.3,81.9,1.1674
0,1273.0,946.0,729.0,1349.0,1217.0,12.8,80.8,1.1898
0,1298.0,1017.0,727.0,1418.0,1193.0,13.7,76.3,1.1932
0,1453.0,1190.0,583.0,1644.0,1358.0,13.4,78.8,1.2104
0,1492.0,1233.0,561.0,1672.0,1481.0,13.8,77.8,1.2201
0,1481.0,1202.0,768.0,1639.0,1532.0,15.1,73.2,1.244
0,1524.0,1228.0,853.0,1646.0,1675.0,15.8,70.5,1.2557
0,1562.0,1280.0,479.0,1711.0,1709.0,15.4,73.3,1.27
0,1567.0,1300.0,473.0,1753.0,1743.0,15.6,71.4,1.2596
0,1568.0,1280.0,479.0,1703.0,1774.0,16.3,68.7,1.2596
0,1622.0,1312.0,477.0,1727.0,1804.0,16.4,68.2,1.2662
0,1515.0,1259.0,508.0,1695.0,1555.0,15.6,70.2,1.238
0,1603.0,1417.0,459.0,1871.0,1621.0,14.2,75.8,1.2202
0,1514.0,1334.0,489.0,1755.0,1614.0,14.0,74.6,1.1865
0,1567.0,1392.0,470.0,1821.0,1637.0,13.3,75.8,1.1506
0,1380.0,1163.0,573.0,1547.0,1485.0,13.7,72.5,1.1326
0,1214.0,972.0,663.0,1359.0,1280.0,12.8,73.8,1.0853
0,1225.0,982.0,656.0,1358.0,1236.0,11.2,78.3,1.0415
0,1250.0,989.0,665.0,1343.0,1204.0,10.6,79.4,1.0133
2,1143.0,882.0,738.0,1260.0,1069.0,10.8,77.5,1.0027
2,1046.0,817.0,790.0,1214.0,957.0,10.5,78.6,0.9976
2,953.0,722.0,911.0,1148.0,828.0,10.3,77.6,0.9743
2,913.0,659.0,1010.0,1121.0,748.0,10.3,74.9,0.9362
2,858.0,554.0,1207.0,1047.0,663.0,11.2,69.0,0.9159
2,848.0,560.0,1206.0,1045.0,644.0,8.9,77.1,0.8804
2,871.0,548.0,1197.0,1025.0,662.0,9.5,73.3,0.8719
2,909.0,624.0,1056.0,1073.0,736.0,8.6,77.2,0.8617
2,906.0,637.0,1024.0,1070.0,761.0,8.6,76.6,0.8586
2,859.0,573.0,1126.0,1039.0,696.0,9.7,72.0,0.8649
2,1028.0,773.0,877.0,1194.0,871.0,11.1,68.2,0.8979
2,1089.0,835.0,778.0,1216.0,1004.0,11.8,65.0,0.8966
2,1184.0,954.0,701.0,1313.0,1133.0,12.1,64.8,0.9135
2,1136.0,906.0,729.0,1274.0,1140.0,12.6,63.2,0.9209
2,1069.0,854.0,780.0,1242.0,999.0,13.4,61.9,0.9513
2,1214.0,922.0,741.0,1273.0,1124.0,13.3,63.3,0.9597
2,1212.0,926.0,720.0,1283.0,1193.0,11.2,70.9,0.9406
0,1218.0,981.0,677.0,1335.0,1258.0,9.6,76.5,0.9184
0,1279.0,1069.0,628.0,1418.0,1356.0,9.9,76.3,0.9296
0,1382.0,1196.0,573.0,1543.0,1468.0,10.4,74.6,0.9394
0,1292.0,1085.0,620.0,1438.0,1390.0,10.3,75.1,0.9399
0,1250.0,1054.0,634.0,1407.0,1348.0,10.4,75.4,0.947
0,1260.0,1030.0,639.0,1378.0,1355.0,10.5,75.4,0.9566
0,1203.0,988.0,658.0,1350.0,1315.0,10.2,78.4,0.9757
2,1146.0,900.0,718.0,1280.0,1183.0,9.9,80.5,0.984
2,1130.0,902.0,715.0,1289.0,1117.0,9.8,81.4,0.9855
2,1032.0,757.0,837.0,1182.0,1001.0,9.5,81.7,0.9693
2,993.0,720.0,891.0,1143.0,925.0,8.9,83.0,0.9487
2,987.0,759.0,856.0,1162.0,940.0,8.8,83.7,0.9529
2,1018.0,800.0,821.0,1185.0,956.0,8.7,84.2,0.9526
2,1129.0,971.0,707.0,1315.0,1064.0,8.7,83.7,0.9454
0,1440.0,1312.0,537.0,1657.0,1515.0,9.6,80.8,0.9687
0,1609.0,1540.0,486.0,1961.0,1803.0,11.3,75.3,1.0048
0,1573.0,1511.0,531.0,1916.0,1927.0,13.8,68.5,1.0718
0,1705.0,1562.0,473.0,1988.0,2197.0,14.9,64.9,1.0929
0,1551.0,1377.0,564.0,1734.0,2038.0,15.3,63.2,1.0898
1,1163.0,1016.0,781.0,1363.0,1339.0,18.6,49.1,1.0425
0,1186.0,1077.0,797.0,1404.0,1328.0,18.6,49.3,1.0451
1,1166.0,1007.0,775.0,1391.0,1227.0,18.4,49.9,1.0453
1,1200.0,1027.0,760.0,1416.0,1199.0,17.9,51.4,1.0488
1,1134.0,903.0,821.0,1299.0,1046.0,18.0,51.9,1.0622
1,1161.0,979.0,758.0,1375.0,1132.0,16.7,57.3,1.0813
1,1117.0,871.0,781.0,1320.0,986.0,17.3,57.0,1.1137
2,1114.0,872.0,857.0,1310.0,991.0,16.8,58.7,1.1109
2,1022.0,744.0,1224.0,1210.0,847.0,16.5,59.2,1.1021
2,996.0,710.0,1699.0,1182.0,783.0,16.3,59.7,1.0941
2,1002.0,704.0,1472.0,1202.0,752.0,16.0,61.6,1.1127
2,1032.0,688.0,1514.0,1200.0,737.0,15.6,66.6,1.1763
2,1052.0,766.0,1031.0,1302.0,796.0,13.8,80.4,1.2621
2,1014.0,737.0,1509.0,1288.0,765.0,13.2,84.4,1.2779
2,897.0,581.0,1184.0,1181.0,636.0,13.6,82.8,1.2845
2,878.0,518.0,1294.0,1149.0,539.0,13.8,81.3,1.2767
2,840.0,534.0,1268.0,1109.0,483.0,13.6,75.5,1.172
2,879.0,575.0,1262.0,1111.0,537.0,11.5,81.4,1.1025
2,999.0,690.0,1027.0,1192.0,707.0,11.8,80.7,1.1181
0,1251.0,1015.0,751.0,1453.0,1070.0,12.3,78.9,1.1283
0,1351.0,1226.0,648.0,1649.0,1248.0,13.0,76.0,1.1317
0,1312.0,1177.0,711.0,1588.0,1261.0,13.7,70.9,1.1076
0,1201.0,1098.0,763.0,1500.0,1209.0,14.0,70.9,1.1244
2,1120.0,932.0,897.0,1301.0,1039.0,14.6,65.9,1.088
2,1071.0,955.0,940.0,1311.0,977.0,14.9,59.9,1.0063
2,1085.0,967.0,943.0,1321.0,976.0,14.9,58.4,0.9839
2,1113.0,980.0,984.0,1311.0,995.0,15.3,54.3,0.9357
0,1310.0,1301.0,746.0,1694.0,1350.0,14.6,56.6,0.9367
0,1183.0,1122.0,897.0,1476.0,1215.0,12.6,62.0,0.9027
0,1362.0,1373.0,755.0,1698.0,1461.0,11.9,62.3,0.8674
0,1408.0,1502.0,640.0,1843.0,1598.0,11.6,64.3,0.8789
0,1471.0,1559.0,605.0,1939.0,1669.0,11.5,68.0,0.9207
2,1157.0,1063.0,905.0,1394.0,1223.0,10.7,73.9,0.9502
2,1061.0,899.0,1067.0,1277.0,939.0,9.6,83.0,0.9899
2,1006.0,836.0,1226.0,1210.0,902.0,9.6,79.9,0.9579
2,1039.0,880.0,1198.0,1251.0,933.0,9.8,79.4,0.9626
2,886.0,699.0,1900.0,1106.0,766.0,10.1,75.3,0.9322
2,900.0,701.0,1955.0,1127.0,749.0,9.1,80.0,0.9299
2,856.0,654.0,2042.0,1100.0,709.0,8.7,82.4,0.9294
2,857.0,638.0,2061.0,1083.0,746.0,8.5,81.7,0.9074
2,844.0,618.0,2095.0,1064.0,757.0,8.3,80.4,0.8861
2,927.0,671.0,2009.0,1098.0,792.0,8.9,79.2,0.9067
2,1007.0,857.0,1699.0,1248.0,921.0,8.7,80.8,0.9096
0,1318.0,1243.0,1261.0,1638.0,1318.0,9.0,79.8,0.9203
0,1396.0,1419.0,1104.0,1799.0,1547.0,9.5,78.3,0.9338
0,1337.0,1288.0,1192.0,1648.0,1516.0,10.4,76.0,0.9561
2,1202.0,1083.0,1376.0,1410.0,1340.0,11.0,74.4,0.9736
0,1309.0,1212.0,1267.0,1533.0,1556.0,13.8,63.6,0.9959
0,1351.0,1278.0,1249.0,1623.0,1582.0,13.6,65.6,1.0167
0,1501.0,1514.0,1090.0,1898.0,1791.0,13.7,66.5,1.038
0,1426.0,1375.0,1143.0,1751.0,1631.0,13.0,73.0,1.086
0,1544.0,1446.0,1070.0,1834.0,1679.0,12.7,77.1,1.1251
0,1566.0,1474.0,1049.0,1887.0,1681.0,12.3,79.7,1.1342
0,1547.0,1532.0,1009.0,1972.0,1718.0,12.3,78.8,1.1279
2,1124.0,1047.0,1401.0,1419.0,1193.0,12.5,72.6,1.0489
2,1090.0,981.0,1513.0,1390.0,1044.0,11.8,76.1,1.0544
2,1034.0,865.0,1732.0,1280.0,925.0,11.3,79.9,1.0697
2,1040.0,859.0,1705.0,1293.0,889.0,11.1,84.3,1.1137
2,1060.0,877.0,1648.0,1313.0,929.0,11.3,83.1,1.1089
2,1076.0,903.0,1627.0,1330.0,958.0,11.6,81.0,1.1082
2,975.0,787.0,1812.0,1238.0,844.0,11.7,77.8,1.0689
2,987.0,796.0,1789.0,1254.0,830.0,11.7,78.6,1.0813
2,928.0,699.0,1930.0,1198.0,785.0,11.9,78.2,1.0856
2,889.0,646.0,2047.0,1163.0,743.0,12.0,77.4,1.0825
2,880.0,610.0,2095.0,1150.0,711.0,12.0,78.0,1.094
2,919.0,711.0,1667.0,1195.0,819.0,12.4,75.3,1.0813
2,1073.0,867.0,768.0,1329.0,981.0,12.5,76.4,1.1021
0,1435.0,1341.0,501.0,1787.0,1480.0,12.9,73.8,1.0937
0,1477.0,1501.0,444.0,1972.0,1691.0,13.3,70.7,1.0749
0,1337.0,1275.0,525.0,1655.0,1548.0,14.3,66.1,1.0711
0,1308.0,1191.0,537.0,1559.0,1523.0,15.4,63.9,1.1071
0,1245.0,1143.0,569.0,1531.0,1406.0,15.9,62.7,1.1273
0,1295.0,1205.0,538.0,1579.0,1476.0,16.4,61.9,1.1465
0,1338.0,1208.0,539.0,1600.0,1481.0,18.0,58.0,1.1901
0,1405.0,1269.0,500.0,1735.0,1534.0,19.2,57.9,1.2757
0,1456.0,1291.0,490.0,1753.0,1592.0,18.1,62.1,1.2822
0,1516.0,1423.0,455.0,1881.0,1688.0,16.7,67.3,1.2707
0,1707.0,1721.0,375.0,2260.0,1940.0,15.8,70.7,1.2601
0,1816.0,1851.0,341.0,2405.0,2069.0,15.4,73.0,1.2688
0,1713.0,1699.0,371.0,2196.0,1943.0,15.4,73.0,1.2648
0,1646.0,1570.0,401.0,2049.0,1846.0,15.3,73.6,1.2691
0,1468.0,1351.0,472.0,1783.0,1611.0,15.1,74.3,1.2623
0,1443.0,1323.0,486.0,1760.0,1487.0,14.2,78.0,1.254
0,1289.0,1087.0,587.0,1515.0,1208.0,14.1,81.4,1.3066
0,1194.0,950.0,667.0,1433.0,1043.0,14.4,82.7,1.3496
0,1165.0,957.0,661.0,1452.0,979.0,14.1,84.1,1.3461
2,1003.0,747.0,843.0,1289.0,806.0,14.1,84.8,1.3544
2,986.0,700.0,883.0,1249.0,768.0,14.0,84.1,1.3389
2,930.0,623.0,975.0,1215.0,720.0,13.9,85.1,1.3449
2,988.0,709.0,897.0,1267.0,785.0,13.8,85.5,1.3469
2,1094.0,857.0,739.0,1378.0,903.0,13.8,85.3,1.3412
0,1528.0,1328.0,487.0,1839.0,1389.0,13.7,84.5,1.3202
0,1628.0,1528.0,416.0,2081.0,1649.0,13.9,83.9,1.3284
0,1555.0,1377.0,455.0,1834.0,1621.0,14.6,81.6,1.3448
0,1290.0,1084.0,586.0,1544.0,1362.0,15.8,74.7,1.3336
0,1280.0,1144.0,555.0,1599.0,1624.0,16.4,72.1,1.336
0,1302.0,1169.0,544.0,1636.0,1605.0,16.8,70.3,1.3341
0,1332.0,1242.0,524.0,1716.0,1608.0,17.9,66.3,1.3499
0,1332.0,1163.0,548.0,1664.0,1522.0,18.8,62.7,1.3506
0,1493.0,1399.0,466.0,1893.0,1708.0,19.0,61.6,1.3407
0,1648.0,1612.0,401.0,2177.0,1885.0,17.7,68.3,1.3713
0,1482.0,1404.0,463.0,1883.0,1657.0,16.5,71.7,1.3358
0,1501.0,1392.0,476.0,1832.0,1645.0,15.7,72.7,1.2872
0,1601.0,1568.0,422.0,2111.0,1729.0,15.0,74.4,1.2593
0,1421.0,1320.0,496.0,1804.0,1556.0,14.6,75.2,1.2405
0,1232.0,1074.0,606.0,1504.0,1317.0,14.0,75.7,1.2051
0,1270.0,1117.0,586.0,1528.0,1290.0,13.1,78.7,1.1817
0,1257.0,1108.0,592.0,1520.0,1287.0,12.6,78.4,1.1419
0,1246.0,1077.0,621.0,1462.0,1235.0,12.8,77.9,1.1438
0,1166.0,1013.0,643.0,1408.0,1144.0,12.1,79.4,1.1201
2,1062.0,906.0,724.0,1305.0,1004.0,11.6,80.1,1.0899
2,1005.0,829.0,779.0,1246.0,944.0,11.6,79.7,1.0858
2,1032.0,848.0,751.0,1266.0,972.0,11.4,81.1,1.0928
2,1034.0,876.0,740.0,1305.0,968.0,11.5,81.7,1.1033
2,1024.0,822.0,800.0,1266.0,954.0,12.4,77.1,1.1072
0,1243.0,1108.0,595.0,1539.0,1201.0,12.3,79.0,1.1293
2,1148.0,963.0,680.0,1395.0,1017.0,12.2,83.9,1.189
0,1182.0,994.0,654.0,1431.0,1039.0,12.2,85.1,1.2079
2,1015.0,835.0,796.0,1263.0,911.0,12.4,80.1,1.1462
0,1175.0,1002.0,668.0,1422.0,1059.0,13.0,77.8,1.1641
0,1224.0,1046.0,630.0,1476.0,1213.0,11.8,86.5,1.1981
2,1123.0,916.0,709.0,1346.0,1003.0,11.9,85.7,1.1912
0,1187.0,961.0,685.0,1408.0,1017.0,11.9,88.7,1.2352
2,1116.0,860.0,758.0,1316.0,937.0,12.3,87.0,1.2422
2,1131.0,912.0,728.0,1356.0,987.0,12.7,84.4,1.2352
0,1215.0,1012.0,653.0,1441.0,1131.0,13.1,81.7,1.2284
2,1077.0,852.0,773.0,1302.0,969.0,13.1,80.4,1.2038
0,1210.0,1000.0,679.0,1456.0,1062.0,13.4,79.9,1.2254
0,1181.0,956.0,689.0,1400.0,1058.0,13.8,76.8,1.206
2,1088.0,851.0,766.0,1307.0,959.0,14.0,75.9,1.2064
2,1054.0,794.0,830.0,1282.0,887.0,13.5,78.3,1.2097
2,1096.0,826.0,795.0,1285.0,911.0,13.0,79.2,1.182
2,1042.0,834.0,808.0,1267.0,914.0,12.4,77.5,1.1115
2,887.0,679.0,969.0,1132.0,786.0,12.3,71.2,1.0175
2,884.0,651.0,1034.0,1105.0,741.0,12.2,69.6,0.986
2,862.0,639.0,1033.0,1100.0,727.0,12.3,67.5,0.9624
2,821.0,584.0,1132.0,1070.0,686.0,12.7,65.6,0.9566
2,797.0,543.0,1235.0,1047.0,648.0,12.5,65.9,0.9533
2,802.0,538.0,1237.0,1042.0,645.0,12.4,65.4,0.9426
2,848.0,578.0,1160.0,1068.0,679.0,13.2,62.5,0.943
2,863.0,610.0,1088.0,1086.0,696.0,13.1,62.4,0.9366
2,889.0,661.0,1001.0,1115.0,735.0,12.9,64.7,0.9564
2,969.0,733.0,901.0,1191.0,803.0,13.0,67.6,1.009
2,1013.0,795.0,826.0,1257.0,848.0,13.0,69.7,1.0403
2,1100.0,842.0,774.0,1296.0,882.0,12.0,80.0,1.1167
2,1019.0,788.0,828.0,1267.0,812.0,11.4,83.7,1.1278
2,1061.0,887.0,745.0,1367.0,889.0,12.0,80.8,1.1264
2,940.0,692.0,934.0,1177.0,749.0,11.5,81.0,1.101
2,904.0,640.0,1022.0,1152.0,682.0,11.3,81.0,1.0851
2,1120.0,935.0,744.0,1385.0,922.0,12.0,78.4,1.0954
2,987.0,746.0,880.0,1212.0,833.0,12.1,75.5,1.0669
2,971.0,734.0,905.0,1187.0,808.0,12.5,71.9,1.0351
2,965.0,733.0,909.0,1173.0,790.0,12.6,70.5,1.0239
2,873.0,641.0,1025.0,1120.0,685.0,12.5,69.1,1.0003
2,892.0,672.0,1012.0,1111.0,706.0,13.1,64.3,0.9628
2,857.0,605.0,1094.0,1071.0,636.0,13.2,62.9,0.9517
2,901.0,662.0,1034.0,1127.0,678.0,13.3,63.6,0.9673
2,901.0,661.0,1022.0,1124.0,714.0,13.3,65.3,0.9948
2,904.0,649.0,983.0,1157.0,726.0,12.7,72.2,1.0525
2,857.0,562.0,1140.0,1130.0,646.0,11.9,79.6,1.1043
2,881.0,602.0,1034.0,1157.0,685.0,11.8,81.4,1.1238
2,913.0,701.0,926.0,1219.0,750.0,12.0,80.1,1.1231
2,1012.0,817.0,819.0,1314.0,878.0,12.2,78.8,1.1178
0,1314.0,1173.0,589.0,1627.0,1238.0,12.7,77.2,1.1298
0,1479.0,1465.0,471.0,2018.0,1572.0,13.4,74.4,1.1407
0,1299.0,1254.0,566.0,1662.0,1488.0,15.9,63.4,1.1349
0,1221.0,1090.0,641.0,1489.0,1424.0,18.5,52.9,1.1174
0,1171.0,1049.0,655.0,1418.0,1338.0,18.4,52.6,1.1064
0,1316.0,1293.0,538.0,1682.0,1559.0,19.4,49.8,1.1095
0,1208.0,1191.0,573.0,1589.0,1415.0,19.5,50.1,1.1225
0,1145.0,1112.0,621.0,1481.0,1331.0,20.3,47.5,1.1187
0,1189.0,1167.0,599.0,1541.0,1315.0,18.7,53.0,1.1322
0,1173.0,1170.0,597.0,1551.0,1289.0,17.3,57.1,1.1161
0,1237.0,1239.0,570.0,1620.0,1389.0,16.4,59.5,1.1017
0,1253.0,1238.0,571.0,1613.0,1351.0,15.9,60.8,1.088
0,1155.0,1126.0,617.0,1511.0,1267.0,15.5,60.7,1.0591
0,1175.0,1077.0,634.0,1480.0,1279.0,15.3,63.1,1.0872
2,1001.0,871.0,806.0,1264.0,1071.0,16.6,58.5,1.0963
2,1014.0,804.0,871.0,1233.0,994.0,14.6,64.7,1.0677
2,966.0,770.0,900.0,1206.0,956.0,14.0,66.1,1.05
2,987.0,786.0,901.0,1220.0,936.0,13.0,69.4,1.0364
2,888.0,680.0,985.0,1138.0,826.0,13.1,67.4,1.0101
2,911.0,719.0,947.0,1170.0,839.0,11.6,73.4,0.999
2,828.0,627.0,1074.0,1103.0,748.0,11.9,71.4,0.9921
2,857.0,604.0,1126.0,1091.0,740.0,12.4,68.3,0.9801
2,886.0,641.0,1082.0,1098.0,783.0,14.1,60.6,0.9715
2,964.0,730.0,985.0,1146.0,891.0,12.9,64.2,0.9506
0,1230.0,1070.0,761.0,1431.0,1197.0,11.7,68.9,0.9439
0,1236.0,1203.0,681.0,1566.0,1311.0,12.5,65.8,0.9538
0,1322.0,1219.0,682.0,1591.0,1472.0,14.5,61.1,1.0007
0,1407.0,1292.0,643.0,1638.0,1694.0,16.9,54.2,1.0371
0,1357.0,1339.0,657.0,1583.0,1639.0,17.4,53.3,1.0528
0,1289.0,1239.0,733.0,1635.0,1469.0,18.8,49.3,1.0581
0,1257.0,1179.0,818.0,1545.0,1415.0,19.4,47.1,1.051
1,1199.0,1108.0,818.0,1450.0,1250.0,19.2,47.1,1.0371
0,1181.0,1121.0,629.0,1466.0,1236.0,17.7,51.5,1.0315
0,1175.0,1112.0,628.0,1484.0,1212.0,16.5,54.6,1.0164
0,1202.0,1126.0,606.0,1480.0,1212.0,15.4,57.9,1.0068
0,1170.0,1095.0,618.0,1470.0,1195.0,15.2,58.4,1.0007
0,1115.0,1036.0,649.0,1381.0,1200.0,14.9,58.4,0.9843
0,1130.0,1026.0,657.0,1374.0,1209.0,14.5,60.4,0.9909
0,1195.0,1013.0,646.0,1345.0,1276.0,14.5,62.3,1.0216
2,1111.0,887.0,720.0,1262.0,1132.0,14.6,60.6,1.0033
2,1092.0,855.0,750.0,1231.0,1061.0,15.0,59.3,1.0045
2,1111.0,856.0,746.0,1254.0,1036.0,14.7,60.3,1.0031
2,992.0,731.0,1035.0,1149.0,911.0,15.3,59.1,1.0191
2,1051.0,815.0,1305.0,1203.0,951.0,12.3,69.7,0.9954
2,1080.0,896.0,1075.0,1262.0,1033.0,11.6,72.5,0.9916
2,893.0,655.0,990.0,1097.0,816.0,12.0,71.9,1.003
2,923.0,664.0,988.0,1121.0,822.0,11.8,71.8,0.9909
2,950.0,713.0,917.0,1139.0,841.0,11.8,71.4,0.9864
2,947.0,666.0,985.0,1115.0,795.0,12.8,66.3,0.9804
2,973.0,712.0,923.0,1157.0,831.0,13.2,65.2,0.9841
2,1111.0,884.0,751.0,1280.0,1025.0,13.1,66.2,0.9933
0,1206.0,969.0,701.0,1365.0,1178.0,14.3,63.3,1.0266
1,1202.0,958.0,732.0,1330.0,1181.0,16.0,58.1,1.0482
0,1261.0,1022.0,635.0,1407.0,1250.0,17.3,53.9,1.0562
1,1102.0,855.0,763.0,1279.0,1039.0,17.3,53.3,1.0407
2,997.0,742.0,911.0,1180.0,899.0,16.7,54.7,1.0311
2,1049.0,790.0,870.0,1183.0,1019.0,15.4,58.9,1.02
2,1082.0,834.0,800.0,1207.0,1057.0,15.2,58.0,0.9927
0,1177.0,987.0,692.0,1324.0,1229.0,16.2,54.5,0.9956
1,1166.0,935.0,756.0,1301.0,1135.0,16.5,55.3,1.0267
0,1352.0,1118.0,625.0,1524.0,1188.0,14.6,72.1,1.1947
0,1210.0,947.0,697.0,1404.0,1060.0,13.9,76.7,1.2098
2,1161.0,909.0,721.0,1370.0,962.0,13.7,79.3,1.2326
2,1142.0,866.0,815.0,1329.0,939.0,13.8,77.3,1.2169
2,1054.0,789.0,886.0,1254.0,864.0,14.2,71.7,1.1578
2,926.0,649.0,1035.0,1145.0,741.0,14.9,65.7,1.105
2,873.0,583.0,1155.0,1108.0,642.0,14.7,67.3,1.1177
2,832.0,518.0,1264.0,1061.0,539.0,15.2,63.2,1.0821
2,803.0,466.0,1451.0,1034.0,449.0,14.8,65.5,1.0965
2,818.0,463.0,1509.0,1046.0,437.0,14.4,68.5,1.1158
2,814.0,482.0,1426.0,1027.0,457.0,14.5,62.9,1.0335
2,832.0,530.0,1346.0,1027.0,512.0,14.6,56.7,0.9358
2,1091.0,882.0,844.0,1288.0,931.0,15.0,55.3,0.9338
2,1019.0,874.0,1113.0,1235.0,905.0,14.5,56.5,0.9306
2,937.0,750.0,1386.0,1141.0,790.0,14.3,55.4,0.9005
2,950.0,786.0,1038.0,1145.0,850.0,14.7,52.5,0.8716
2,962.0,785.0,993.0,1161.0,870.0,15.5,51.7,0.9033
2,969.0,812.0,989.0,1189.0,842.0,14.9,53.4,0.8998
2,1010.0,863.0,915.0,1257.0,886.0,15.2,51.0,0.8762
2,946.0,780.0,945.0,1142.0,801.0,15.2,50.1,0.858
2,988.0,865.0,876.0,1190.0,895.0,15.6,46.6,0.8176
2,948.0,799.0,1539.0,1145.0,827.0,14.8,48.4,0.8069
2,1045.0,960.0,1376.0,1259.0,972.0,14.6,48.0,0.7902
2,1114.0,1057.0,777.0,1301.0,1079.0,15.1,45.4,0.7759
2,1006.0,987.0,1028.0,1247.0,964.0,14.5,45.4,0.7458
2,889.0,738.0,1379.0,1061.0,743.0,13.4,48.1,0.7374
2,792.0,583.0,1972.0,946.0,517.0,12.3,48.7,0.6931
2,808.0,572.0,1729.0,954.0,468.0,12.0,51.2,0.7179
2,814.0,574.0,1613.0,965.0,461.0,11.9,54.6,0.7589
2,827.0,636.0,1485.0,980.0,483.0,13.7,45.0,0.6991
2,801.0,633.0,1489.0,940.0,482.0,14.7,37.5,0.622
2,770.0,600.0,2081.0,901.0,416.0,13.8,36.8,0.576
2,721.0,470.0,2331.0,815.0,367.0,13.2,35.6,0.5375
2,709.0,437.0,2559.0,787.0,324.0,12.0,37.3,0.5239
2,734.0,478.0,2294.0,805.0,378.0,11.7,38.1,0.5223
2,770.0,533.0,2683.0,839.0,480.0,11.5,38.0,0.5159
2,919.0,795.0,2327.0,998.0,822.0,12.3,35.8,0.5086
2,996.0,998.0,2318.0,1136.0,1060.0,12.9,34.5,0.5102
2,925.0,866.0,2542.0,1013.0,916.0,14.4,30.2,0.4911
2,883.0,821.0,886.0,967.0,844.0,16.2,26.2,0.4789
2,884.0,822.0,909.0,968.0,807.0,17.1,23.5,0.453
2,920.0,903.0,849.0,1011.0,853.0,18.1,21.3,0.4396
2,941.0,941.0,837.0,1036.0,884.0,18.8,20.0,0.4278
2,934.0,914.0,873.0,1016.0,834.0,18.1,20.8,0.4274
2,929.0,928.0,842.0,1001.0,893.0,17.6,19.9,0.3952
2,972.0,1043.0,764.0,1083.0,1037.0,16.0,20.8,0.3757
2,1073.0,1195.0,675.0,1249.0,1244.0,14.6,23.7,0.3903
0,1050.0,1260.0,662.0,1256.0,1269.0,13.7,22.9,0.3581
2,980.0,1132.0,742.0,1102.0,1125.0,12.8,21.7,0.3182
2,872.0,900.0,918.0,910.0,946.0,12.7,21.3,0.3119
2,802.0,743.0,1051.0,826.0,751.0,12.8,22.5,0.3309
2,792.0,674.0,1122.0,810.0,670.0,12.6,23.4,0.3408
2,857.0,753.0,1034.0,860.0,754.0,12.4,24.0,0.3443
2,856.0,734.0,1041.0,853.0,781.0,12.5,24.0,0.3462
2,869.0,702.0,1019.0,891.0,842.0,11.9,32.4,0.4489
2,890.0,688.0,1015.0,897.0,840.0,11.7,33.8,0.4623
2,834.0,632.0,1102.0,871.0,746.0,11.5,34.2,0.4621
2,860.0,616.0,1105.0,873.0,754.0,10.5,37.8,0.4799
2,909.0,728.0,933.0,948.0,905.0,7.8,47.4,0.5046
2,955.0,772.0,1030.0,957.0,960.0,9.3,43.1,0.5062
2,1035.0,914.0,947.0,1064.0,1080.0,8.2,46.8,0.5091
2,1087.0,1121.0,711.0,1177.0,1209.0,10.7,34.2,0.439
2,1101.0,1083.0,692.0,1130.0,1243.0,14.4,28.2,0.4593
1,1135.0,1100.0,679.0,1161.0,1273.0,17.4,23.3,0.4599
1,1095.0,1067.0,702.0,1152.0,1216.0,17.8,23.6,0.4766
2,986.0,931.0,815.0,1011.0,976.0,18.3,19.5,0.4044
2,991.0,940.0,816.0,1035.0,973.0,18.9,18.9,0.4091
2,926.0,815.0,931.0,945.0,827.0,18.4,19.7,0.4117
2,974.0,891.0,857.0,1005.0,912.0,17.8,21.0,0.4234
2,1042.0,1031.0,756.0,1094.0,1084.0,16.1,23.4,0.4248
2,1006.0,1005.0,781.0,1071.0,1045.0,14.9,24.9,0.4178
2,979.0,946.0,826.0,1018.0,1026.0,14.6,24.6,0.4054
2,1072.0,1011.0,762.0,1075.0,1172.0,14.2,26.8,0.4332
0,1217.0,1037.0,669.0,1167.0,1452.0,13.3,38.7,0.5867
2,1124.0,939.0,737.0,1126.0,1317.0,11.2,45.1,0.6004
2,1152.0,1036.0,670.0,1206.0,1365.0,8.8,52.5,0.5969
0,1216.0,1039.0,685.0,1183.0,1378.0,8.6,54.3,0.606
2,1095.0,1024.0,708.0,1219.0,1246.0,8.1,53.2,0.5746
2,1099.0,994.0,715.0,1164.0,1186.0,6.8,57.8,0.5768
2,974.0,832.0,832.0,1035.0,1024.0,6.6,58.1,0.5687
2,1091.0,971.0,703.0,1148.0,1187.0,5.4,64.1,0.5772
2,955.0,804.0,843.0,1017.0,1007.0,5.6,61.6,0.5656
2,975.0,859.0,777.0,1043.0,1019.0,4.2,69.0,0.5737
2,909.0,709.0,936.0,953.0,921.0,4.8,64.6,0.563
2,992.0,853.0,821.0,1052.0,1038.0,4.0,69.0,0.5661
2,1018.0,889.0,780.0,1085.0,1105.0,4.9,66.3,0.5786
2,1100.0,974.0,728.0,1131.0,1208.0,9.4,48.7,0.5748
2,1101.0,934.0,751.0,1085.0,1208.0,12.6,39.9,0.5804
2,1148.0,1025.0,701.0,1165.0,1282.0,14.4,35.3,0.5763
0,1253.0,1108.0,633.0,1253.0,1494.0,15.1,37.4,0.6374
0,1229.0,1075.0,638.0,1226.0,1500.0,16.0,35.8,0.6456
0,1250.0,1133.0,629.0,1274.0,1463.0,17.5,30.8,0.6095
0,1432.0,1251.0,547.0,1396.0,1722.0,17.2,34.2,0.6669
0,1530.0,1352.0,491.0,1550.0,1934.0,14.3,45.8,0.7452
0,1604.0,1438.0,466.0,1650.0,2018.0,12.2,53.9,0.7617
0,1352.0,1191.0,570.0,1362.0,1796.0,11.6,51.2,0.6965
0,1235.0,1065.0,640.0,1213.0,1594.0,11.3,50.1,0.672
2,1127.0,962.0,751.0,1120.0,1389.0,10.6,51.2,0.6541
2,1073.0,860.0,896.0,1058.0,1238.0,9.6,51.7,0.6163
2,1074.0,867.0,888.0,1064.0,1221.0,8.7,55.2,0.6225
2,1133.0,951.0,825.0,1156.0,1254.0,7.9,60.2,0.6432
2,1021.0,808.0,961.0,1048.0,1098.0,7.9,59.2,0.6331
2,995.0,807.0,978.0,1056.0,1044.0,6.7,64.6,0.6381
2,882.0,614.0,1221.0,931.0,888.0,6.9,62.3,0.6227
2,869.0,594.0,1326.0,935.0,835.0,6.3,64.6,0.6197
2,868.0,567.0,1238.0,919.0,823.0,6.4,63.3,0.6123
2,921.0,655.0,1001.0,972.0,908.0,6.4,64.4,0.6204
2,1041.0,846.0,829.0,1112.0,1076.0,5.6,68.9,0.6328
0,1275.0,1193.0,596.0,1389.0,1393.0,6.4,65.6,0.6348
0,1238.0,1202.0,748.0,1382.0,1429.0,7.3,61.4,0.6306
0,1288.0,1220.0,937.0,1391.0,1594.0,9.6,53.7,0.6409
0,1422.0,1362.0,775.0,1509.0,1956.0,12.0,45.9,0.6421
0,1293.0,1236.0,784.0,1370.0,1872.0,12.7,44.4,0.6512
0,1410.0,1363.0,690.0,1515.0,2014.0,13.9,42.8,0.6761
0,1425.0,1386.0,691.0,1536.0,1978.0,15.0,41.4,0.7016
0,1590.0,1503.0,575.0,1559.0,2257.0,16.0,38.7,0.6987
0,1520.0,1552.0,568.0,1615.0,2104.0,16.0,38.6,0.6952
0,1595.0,1628.0,495.0,1822.0,2140.0,14.1,44.9,0.7194
0,1881.0,1983.0,334.0,2271.0,2523.0,12.6,55.9,0.8142
0,1633.0,1677.0,400.0,1880.0,2188.0,11.7,60.8,0.8336
0,1391.0,1338.0,509.0,1514.0,1816.0,11.5,60.9,0.8249
0,1263.0,1164.0,581.0,1338.0,1587.0,10.6,64.1,0.8182
0,1147.0,1012.0,665.0,1214.0,1381.0,10.1,66.2,0.8185
2,1103.0,928.0,715.0,1174.0,1287.0,9.0,70.1,0.8036
2,1071.0,873.0,739.0,1150.0,1193.0,8.6,70.5,0.7915
2,1137.0,975.0,687.0,1234.0,1223.0,7.6,74.3,0.7783
2,1066.0,907.0,728.0,1174.0,1122.0,6.9,76.1,0.759
2,918.0,704.0,920.0,1032.0,932.0,8.0,70.6,0.7607
2,895.0,663.0,977.0,1007.0,866.0,6.8,75.4,0.7475
2,885.0,655.0,996.0,1015.0,848.0,6.6,75.3,0.7378
2,964.0,784.0,824.0,1080.0,959.0,6.0,77.3,0.7262
2,1088.0,927.0,715.0,1196.0,1154.0,6.0,76.7,0.722
0,1274.0,1160.0,587.0,1412.0,1373.0,6.9,73.7,0.7348
0,1406.0,1483.0,478.0,1767.0,1708.0,7.6,70.6,0.7371
0,1521.0,1568.0,440.0,1843.0,2097.0,9.3,64.2,0.7544
0,1408.0,1412.0,484.0,1608.0,2056.0,11.7,55.7,0.763
0,1377.0,1342.0,499.0,1546.0,2006.0,12.9,54.1,0.8003
0,1470.0,1450.0,481.0,1706.0,2015.0,14.0,53.0,0.8451
0,1416.0,1346.0,609.0,1570.0,1945.0,15.1,50.2,0.8552
0,1383.0,1314.0,785.0,1538.0,1793.0,16.7,47.3,0.8883
0,1574.0,1483.0,460.0,1778.0,1962.0,16.8,48.4,0.9175
0,1325.0,1191.0,564.0,1542.0,1389.0,13.3,68.0,1.0376
0,1316.0,1099.0,610.0,1451.0,1268.0,13.2,72.8,1.0984
2,1170.0,906.0,707.0,1317.0,1046.0,12.6,76.5,1.1106
2,1061.0,800.0,819.0,1232.0,862.0,12.6,74.3,1.0843
2,1109.0,855.0,787.0,1220.0,866.0,12.9,72.1,1.0658
2,1025.0,794.0,848.0,1202.0,788.0,13.1,70.5,1.0594
2,1086.0,769.0,822.0,1196.0,857.0,12.4,73.8,1.0574
2,1058.0,727.0,834.0,1193.0,860.0,12.2,74.5,1.0537
2,1034.0,719.0,858.0,1189.0,845.0,11.8,76.3,1.0547
2,1065.0,816.0,777.0,1245.0,873.0,10.8,80.0,1.0367
2,988.0,774.0,842.0,1189.0,841.0,10.4,77.3,0.9709
2,986.0,785.0,842.0,1173.0,853.0,10.0,76.2,0.9332
2,1136.0,1015.0,702.0,1287.0,1063.0,9.4,67.7,0.8018
0,1256.0,1184.0,582.0,1448.0,1276.0,9.3,71.2,0.8325
0,1228.0,1170.0,596.0,1375.0,1332.0,12.6,54.0,0.784
2,956.0,931.0,799.0,1046.0,1015.0,16.1,28.5,0.5164
2,781.0,704.0,1062.0,842.0,594.0,16.6,19.9,0.3728
2,759.0,699.0,1223.0,799.0,501.0,15.9,18.2,0.3255
2,722.0,671.0,1596.0,737.0,448.0,14.3,18.4,0.2991
2,699.0,613.0,1731.0,682.0,387.0,15.0,16.3,0.2749
2,755.0,690.0,1653.0,750.0,467.0,14.9,17.1,0.2875
2,746.0,684.0,1301.0,764.0,484.0,13.2,18.8,0.2837
2,784.0,744.0,1080.0,802.0,608.0,12.4,19.6,0.2797
2,931.0,972.0,868.0,974.0,953.0,11.9,21.3,0.2957
0,1112.0,1267.0,671.0,1250.0,1307.0,11.1,24.8,0.3264
0,1133.0,1215.0,674.0,1196.0,1415.0,10.1,29.7,0.3666
2,886.0,917.0,908.0,901.0,1023.0,10.2,23.8,0.2955
2,993.0,1030.0,805.0,1005.0,1154.0,9.4,27.4,0.3239
0,1215.0,1167.0,664.0,1181.0,1426.0,7.9,39.0,0.4154
2,1160.0,1083.0,706.0,1114.0,1363.0,7.6,40.6,0.4273
2,928.0,819.0,919.0,923.0,1006.0,6.4,43.7,0.4242
2,879.0,722.0,1014.0,878.0,873.0,6.3,44.7,0.4293
2,833.0,632.0,1107.0,834.0,760.0,5.1,46.5,0.4125
2,840.0,649.0,1044.0,869.0,799.0,3.3,53.5,0.418
2,848.0,612.0,1169.0,852.0,703.0,4.8,49.9,0.4325
2,828.0,660.0,1078.0,881.0,781.0,2.2,60.1,0.4361
2,847.0,698.0,1034.0,905.0,815.0,2.5,59.3,0.4401
2,868.0,665.0,1067.0,865.0,800.0,3.2,55.7,0.4344
2,970.0,819.0,923.0,959.0,926.0,5.0,48.8,0.429
2,1077.0,963.0,761.0,1081.0,1151.0,5.8,49.8,0.4613
2,1058.0,962.0,778.0,1058.0,1153.0,6.0,47.6,0.4488
2,1136.0,1067.0,702.0,1143.0,1298.0,7.4,44.6,0.4613
0,1228.0,1068.0,658.0,1264.0,1238.0,5.2,73.1,0.6535
0,1235.0,1118.0,612.0,1354.0,1222.0,4.8,81.4,0.7055
2,1217.0,1036.0,661.0,1260.0,1171.0,4.7,82.3,0.7105
0,1298.0,1082.0,642.0,1287.0,1237.0,4.7,82.8,0.7157
0,1327.0,1219.0,582.0,1453.0,1366.0,4.7,83.4,0.7177
0,1293.0,1136.0,631.0,1365.0,1278.0,5.2,83.1,0.7411
0,1353.0,1187.0,599.0,1424.0,1293.0,5.5,84.1,0.7657
0,1254.0,1111.0,630.0,1360.0,1198.0,5.8,84.5,0.7822
2,1189.0,999.0,680.0,1286.0,1115.0,6.2,84.1,0.8018
2,1183.0,944.0,731.0,1226.0,1092.0,6.6,83.3,0.8183
2,1185.0,966.0,711.0,1250.0,1104.0,6.8,82.8,0.8216
2,1098.0,859.0,792.0,1211.0,1006.0,8.2,78.4,0.8561
2,938.0,639.0,1020.0,1059.0,777.0,9.7,70.9,0.8539
2,883.0,583.0,1116.0,1019.0,710.0,9.5,69.9,0.8298
2,839.0,536.0,1229.0,970.0,600.0,9.3,65.9,0.7757
2,784.0,479.0,1365.0,905.0,477.0,8.8,62.9,0.7154
2,779.0,466.0,1393.0,881.0,454.0,8.6,58.8,0.6603
2,883.0,625.0,1069.0,997.0,630.0,9.2,55.9,0.6521
2,970.0,776.0,873.0,1059.0,858.0,8.4,57.7,0.6376
2,1012.0,861.0,785.0,1133.0,951.0,8.5,60.4,0.6713
2,934.0,766.0,878.0,1047.0,836.0,8.9,57.4,0.6575
2,888.0,700.0,956.0,999.0,721.0,9.2,55.8,0.6479
2,918.0,737.0,1007.0,1030.0,703.0,9.6,53.9,0.6425
2,901.0,747.0,1001.0,1020.0,657.0,9.6,52.4,0.6276
2,857.0,708.0,972.0,983.0,581.0,9.7,49.8,0.5998
2,838.0,699.0,1015.0,944.0,546.0,9.4,44.9,0.5296
2,869.0,772.0,1051.0,966.0,641.0,9.8,41.9,0.5083
2,928.0,850.0,1118.0,1004.0,794.0,8.9,44.9,0.5125
2,1037.0,1047.0,869.0,1159.0,1042.0,8.4,45.4,0.5035
2,980.0,1008.0,758.0,1103.0,993.0,8.0,41.0,0.4416
2,978.0,1031.0,765.0,1066.0,968.0,7.9,37.1,0.3974
2,891.0,882.0,885.0,950.0,894.0,7.8,33.9,0.3594
2,762.0,657.0,1158.0,783.0,592.0,7.3,32.4,0.334
2,794.0,687.0,1100.0,826.0,611.0,7.4,34.6,0.3576
2,799.0,690.0,1125.0,823.0,611.0,7.1,33.7,0.3417
2,818.0,725.0,1065.0,849.0,694.0,6.4,35.8,0.3471
2,691.0,471.0,1552.0,698.0,357.0,5.6,37.7,0.3444
2,697.0,455.0,1726.0,698.0,318.0,5.6,37.6,0.3448
2,697.0,437.0,1705.0,702.0,325.0,5.3,38.8,0.3473
2,716.0,473.0,1595.0,734.0,343.0,4.7,41.4,0.3576
2,791.0,598.0,1186.0,802.0,608.0,4.3,43.9,0.3675
2,804.0,630.0,1188.0,806.0,712.0,4.9,40.6,0.3539
2,1093.0,1098.0,782.0,1221.0,1173.0,5.1,40.8,0.3603
0,1179.0,1390.0,567.0,1453.0,1459.0,6.5,38.1,0.3709
2,951.0,953.0,812.0,1022.0,1055.0,7.4,36.5,0.3778
2,882.0,826.0,952.0,910.0,799.0,7.9,36.4,0.3889
2,897.0,845.0,942.0,943.0,787.0,7.8,36.8,0.3908
2,949.0,965.0,860.0,1041.0,892.0,8.7,33.7,0.379
2,896.0,891.0,921.0,935.0,766.0,8.5,34.3,0.3813
2,908.0,886.0,922.0,947.0,835.0,8.9,34.5,0.3946
2,959.0,924.0,899.0,993.0,897.0,8.8,35.7,0.4043
2,994.0,1005.0,832.0,1054.0,1009.0,7.9,38.6,0.4137
2,1081.0,1202.0,691.0,1230.0,1250.0,7.6,40.1,0.4195
2,1081.0,1164.0,705.0,1171.0,1283.0,6.9,40.3,0.4025
0,1175.0,1248.0,661.0,1308.0,1377.0,6.5,41.7,0.4047
2,1123.0,1110.0,732.0,1152.0,1322.0,6.3,42.6,0.4106
2,1032.0,952.0,833.0,1025.0,1198.0,5.9,44.7,0.4186
2,927.0,805.0,965.0,918.0,1007.0,5.8,43.4,0.4037
2,952.0,838.0,948.0,937.0,976.0,5.8,42.5,0.3937
2,987.0,883.0,913.0,949.0,1013.0,5.6,42.0,0.3856
2,902.0,761.0,1048.0,872.0,868.0,5.3,42.3,0.3806
2,833.0,648.0,1135.0,814.0,760.0,5.1,43.5,0.3852
2,776.0,525.0,1391.0,770.0,585.0,5.1,44.8,0.3967
2,812.0,541.0,1309.0,774.0,616.0,5.2,45.9,0.4099
2,821.0,563.0,1270.0,807.0,678.0,4.7,49.0,0.4209
2,932.0,701.0,944.0,875.0,936.0,4.5,51.8,0.4418
2,1069.0,931.0,782.0,1054.0,1110.0,4.5,53.0,0.4495
2,1137.0,1066.0,681.0,1151.0,1258.0,4.8,53.1,0.4605
2,1009.0,926.0,791.0,1015.0,1080.0,7.8,42.0,0.4464
2,962.0,877.0,841.0,969.0,949.0,9.3,37.6,0.4391
2,972.0,909.0,827.0,1012.0,894.0,10.0,34.2,0.4212
2,968.0,920.0,831.0,991.0,882.0,10.3,32.6,0.4094
2,939.0,902.0,884.0,969.0,872.0,9.8,31.8,0.3858
2,901.0,843.0,1061.0,907.0,751.0,9.8,30.3,0.3658
2,975.0,938.0,874.0,989.0,928.0,9.6,29.6,0.3545
2,1028.0,1025.0,774.0,1024.0,1160.0,8.1,32.5,0.3516
2,998.0,972.0,806.0,984.0,1090.0,6.8,36.1,0.3575
2,1094.0,1105.0,708.0,1086.0,1274.0,6.4,36.5,0.3519
2,1128.0,1161.0,672.0,1163.0,1340.0,5.9,37.8,0.3528
2,1111.0,1030.0,751.0,1033.0,1271.0,5.1,40.7,0.3621
2,1121.0,1023.0,725.0,1053.0,1354.0,4.8,45.1,0.3925
2,956.0,796.0,915.0,861.0,1084.0,4.5,43.9,0.3728
2,973.0,785.0,916.0,883.0,1086.0,5.2,44.1,0.3939
2,952.0,790.0,921.0,896.0,1038.0,4.3,46.4,0.3896
2,969.0,773.0,889.0,914.0,1064.0,3.0,52.5,0.4021
2,919.0,693.0,955.0,882.0,979.0,2.3,56.3,0.4134
2,874.0,657.0,985.0,867.0,930.0,1.5,61.4,0.4235
2,806.0,554.0,1206.0,807.0,783.0,4.0,50.4,0.4154
2,874.0,623.0,1096.0,847.0,831.0,2.8,55.2,0.4177
2,961.0,779.0,917.0,960.0,983.0,1.2,61.4,0.4159
2,1195.0,1096.0,668.0,1166.0,1315.0,1.4,61.3,0.4208
2,1184.0,1148.0,651.0,1178.0,1389.0,2.2,58.1,0.4218
2,1135.0,1076.0,685.0,1120.0,1396.0,4.3,49.4,0.4138
0,1211.0,1177.0,620.0,1221.0,1585.0,6.6,42.5,0.416
0,1228.0,1178.0,621.0,1202.0,1628.0,8.0,38.3,0.4133
0,1247.0,1188.0,598.0,1237.0,1692.0,9.1,36.1,0.4172
0,1336.0,1256.0,567.0,1320.0,1828.0,10.0,34.7,0.4259
0,1205.0,1079.0,652.0,1168.0,1476.0,11.0,33.0,0.4331
0,1305.0,1238.0,565.0,1325.0,1640.0,11.3,33.6,0.4504
0,1568.0,1528.0,455.0,1661.0,2046.0,9.4,41.3,0.4888
0,1630.0,1622.0,421.0,1757.0,2238.0,8.0,45.9,0.4936
0,1704.0,1689.0,402.0,1820.0,2480.0,7.1,50.3,0.51
0,1701.0,1692.0,402.0,1832.0,2415.0,6.2,56.9,0.5419
0,1564.0,1462.0,472.0,1574.0,2181.0,6.3,57.9,0.5575
0,1441.0,1314.0,517.0,1389.0,2051.0,6.2,56.8,0.5421
0,1376.0,1209.0,549.0,1283.0,2041.0,6.1,54.7,0.5201
0,1412.0,1216.0,543.0,1300.0,2059.0,6.0,55.6,0.5244
0,1352.0,1137.0,567.0,1234.0,2016.0,5.1,59.0,0.5248
0,1285.0,1052.0,605.0,1164.0,1967.0,5.1,58.4,0.517
0,1263.0,997.0,625.0,1140.0,1960.0,4.7,60.8,0.5232
0,1200.0,929.0,664.0,1082.0,1847.0,4.2,63.1,0.5259
0,1187.0,931.0,669.0,1093.0,1792.0,4.3,64.1,0.537
2,1166.0,909.0,691.0,1079.0,1680.0,4.8,61.9,0.537
0,1209.0,958.0,666.0,1124.0,1662.0,5.3,61.1,0.5499
0,1349.0,1136.0,575.0,1299.0,1810.0,5.7,61.3,0.5657
0,1458.0,1307.0,497.0,1483.0,2103.0,6.1,60.5,0.5719
0,1462.0,1263.0,510.0,1421.0,2082.0,6.7,59.7,0.589
0,1448.0,1263.0,511.0,1428.0,1971.0,7.2,58.6,0.5986
0,1419.0,1254.0,524.0,1406.0,1950.0,8.0,55.9,0.6018
0,1561.0,1425.0,465.0,1624.0,2101.0,9.8,52.4,0.6349
0,1558.0,1375.0,471.0,1563.0,2112.0,10.5,51.1,0.6503
0,1438.0,1208.0,528.0,1405.0,1962.0,10.8,52.4,0.6767
0,1532.0,1356.0,474.0,1610.0,2033.0,10.6,55.3,0.7058
0,1522.0,1337.0,479.0,1578.0,2034.0,10.4,57.0,0.7167
0,1514.0,1338.0,474.0,1598.0,2018.0,10.2,58.3,0.7256
0,1505.0,1168.0,525.0,1447.0,2066.0,9.4,66.1,0.7816
0,1458.0,1123.0,540.0,1395.0,2030.0,9.6,65.9,0.7869
0,1431.0,1100.0,553.0,1385.0,1913.0,9.5,66.2,0.7882
0,1366.0,1027.0,583.0,1328.0,1901.0,9.2,67.3,0.7851
0,1332.0,997.0,601.0,1304.0,1783.0,9.1,68.7,0.7925
0,1243.0,924.0,648.0,1250.0,1534.0,9.0,69.8,0.8039
0,1251.0,924.0,644.0,1246.0,1568.0,8.9,70.5,0.8056
0,1259.0,944.0,631.0,1267.0,1622.0,8.9,70.4,0.8074
0,1268.0,926.0,645.0,1247.0,1628.0,9.1,69.6,0.8045
0,1288.0,956.0,623.0,1272.0,1553.0,9.0,70.8,0.8173
0,1410.0,1015.0,594.0,1319.0,1769.0,9.8,68.6,0.8324
0,1374.0,999.0,598.0,1316.0,1776.0,10.2,67.3,0.8373
0,1458.0,1090.0,553.0,1383.0,1898.0,10.7,65.0,0.8378
0,1609.0,1243.0,505.0,1491.0,2100.0,11.4,62.9,0.8454
0,1424.0,1090.0,566.0,1351.0,1896.0,12.2,61.1,0.8652
0,1331.0,966.0,633.0,1266.0,1745.0,12.1,61.8,0.8723
0,1434.0,1093.0,561.0,1366.0,1893.0,11.7,65.6,0.898
0,1542.0,1161.0,531.0,1435.0,1972.0,11.4,67.9,0.9119
0,1651.0,1234.0,501.0,1513.0,2020.0,11.2,70.8,0.9386
0,1633.0,1240.0,496.0,1555.0,1906.0,10.9,75.9,0.9868
0,1739.0,1333.0,460.0,1689.0,1832.0,11.3,78.3,1.0455
0,1523.0,1132.0,541.0,1488.0,1470.0,10.3,82.8,1.0369
0,1543.0,1174.0,521.0,1542.0,1494.0,10.4,82.5,1.0406
0,1469.0,1086.0,564.0,1485.0,1394.0,11.0,81.7,1.0727
0,1271.0,886.0,688.0,1321.0,1113.0,11.7,79.8,1.0964
2,1161.0,810.0,775.0,1281.0,958.0,11.6,80.0,1.0924
2,1053.0,680.0,890.0,1166.0,807.0,11.3,80.1,1.0741
2,916.0,541.0,1143.0,1064.0,536.0,11.7,74.1,1.0167
2,900.0,522.0,1242.0,1070.0,471.0,10.8,78.7,1.0202
2,855.0,479.0,1319.0,1068.0,450.0,10.7,81.5,1.0497
2,848.0,464.0,1425.0,1062.0,438.0,10.9,80.3,1.0444
2,873.0,485.0,1305.0,1083.0,512.0,10.7,80.7,1.0377
2,945.0,569.0,1140.0,1135.0,632.0,10.5,81.8,1.0416
2,1003.0,618.0,1003.0,1159.0,754.0,10.4,82.9,1.0419
2,1041.0,659.0,908.0,1188.0,792.0,10.6,82.1,1.0451
2,1036.0,685.0,942.0,1168.0,776.0,11.5,72.6,0.9846
2,1124.0,799.0,775.0,1231.0,969.0,12.8,65.5,0.964
2,1130.0,803.0,772.0,1230.0,975.0,13.9,60.9,0.9644
2,991.0,632.0,981.0,1114.0,637.0,14.9,57.9,0.9726
2,988.0,596.0,1056.0,1118.0,541.0,14.8,63.5,1.0592
2,1163.0,801.0,772.0,1288.0,876.0,13.6,68.9,1.0699
2,1226.0,853.0,725.0,1307.0,1029.0,13.6,68.9,1.0661
0,1286.0,942.0,687.0,1362.0,1103.0,13.5,67.1,1.0357
0,1423.0,1116.0,553.0,1531.0,1369.0,12.3,75.4,1.0768
0,1408.0,1088.0,560.0,1504.0,1381.0,11.7,80.0,1.0938
2,1178.0,866.0,700.0,1342.0,1094.0,11.8,82.7,1.1381
2,985.0,701.0,877.0,1187.0,835.0,11.8,77.5,1.0741
2,1113.0,776.0,828.0,1217.0,881.0,12.0,72.3,1.0095
2,1178.0,873.0,700.0,1328.0,987.0,11.2,79.6,1.0587
2,1024.0,705.0,876.0,1168.0,807.0,11.5,74.2,1.0063
2,954.0,630.0,988.0,1107.0,664.0,11.6,68.9,0.9411
2,875.0,548.0,1165.0,1049.0,525.0,11.5,67.4,0.9106
2,877.0,526.0,1171.0,1023.0,496.0,11.7,64.6,0.8888
2,826.0,465.0,1322.0,978.0,433.0,11.9,61.1,0.8527
2,862.0,535.0,1193.0,1020.0,524.0,12.5,57.3,0.8269
2,938.0,653.0,970.0,1100.0,747.0,12.3,60.1,0.8562
2,1205.0,943.0,688.0,1361.0,1052.0,11.5,68.7,0.9302
0,1171.0,978.0,637.0,1374.0,1092.0,12.5,63.2,0.9113
2,1131.0,926.0,684.0,1324.0,1036.0,12.9,63.2,0.9335
2,1074.0,832.0,748.0,1230.0,934.0,13.5,59.9,0.9261
2,1062.0,822.0,764.0,1228.0,917.0,13.4,61.3,0.9379
2,1045.0,800.0,796.0,1193.0,839.0,14.4,57.1,0.9309
2,1034.0,763.0,840.0,1192.0,761.0,15.0,57.2,0.9698
2,1186.0,899.0,695.0,1332.0,926.0,12.4,72.6,1.0422
0,1256.0,996.0,625.0,1417.0,1104.0,12.8,73.6,1.0851
2,1138.0,854.0,735.0,1276.0,911.0,13.3,68.2,1.0356
2,1138.0,891.0,721.0,1295.0,918.0,13.4,66.6,1.0187
2,1114.0,899.0,710.0,1279.0,948.0,13.3,63.6,0.9661
2,1107.0,905.0,705.0,1288.0,966.0,12.9,62.4,0.9258
2,1117.0,876.0,706.0,1264.0,1057.0,12.4,64.7,0.9266
2,1090.0,812.0,753.0,1213.0,1001.0,12.1,65.6,0.9222
2,954.0,665.0,916.0,1119.0,777.0,11.3,69.8,0.932
2,987.0,715.0,884.0,1145.0,797.0,11.0,68.7,0.9001
2,969.0,659.0,945.0,1082.0,691.0,11.1,65.3,0.8601
2,939.0,648.0,949.0,1084.0,680.0,10.2,66.9,0.8323
2,961.0,654.0,925.0,1084.0,755.0,9.5,70.1,0.8343
2,916.0,623.0,962.0,1064.0,725.0,9.8,69.4,0.8397
2,835.0,484.0,1266.0,961.0,432.0,10.7,62.5,0.802
2,885.0,572.0,1081.0,1031.0,612.0,10.4,64.8,0.8138
2,1088.0,839.0,760.0,1236.0,951.0,9.7,73.1,0.8772
0,1358.0,1158.0,529.0,1537.0,1326.0,9.3,77.0,0.9018
0,1456.0,1389.0,443.0,1808.0,1504.0,9.1,77.1,0.8947
0,1274.0,1159.0,545.0,1493.0,1326.0,10.6,67.9,0.8666
2,1092.0,946.0,691.0,1234.0,1043.0,12.7,56.7,0.8304
2,1111.0,993.0,662.0,1287.0,1058.0,13.0,53.9,0.8029
0,1177.0,1143.0,574.0,1443.0,1205.0,13.9,49.0,0.7727
0,1199.0,1138.0,581.0,1452.0,1203.0,14.4,49.2,0.8027
2,1121.0,1003.0,656.0,1323.0,1058.0,14.3,48.6,0.79
0,1252.0,1164.0,559.0,1474.0,1257.0,13.6,52.8,0.8177
0,1233.0,1144.0,575.0,1436.0,1271.0,13.1,54.3,0.8167
0,1215.0,1063.0,616.0,1370.0,1214.0,12.4,59.3,0.853
0,1193.0,1020.0,645.0,1340.0,1135.0,12.1,61.5,0.8677
0,1195.0,1026.0,637.0,1342.0,1150.0,12.0,60.8,0.852
0,1301.0,1080.0,579.0,1435.0,1248.0,11.0,73.8,0.9677
2,1126.0,828.0,722.0,1250.0,955.0,9.6,82.9,0.99
2,1013.0,687.0,872.0,1135.0,726.0,8.6,83.5,0.9372
2,982.0,645.0,922.0,1107.0,708.0,8.7,83.0,0.9393
2,970.0,642.0,922.0,1107.0,704.0,8.8,81.2,0.9214
2,959.0,637.0,958.0,1107.0,667.0,8.9,79.0,0.9032
2,925.0,598.0,978.0,1079.0,662.0,9.0,76.5,0.8828
2,847.0,502.0,1198.0,1020.0,508.0,9.0,75.8,0.8721
2,885.0,534.0,1144.0,1036.0,529.0,9.1,73.9,0.8576
2,883.0,549.0,1019.0,1025.0,607.0,9.4,70.9,0.8386
2,892.0,587.0,1070.0,1041.0,623.0,10.1,65.9,0.8148
2,970.0,678.0,916.0,1101.0,732.0,10.1,64.6,0.7967
2,904.0,644.0,949.0,1036.0,697.0,9.3,64.7,0.7575
2,919.0,652.0,953.0,1045.0,712.0,9.9,61.3,0.7499
2,929.0,668.0,937.0,1054.0,696.0,10.6,59.9,0.7674
2,938.0,729.0,874.0,1060.0,702.0,11.1,55.3,0.7325
2,971.0,786.0,812.0,1086.0,796.0,12.0,49.3,0.69
2,914.0,739.0,870.0,1025.0,714.0,11.6,46.8,0.6397
2,892.0,719.0,918.0,1019.0,635.0,12.0,44.0,0.6169
2,913.0,735.0,905.0,1024.0,706.0,11.8,44.3,0.6141
2,928.0,759.0,871.0,1040.0,775.0,11.3,45.4,0.6063
2,1035.0,941.0,734.0,1175.0,965.0,11.3,44.1,0.5909
2,1033.0,939.0,729.0,1159.0,979.0,11.2,45.1,0.5971
2,990.0,865.0,764.0,1130.0,902.0,10.8,47.3,0.6122
2,934.0,750.0,891.0,1035.0,798.0,10.7,47.7,0.6127
2,881.0,670.0,979.0,978.0,697.0,10.5,46.9,0.5956
2,855.0,631.0,1033.0,932.0,626.0,10.2,45.4,0.5632
2,832.0,598.0,1122.0,912.0,537.0,9.7,46.0,0.5546
2,848.0,639.0,1057.0,929.0,574.0,9.8,45.2,0.5489
2,806.0,567.0,1163.0,878.0,490.0,9.4,45.4,0.5355
2,796.0,545.0,1210.0,853.0,450.0,9.3,44.0,0.5153
2,777.0,493.0,1247.0,828.0,438.0,8.8,45.2,0.5134
2,785.0,505.0,1226.0,829.0,428.0,8.7,45.6,0.5128
2,766.0,470.0,1317.0,810.0,404.0,8.5,44.8,0.498
2,808.0,534.0,1243.0,853.0,480.0,8.7,43.4,0.4905
2,975.0,822.0,852.0,1049.0,876.0,8.5,43.6,0.4865
2,943.0,816.0,828.0,1033.0,868.0,8.8,42.0,0.4773
2,886.0,764.0,920.0,946.0,740.0,10.8,35.1,0.4549
2,861.0,716.0,973.0,921.0,628.0,11.7,34.4,0.4712
2,881.0,734.0,961.0,925.0,636.0,12.6,31.7,0.4613
2,855.0,741.0,965.0,901.0,616.0,12.5,30.3,0.4367
2,855.0,725.0,983.0,898.0,613.0,11.4,32.8,0.4424
2,844.0,689.0,1040.0,867.0,545.0,12.1,31.1,0.4383
2,900.0,794.0,906.0,930.0,710.0,12.3,29.7,0.4226
2,883.0,751.0,962.0,922.0,661.0,9.8,36.4,0.4414
2,994.0,903.0,781.0,1079.0,922.0,9.3,40.8,0.4781
2,927.0,774.0,883.0,976.0,755.0,8.6,45.1,0.5038
2,1078.0,987.0,718.0,1152.0,1015.0,9.3,41.7,0.4884
2,952.0,788.0,849.0,1018.0,876.0,8.7,44.3,0.4998
2,882.0,660.0,991.0,922.0,727.0,8.0,47.6,0.5113
2,924.0,724.0,946.0,969.0,781.0,7.7,47.2,0.4975
2,987.0,823.0,827.0,1027.0,893.0,7.2,50.2,0.5118
2,930.0,752.0,889.0,981.0,820.0,6.9,50.3,0.5029
2,861.0,654.0,995.0,919.0,632.0,6.7,50.7,0.4998
2,783.0,522.0,1241.0,832.0,458.0,7.6,46.4,0.4869
2,744.0,431.0,1539.0,778.0,345.0,7.4,45.7,0.4714
2,753.0,426.0,1568.0,792.0,337.0,6.9,49.3,0.4913
2,787.0,452.0,1400.0,823.0,370.0,7.8,48.1,0.5095
2,820.0,506.0,1221.0,871.0,466.0,8.1,47.8,0.5157
2,840.0,552.0,1152.0,893.0,510.0,8.5,46.7,0.5191
2,897.0,656.0,953.0,964.0,641.0,8.9,44.1,0.5039
2,989.0,793.0,815.0,1052.0,862.0,9.4,42.5,0.5038
2,909.0,737.0,909.0,941.0,753.0,10.8,36.3,0.4712
2,865.0,697.0,1002.0,883.0,589.0,11.9,30.6,0.4264
2,924.0,821.0,899.0,955.0,704.0,12.2,29.7,0.4205
2,912.0,794.0,885.0,943.0,731.0,12.0,31.1,0.434
2,872.0,717.0,991.0,882.0,592.0,12.7,28.4,0.416
2,917.0,794.0,907.0,946.0,740.0,13.3,27.5,0.4185
2,962.0,883.0,818.0,996.0,896.0,11.4,30.8,0.4148
2,932.0,817.0,883.0,942.0,854.0,9.8,34.0,0.4112
2,930.0,781.0,933.0,906.0,866.0,9.3,33.6,0.3958
2,962.0,780.0,919.0,909.0,884.0,9.6,32.3,0.3871
2,974.0,790.0,915.0,895.0,951.0,9.1,32.5,0.3766
2,1055.0,791.0,845.0,936.0,1195.0,9.1,37.2,0.431
2,1003.0,744.0,882.0,899.0,1138.0,7.8,38.4,0.4085
2,1046.0,724.0,848.0,898.0,1201.0,8.2,40.1,0.4375
2,1275.0,930.0,649.0,1024.0,1617.0,5.3,50.7,0.4564
2,1173.0,878.0,738.0,1002.0,1355.0,5.9,50.0,0.4689
2,1163.0,881.0,748.0,1001.0,1296.0,4.9,53.9,0.4693
2,1054.0,791.0,830.0,967.0,1131.0,4.3,55.3,0.465
2,1004.0,753.0,879.0,942.0,1036.0,4.2,57.1,0.4759
2,1001.0,777.0,859.0,954.0,1009.0,3.5,58.3,0.4636
2,974.0,736.0,888.0,945.0,966.0,3.0,60.7,0.4667
2,915.0,653.0,973.0,905.0,901.0,2.6,63.2,0.4721
2,939.0,649.0,996.0,897.0,879.0,3.9,59.0,0.4807
2,973.0,748.0,878.0,968.0,991.0,4.7,57.2,0.4932
2,1011.0,782.0,846.0,992.0,1019.0,6.8,48.6,0.4822
2,1097.0,875.0,778.0,1080.0,1151.0,8.6,43.6,0.4887
2,1149.0,914.0,742.0,1072.0,1242.0,9.5,41.2,0.4908
2,1117.0,934.0,721.0,1075.0,1206.0,10.9,35.9,0.468
2,1085.0,896.0,760.0,1049.0,1138.0,12.5,32.3,0.467
2,1102.0,885.0,772.0,1051.0,1142.0,12.8,32.6,0.4814
0,1281.0,1053.0,659.0,1192.0,1438.0,10.9,39.7,0.5166
0,1472.0,1198.0,555.0,1344.0,1735.0,9.0,51.8,0.5961
0,1328.0,1029.0,637.0,1188.0,1611.0,8.1,54.1,0.5882
2,1198.0,897.0,720.0,1072.0,1436.0,7.8,54.6,0.5786
2,1176.0,905.0,718.0,1104.0,1389.0,6.2,59.6,0.5698
2,1118.0,830.0,765.0,1058.0,1313.0,5.7,59.9,0.5523
2,1091.0,773.0,820.0,1003.0,1232.0,5.6,59.7,0.5463
2,1078.0,775.0,809.0,1012.0,1195.0,4.7,62.9,0.5424
2,1043.0,726.0,875.0,972.0,1107.0,4.5,63.5,0.5411
2,992.0,685.0,916.0,963.0,1035.0,4.5,63.6,0.5414
2,1004.0,739.0,868.0,1004.0,1030.0,3.1,70.0,0.5388
2,947.0,673.0,929.0,974.0,929.0,3.2,68.3,0.531
2,923.0,634.0,984.0,943.0,875.0,3.1,69.2,0.5337
2,911.0,613.0,992.0,934.0,861.0,2.4,71.9,0.5288
2,924.0,629.0,994.0,941.0,852.0,3.1,68.7,0.5317
2,954.0,674.0,940.0,981.0,891.0,2.1,73.1,0.5289
2,960.0,704.0,887.0,1003.0,947.0,3.3,68.2,0.5346
2,1016.0,760.0,835.0,1044.0,1016.0,4.1,65.8,0.5451
2,1139.0,879.0,753.0,1092.0,1201.0,6.6,56.6,0.5528
2,1130.0,860.0,752.0,1058.0,1218.0,8.0,51.2,0.5516
2,1237.0,962.0,685.0,1138.0,1385.0,10.3,44.9,0.5612
2,1159.0,837.0,742.0,1087.0,1311.0,12.3,41.7,0.5961
2,1124.0,790.0,791.0,1071.0,1206.0,13.5,41.3,0.6342
0,1312.0,998.0,640.0,1249.0,1473.0,13.4,43.1,0.66
0,1246.0,936.0,665.0,1182.0,1460.0,9.9,53.3,0.6504
0,1232.0,931.0,674.0,1171.0,1627.0,8.9,54.6,0.6226
0,1286.0,996.0,644.0,1217.0,1827.0,8.9,54.8,0.6244
0,1347.0,1084.0,582.0,1290.0,2004.0,8.3,58.2,0.6391
2,1135.0,792.0,727.0,1170.0,1151.0,9.5,69.5,0.8261
2,1188.0,901.0,657.0,1261.0,1185.0,9.1,70.9,0.8176
0,1242.0,921.0,626.0,1219.0,1374.0,8.1,72.1,0.7798
2,1219.0,889.0,649.0,1186.0,1405.0,7.9,72.1,0.7679
2,1187.0,850.0,653.0,1169.0,1383.0,7.6,72.7,0.7598
2,1225.0,904.0,644.0,1194.0,1460.0,7.5,71.7,0.7439
0,1333.0,1019.0,576.0,1275.0,1612.0,7.9,70.6,0.7562
0,1489.0,1193.0,497.0,1475.0,1776.0,8.6,69.0,0.7732
0,1596.0,1341.0,436.0,1672.0,1991.0,9.1,67.5,0.7831
0,1585.0,1277.0,456.0,1567.0,1944.0,9.8,65.8,0.7967
0,1674.0,1376.0,438.0,1643.0,2098.0,11.2,61.9,0.8226
0,1741.0,1438.0,416.0,1741.0,2159.0,12.8,60.1,0.882
0,1680.0,1434.0,417.0,1790.0,2005.0,13.4,62.4,0.9513
0,1295.0,1090.0,553.0,1479.0,1441.0,14.3,61.2,0.9941
0,1288.0,1112.0,560.0,1492.0,1380.0,14.6,59.6,0.9824
0,1281.0,1111.0,553.0,1483.0,1409.0,14.2,60.0,0.9684
0,1310.0,1099.0,559.0,1481.0,1445.0,13.8,62.6,0.9862
0,1276.0,1099.0,559.0,1504.0,1388.0,13.6,64.0,0.9891
0,1312.0,1148.0,532.0,1525.0,1411.0,13.4,64.5,0.9865
0,1332.0,1146.0,539.0,1523.0,1377.0,13.5,64.7,0.9971
0,1248.0,1046.0,588.0,1404.0,1316.0,13.4,65.3,0.9967
0,1182.0,947.0,643.0,1334.0,1210.0,13.2,64.5,0.9732
2,1059.0,810.0,764.0,1200.0,1002.0,13.2,62.3,0.9392
2,1056.0,795.0,783.0,1187.0,896.0,12.5,63.7,0.9196
2,1064.0,785.0,769.0,1184.0,946.0,12.3,64.6,0.9229
2,1059.0,783.0,781.0,1188.0,877.0,12.5,63.8,0.9244
2,991.0,681.0,874.0,1125.0,718.0,12.6,62.7,0.9121
2,950.0,622.0,960.0,1093.0,643.0,12.0,64.6,0.906
2,1005.0,679.0,875.0,1120.0,745.0,10.7,69.5,0.8919
2,939.0,568.0,1037.0,1054.0,656.0,12.4,62.6,0.8994
2,961.0,629.0,1011.0,1114.0,682.0,12.3,62.7,0.8947
2,1017.0,712.0,827.0,1147.0,829.0,11.4,66.6,0.8948
2,1108.0,823.0,720.0,1247.0,961.0,11.1,70.2,0.9276
2,1122.0,803.0,733.0,1225.0,960.0,13.4,61.0,0.9348
2,1099.0,826.0,739.0,1223.0,940.0,15.9,52.2,0.9377
2,1124.0,805.0,726.0,1233.0,938.0,15.6,54.0,0.9515
1,1186.0,921.0,660.0,1310.0,1040.0,16.3,51.5,0.9462
2,1096.0,819.0,733.0,1238.0,904.0,16.5,50.8,0.9442
2,1120.0,829.0,725.0,1259.0,910.0,16.3,51.9,0.9535
1,1185.0,893.0,666.0,1312.0,1011.0,16.2,53.0,0.9687
2,1173.0,885.0,685.0,1288.0,1038.0,15.6,54.8,0.966
0,1221.0,935.0,642.0,1323.0,1144.0,14.5,57.5,0.944
0,1330.0,1063.0,578.0,1419.0,1352.0,14.0,60.1,0.9566
0,1325.0,1027.0,591.0,1394.0,1365.0,13.5,63.0,0.9686
2,1195.0,915.0,666.0,1295.0,1245.0,12.6,65.4,0.9529
2,1150.0,869.0,694.0,1252.0,1203.0,12.0,67.5,0.9413
2,1145.0,806.0,736.0,1207.0,1120.0,10.5,72.0,0.912
2,1041.0,729.0,819.0,1130.0,972.0,10.0,70.9,0.8706
2,1032.0,687.0,867.0,1109.0,878.0,9.8,70.7,0.8571
2,1010.0,661.0,881.0,1100.0,853.0,8.0,75.0,0.8098
2,951.0,620.0,938.0,1077.0,779.0,7.9,75.1,0.805
2,944.0,617.0,944.0,1039.0,766.0,7.0,77.3,0.7782
2,862.0,540.0,1110.0,999.0,670.0,7.2,74.4,0.7581
2,909.0,567.0,1049.0,993.0,694.0,6.7,75.0,0.7418
2,965.0,659.0,973.0,1059.0,739.0,6.4,76.3,0.7389
2,1102.0,884.0,719.0,1218.0,940.0,6.0,78.5,0.7377
0,1226.0,1157.0,552.0,1464.0,1201.0,6.3,77.4,0.7452
2,1132.0,950.0,659.0,1253.0,1106.0,7.7,73.8,0.7769
0,1183.0,1013.0,632.0,1306.0,1186.0,10.2,61.5,0.7638
0,1211.0,998.0,605.0,1298.0,1302.0,11.3,58.1,0.7743
0,1253.0,1030.0,590.0,1351.0,1368.0,10.6,62.3,0.7981
0,1311.0,1088.0,563.0,1402.0,1452.0,11.1,62.0,0.8199
0,1341.0,1142.0,536.0,1454.0,1537.0,12.6,57.7,0.8387
0,1432.0,1195.0,509.0,1513.0,1651.0,13.3,56.2,0.8548
0,1404.0,1195.0,499.0,1501.0,1623.0,11.2,65.3,0.8639
0,1493.0,1337.0,466.0,1638.0,1742.0,8.8,74.6,0.8434
0,1478.0,1357.0,473.0,1652.0,1639.0,7.2,78.5,0.803
0,1411.0,1311.0,487.0,1589.0,1537.0,6.5,80.0,0.7789
0,1387.0,1231.0,523.0,1487.0,1463.0,5.8,83.8,0.7768
0,1306.0,1161.0,557.0,1407.0,1379.0,5.5,83.5,0.7619
0,1232.0,1035.0,623.0,1296.0,1256.0,5.8,81.3,0.7568
0,1277.0,1085.0,589.0,1329.0,1344.0,5.4,82.6,0.7495
2,1063.0,843.0,762.0,1125.0,1089.0,6.4,76.3,0.7369
2,991.0,744.0,863.0,1069.0,949.0,7.0,73.6,0.7417
2,989.0,701.0,871.0,1049.0,933.0,7.2,72.3,0.7392
2,972.0,674.0,926.0,1032.0,882.0,7.9,69.3,0.7413
2,973.0,675.0,903.0,1029.0,905.0,7.4,71.7,0.7434
2,985.0,691.0,878.0,1056.0,902.0,7.7,71.9,0.7575
2,1020.0,736.0,854.0,1069.0,923.0,8.1,68.0,0.7396
2,1192.0,978.0,638.0,1273.0,1210.0,6.7,77.1,0.7597
0,1325.0,1140.0,542.0,1403.0,1468.0,6.8,77.9,0.7756
0,1219.0,1026.0,604.0,1311.0,1329.0,8.9,66.7,0.7634
0,1195.0,992.0,632.0,1251.0,1295.0,11.6,54.1,0.7387
0,1230.0,1020.0,605.0,1301.0,1365.0,13.5,49.4,0.7598
0,1312.0,1087.0,567.0,1393.0,1452.0,13.8,50.9,0.796
0,1387.0,1127.0,530.0,1430.0,1615.0,13.4,55.9,0.8588
0,1375.0,1076.0,555.0,1377.0,1599.0,12.9,59.0,0.8736
0,1532.0,1265.0,482.0,1578.0,1777.0,13.3,59.0,0.8945
0,1531.0,1235.0,484.0,1541.0,1742.0,13.0,61.9,0.9224
0,1479.0,1196.0,498.0,1511.0,1739.0,12.5,63.6,0.9193
0,1521.0,1208.0,497.0,1549.0,1770.0,12.2,65.8,0.931
0,1616.0,1363.0,442.0,1701.0,1918.0,12.6,65.2,0.9474
0,1371.0,1105.0,553.0,1429.0,1581.0,13.3,63.6,0.9681
0,1198.0,943.0,647.0,1307.0,1291.0,13.5,62.6,0.9644
2,1102.0,813.0,764.0,1204.0,1000.0,14.1,59.6,0.9563
2,1120.0,826.0,750.0,1222.0,974.0,14.0,61.4,0.9773
2,1093.0,789.0,771.0,1206.0,949.0,13.5,63.4,0.9755
2,1112.0,791.0,764.0,1216.0,934.0,13.2,64.2,0.9706
2,986.0,674.0,883.0,1137.0,730.0,13.6,62.2,0.9643
2,934.0,609.0,976.0,1094.0,581.0,13.7,61.1,0.9537
2,919.0,571.0,1017.0,1082.0,521.0,13.5,63.8,0.9801
2,929.0,556.0,1035.0,1094.0,575.0,12.5,67.3,0.9743
2,919.0,552.0,1063.0,1080.0,522.0,13.2,64.2,0.9664
2,944.0,586.0,977.0,1090.0,586.0,13.1,63.4,0.9535
2,943.0,580.0,980.0,1074.0,566.0,13.8,60.5,0.9526
2,1036.0,683.0,846.0,1144.0,693.0,13.7,60.4,0.939
2,1168.0,797.0,698.0,1235.0,1022.0,14.0,59.7,0.9495
0,1232.0,903.0,626.0,1313.0,1152.0,15.0,56.2,0.9539
1,1236.0,901.0,628.0,1311.0,1108.0,16.9,50.9,0.9714
0,1278.0,1070.0,557.0,1479.0,1110.0,16.6,52.4,0.981
0,1369.0,1242.0,476.0,1669.0,1306.0,16.4,53.2,0.9826
1,1182.0,929.0,648.0,1324.0,1029.0,16.1,52.8,0.9579
1,1210.0,933.0,648.0,1327.0,1094.0,15.7,54.4,0.9616
0,1316.0,1121.0,548.0,1488.0,1282.0,15.4,55.3,0.9616
0,1221.0,952.0,641.0,1334.0,1147.0,15.2,54.7,0.9362
0,1260.0,1034.0,588.0,1402.0,1208.0,14.7,56.6,0.9392
0,1231.0,962.0,625.0,1348.0,1192.0,14.4,58.2,0.9495
2,1115.0,804.0,734.0,1220.0,1136.0,14.3,59.2,0.9608
2,1180.0,877.0,680.0,1297.0,1131.0,14.0,60.4,0.9622
2,1174.0,873.0,672.0,1300.0,1071.0,13.7,63.6,0.9912
2,1178.0,876.0,666.0,1319.0,1059.0,13.1,68.7,1.0329
2,1052.0,704.0,807.0,1210.0,909.0,13.2,69.9,1.0526
2,998.0,591.0,937.0,1147.0,820.0,12.8,71.2,1.0454
2,960.0,532.0,1059.0,1122.0,724.0,12.9,70.4,1.0444
2,958.0,571.0,998.0,1138.0,707.0,12.4,72.5,1.0411
2,989.0,650.0,900.0,1171.0,768.0,13.0,70.3,1.0502
2,1162.0,843.0,685.0,1336.0,1027.0,12.3,73.3,1.0448
0,1523.0,1324.0,451.0,1776.0,1502.0,12.8,71.8,1.0551
0,1511.0,1334.0,433.0,1804.0,1606.0,13.1,70.2,1.0567
0,1420.0,1183.0,488.0,1626.0,1520.0,12.8,71.8,1.0551
0,1413.0,1193.0,484.0,1598.0,1566.0,13.1,70.3,1.0566
0,1335.0,1141.0,512.0,1536.0,1501.0,13.7,67.0,1.0446
0,1451.0,1298.0,452.0,1744.0,1634.0,14.0,65.4,1.0427
0,1410.0,1276.0,459.0,1701.0,1587.0,14.4,63.8,1.0421
0,1429.0,1277.0,456.0,1721.0,1560.0,14.1,65.9,1.0531
0,1409.0,1223.0,475.0,1640.0,1538.0,14.1,65.9,1.0552
0,1372.0,1210.0,484.0,1629.0,1491.0,14.1,66.0,1.0539
0,1366.0,1213.0,489.0,1611.0,1469.0,14.0,66.4,1.0536
0,1365.0,1192.0,492.0,1593.0,1486.0,13.8,66.4,1.0451
0,1385.0,1218.0,478.0,1620.0,1494.0,13.4,68.1,1.0441
0,1361.0,1137.0,503.0,1526.0,1471.0,13.2,69.1,1.0452
0,1312.0,1047.0,545.0,1430.0,1399.0,13.0,70.0,1.042
2,1177.0,871.0,660.0,1292.0,1192.0,12.7,69.9,1.0223
2,1205.0,888.0,647.0,1292.0,1187.0,12.0,71.9,1.0071
2,1114.0,757.0,744.0,1204.0,1070.0,13.2,66.8,1.0087
2,1047.0,708.0,816.0,1167.0,949.0,12.4,69.5,0.9986
2,982.0,592.0,953.0,1106.0,830.0,13.1,65.7,0.9858
2,992.0,644.0,899.0,1128.0,854.0,11.8,70.6,0.9731
2,977.0,629.0,908.0,1129.0,835.0,12.3,68.0,0.9734
2,1047.0,671.0,863.0,1147.0,887.0,12.0,69.2,0.9697
2,1126.0,775.0,760.0,1205.0,1019.0,11.7,69.8,0.9612
0,1474.0,1268.0,502.0,1677.0,1503.0,12.1,67.6,0.95
0,1526.0,1466.0,415.0,1855.0,1687.0,12.5,65.1,0.9399
0,1386.0,1158.0,518.0,1485.0,1553.0,12.8,62.5,0.9213
0,1392.0,1166.0,519.0,1488.0,1624.0,13.4,59.9,0.9143
0,1363.0,1192.0,499.0,1501.0,1637.0,13.4,57.9,0.8895
0,1331.0,1184.0,507.0,1508.0,1533.0,13.6,56.4,0.8754
0,1401.0,1261.0,479.0,1580.0,1577.0,13.8,56.3,0.8841
0,1374.0,1239.0,483.0,1569.0,1532.0,13.7,57.9,0.9063
0,1436.0,1299.0,451.0,1616.0,1621.0,13.6,58.9,0.9139
0,1386.0,1228.0,479.0,1546.0,1578.0,13.4,59.7,0.9142
0,1419.0,1277.0,459.0,1603.0,1631.0,13.3,61.2,0.933
0,1428.0,1288.0,465.0,1580.0,1629.0,13.2,61.8,0.9313
0,1508.0,1416.0,418.0,1773.0,1733.0,12.9,61.5,0.9139
0,1438.0,1251.0,470.0,1593.0,1622.0,12.6,63.9,0.9307
0,1415.0,1197.0,486.0,1539.0,1597.0,12.0,67.4,0.9417
0,1433.0,1186.0,479.0,1497.0,1738.0,11.9,69.0,0.9568
0,1208.0,964.0,602.0,1305.0,1350.0,12.0,66.6,0.9293
0,1280.0,1029.0,564.0,1366.0,1363.0,11.4,69.6,0.9373
0,1174.0,942.0,626.0,1296.0,1262.0,11.2,70.3,0.9323
2,1022.0,729.0,803.0,1139.0,1034.0,11.5,68.2,0.9271
2,1002.0,722.0,807.0,1161.0,998.0,10.7,71.3,0.9161
2,1018.0,746.0,800.0,1171.0,958.0,10.0,74.8,0.9161
2,1095.0,868.0,676.0,1241.0,1078.0,9.2,78.5,0.9143
2,1182.0,951.0,634.0,1327.0,1143.0,8.8,79.4,0.9033
0,1478.0,1234.0,470.0,1606.0,1551.0,8.7,79.4,0.8944
0,1515.0,1298.0,434.0,1706.0,1669.0,8.9,76.5,0.8767
0,1488.0,1286.0,452.0,1648.0,1766.0,9.9,73.3,0.8936
0,1383.0,1196.0,497.0,1514.0,1717.0,11.8,65.5,0.901
0,1383.0,1218.0,497.0,1506.0,1738.0,13.0,60.9,0.9061
0,1337.0,1231.0,505.0,1518.0,1611.0,14.7,52.3,0.8687
0,1243.0,1155.0,546.0,1473.0,1398.0,15.1,49.6,0.8428
0,1304.0,1244.0,507.0,1558.0,1497.0,15.7,48.8,0.8657
0,1284.0,1216.0,522.0,1545.0,1415.0,15.8,48.9,0.8707
0,1303.0,1226.0,521.0,1554.0,1457.0,14.6,54.0,0.8946
0,1461.0,1440.0,440.0,1806.0,1669.0,14.3,56.3,0.9119
0,1517.0,1512.0,421.0,1902.0,1740.0,14.1,57.8,0.9262
0,1526.0,1492.0,428.0,1883.0,1770.0,13.1,62.9,0.943
0,1495.0,1386.0,457.0,1736.0,1734.0,12.0,67.5,0.9467
0,1333.0,1154.0,534.0,1441.0,1647.0,10.7,70.9,0.9113
0,1216.0,1020.0,605.0,1337.0,1379.0,10.0,73.2,0.8988
0,1232.0,1032.0,599.0,1347.0,1331.0,9.4,75.0,0.8874
0,1181.0,985.0,629.0,1312.0,1240.0,8.5,76.9,0.8557
2,1042.0,814.0,746.0,1167.0,1036.0,8.4,75.9,0.8407
2,1027.0,824.0,753.0,1171.0,969.0,6.9,80.7,0.8054
2,915.0,695.0,883.0,1094.0,826.0,6.2,82.1,0.7825
2,891.0,666.0,931.0,1058.0,798.0,7.0,77.3,0.7759
2,937.0,694.0,915.0,1054.0,817.0,6.5,79.7,0.7751
2,1086.0,901.0,715.0,1216.0,1055.0,7.7,76.8,0.8112
0,1326.0,1190.0,531.0,1509.0,1391.0,8.2,74.9,0.8184
0,1469.0,1403.0,452.0,1780.0,1665.0,8.8,73.2,0.8298
0,1321.0,1170.0,532.0,1488.0,1539.0,9.7,70.1,0.8432
0,1396.0,1196.0,524.0,1492.0,1653.0,11.7,62.7,0.8586
0,1270.0,1077.0,583.0,1353.0,1586.0,13.1,58.5,0.877
0,1189.0,1025.0,626.0,1316.0,1332.0,14.2,54.1,0.8707
0,1227.0,1081.0,570.0,1396.0,1369.0,14.2,54.3,0.8757
0,1266.0,1118.0,564.0,1410.0,1373.0,14.0,56.3,0.894
0,1277.0,1175.0,531.0,1480.0,1397.0,13.5,57.8,0.8933
0,1438.0,1295.0,470.0,1620.0,1577.0,12.3,63.0,0.9015
0,1523.0,1470.0,414.0,1811.0,1783.0,11.4,68.0,0.9166
0,1384.0,1290.0,475.0,1571.0,1568.0,10.8,69.5,0.8995
0,1283.0,1093.0,581.0,1354.0,1356.0,11.0,67.1,0.8766
0,1304.0,1085.0,571.0,1385.0,1419.0,9.5,71.3,0.8458
2,1126.0,880.0,690.0,1202.0,1177.0,8.8,71.0,0.8089
2,1141.0,892.0,686.0,1213.0,1141.0,8.0,73.4,0.7899
2,1183.0,930.0,669.0,1210.0,1179.0,7.6,73.0,0.7629
2,1090.0,830.0,744.0,1125.0,1056.0,7.1,73.9,0.7515
2,1032.0,736.0,809.0,1064.0,973.0,7.1,73.5,0.7439
2,940.0,691.0,877.0,1036.0,827.0,6.7,75.0,0.739
2,981.0,721.0,866.0,1059.0,836.0,5.1,81.3,0.7204
2,1104.0,851.0,687.0,1101.0,1085.0,4.3,82.9,0.6968
2,989.0,762.0,793.0,1076.0,959.0,5.3,80.4,0.7234
2,1079.0,869.0,732.0,1160.0,1039.0,5.7,79.3,0.7326
0,1472.0,1418.0,459.0,1681.0,1554.0,6.8,74.8,0.7423
0,1313.0,1206.0,513.0,1469.0,1546.0,6.9,75.2,0.7505
0,1363.0,1229.0,515.0,1490.0,1638.0,8.0,71.9,0.7712
0,1347.0,1212.0,527.0,1443.0,1568.0,9.3,67.1,0.7849
0,1240.0,1140.0,567.0,1388.0,1433.0,10.2,63.6,0.7928
0,1280.0,1222.0,526.0,1519.0,1452.0,11.0,60.9,0.7966
0,1210.0,1151.0,569.0,1428.0,1345.0,11.3,60.1,0.8022
0,1216.0,1134.0,566.0,1403.0,1336.0,12.2,56.9,0.8068
0,1320.0,1207.0,535.0,1498.0,1442.0,11.9,59.1,0.8211
0,1477.0,1412.0,450.0,1704.0,1748.0,10.3,66.3,0.8286
0,1500.0,1458.0,428.0,1750.0,1776.0,8.2,74.9,0.8187
0,1512.0,1463.0,435.0,1720.0,1802.0,7.9,77.1,0.8223
0,1496.0,1447.0,435.0,1710.0,1796.0,8.3,75.0,0.8253
0,1360.0,1246.0,513.0,1504.0,1600.0,8.2,75.2,0.8185
2,1024.0,819.0,782.0,1101.0,1083.0,8.3,69.7,0.7632
2,1094.0,845.0,780.0,1127.0,1064.0,6.7,74.4,0.7344
2,1111.0,877.0,735.0,1142.0,1104.0,6.4,74.9,0.7238
2,1097.0,878.0,737.0,1140.0,1053.0,4.9,80.1,0.7011
2,1051.0,820.0,778.0,1087.0,1009.0,4.8,79.4,0.6872
2,979.0,767.0,827.0,1041.0,908.0,3.3,82.6,0.645
2,978.0,756.0,834.0,1015.0,878.0,2.4,86.6,0.6369
2,902.0,659.0,940.0,972.0,800.0,3.4,81.4,0.6425
2,957.0,641.0,1013.0,940.0,784.0,4.2,77.0,0.6439
2,973.0,728.0,902.0,1004.0,854.0,3.5,80.8,0.6406
2,1074.0,967.0,703.0,1201.0,1065.0,3.5,80.3,0.6366
2,1115.0,1012.0,650.0,1230.0,1161.0,4.0,78.5,0.645
2,1136.0,1001.0,653.0,1216.0,1192.0,4.5,76.6,0.6534
2,1128.0,977.0,673.0,1199.0,1202.0,5.6,72.3,0.6627
0,1196.0,1035.0,633.0,1259.0,1338.0,7.5,64.4,0.672
0,1267.0,1166.0,567.0,1382.0,1505.0,8.9,60.8,0.6921
0,1355.0,1244.0,536.0,1454.0,1715.0,10.6,55.3,0.7058
0,1194.0,1061.0,622.0,1257.0,1473.0,12.3,46.3,0.6597
0,1188.0,1029.0,635.0,1243.0,1433.0,12.2,47.0,0.6686
0,1279.0,1154.0,573.0,1391.0,1544.0,10.5,55.1,0.6993
0,1361.0,1223.0,525.0,1454.0,1648.0,8.7,66.3,0.7491
0,1474.0,1319.0,496.0,1524.0,1784.0,7.9,69.9,0.7487
0,1235.0,1078.0,616.0,1265.0,1519.0,7.6,65.3,0.6842
0,1289.0,1140.0,590.0,1317.0,1532.0,6.5,67.6,0.6608
2,1124.0,910.0,717.0,1112.0,1340.0,5.9,66.4,0.6226
0,1231.0,1017.0,655.0,1207.0,1414.0,5.2,70.0,0.6232
0,1289.0,1104.0,623.0,1257.0,1499.0,5.2,67.8,0.6028
2,1166.0,970.0,705.0,1136.0,1306.0,4.9,67.1,0.5863
2,1062.0,884.0,748.0,1062.0,1172.0,5.1,65.5,0.5811
2,1028.0,813.0,794.0,1019.0,1076.0,4.0,69.5,0.5706
2,1003.0,807.0,819.0,1021.0,1005.0,3.7,68.9,0.5549
2,929.0,721.0,923.0,956.0,913.0,4.5,62.7,0.5343
2,951.0,737.0,910.0,977.0,922.0,4.7,62.3,0.5368
2,1011.0,783.0,835.0,1013.0,1026.0,3.9,67.1,0.5483
2,939.0,751.0,898.0,984.0,952.0,5.7,54.5,0.5034
2,946.0,827.0,876.0,1037.0,915.0,6.1,50.3,0.4769
2,841.0,625.0,1054.0,846.0,687.0,9.0,39.5,0.4554
2,850.0,629.0,1076.0,847.0,597.0,10.7,34.4,0.4406
2,831.0,602.0,1123.0,824.0,527.0,11.1,33.4,0.4401
2,866.0,652.0,1060.0,857.0,573.0,11.9,30.8,0.4285
2,819.0,576.0,1142.0,809.0,492.0,11.4,32.0,0.431
2,833.0,584.0,1144.0,821.0,463.0,11.3,32.5,0.4334
2,877.0,642.0,1037.0,859.0,565.0,11.0,33.0,0.4331
2,892.0,668.0,1017.0,872.0,632.0,10.3,35.0,0.4377
2,899.0,674.0,1002.0,893.0,691.0,8.4,40.9,0.4542
2,1008.0,861.0,839.0,977.0,943.0,8.3,38.5,0.4228
2,1013.0,873.0,820.0,984.0,985.0,8.1,37.9,0.41
2,912.0,730.0,959.0,893.0,821.0,7.7,39.0,0.4106
2,907.0,705.0,995.0,880.0,767.0,7.0,41.5,0.4193
2,953.0,771.0,905.0,936.0,895.0,6.6,42.6,0.4179
2,916.0,701.0,954.0,899.0,791.0,6.4,44.2,0.428
2,894.0,682.0,991.0,881.0,770.0,6.0,46.0,0.4349
2,895.0,648.0,1001.0,875.0,839.0,4.4,53.1,0.4484
2,845.0,534.0,1168.0,833.0,721.0,4.0,54.3,0.4454
2,837.0,512.0,1228.0,836.0,720.0,3.7,55.8,0.4489
2,795.0,504.0,1258.0,840.0,682.0,2.6,58.6,0.4385
2,874.0,552.0,1162.0,857.0,723.0,3.2,56.0,0.4364
2,920.0,667.0,1005.0,916.0,813.0,3.6,55.4,0.4419
0,1257.0,1176.0,612.0,1357.0,1365.0,1.8,63.3,0.4464
0,1222.0,1239.0,574.0,1346.0,1472.0,2.4,60.2,0.4426
0,1196.0,1139.0,617.0,1271.0,1497.0,4.6,52.1,0.4472
0,1214.0,1153.0,612.0,1244.0,1626.0,8.2,40.5,0.4414
0,1149.0,1096.0,639.0,1219.0,1476.0,10.5,34.7,0.4393
0,1166.0,1134.0,603.0,1227.0,1531.0,11.1,33.3,0.4384
0,1170.0,1138.0,611.0,1233.0,1503.0,11.1,32.6,0.4292
0,1176.0,1209.0,588.0,1264.0,1488.0,12.4,28.3,0.4076
0,1147.0,1158.0,615.0,1200.0,1435.0,12.9,24.5,0.363
0,1294.0,1330.0,535.0,1363.0,1725.0,11.4,28.7,0.3865
0,1683.0,1831.0,374.0,1964.0,2331.0,9.2,39.3,0.4573
0,1615.0,1712.0,384.0,1811.0,2312.0,7.8,48.1,0.5115
0,1256.0,1201.0,563.0,1251.0,1699.0,7.2,50.6,0.517
0,1205.0,1098.0,610.0,1170.0,1587.0,6.0,53.3,0.5008
2,1087.0,926.0,715.0,1053.0,1390.0,5.3,55.0,0.4921
2,1092.0,875.0,751.0,1010.0,1347.0,4.2,58.1,0.4832
2,1039.0,845.0,775.0,993.0,1268.0,3.4,60.9,0.4809
2,1001.0,762.0,850.0,948.0,1155.0,3.0,60.2,0.4639
2,925.0,677.0,958.0,901.0,1024.0,3.2,58.8,0.4578
2,880.0,613.0,1016.0,878.0,968.0,3.3,57.7,0.4516
2,873.0,592.0,1076.0,869.0,915.0,4.5,53.8,0.4572
2,880.0,618.0,1023.0,893.0,928.0,3.1,59.7,0.4604
2,950.0,680.0,936.0,914.0,1028.0,4.2,57.1,0.4743
2,1039.0,855.0,783.0,1025.0,1210.0,3.4,58.5,0.4608
0,1284.0,1204.0,599.0,1337.0,1531.0,3.9,57.3,0.4661
0,1350.0,1305.0,509.0,1383.0,1745.0,4.3,56.8,0.4768
0,1476.0,1428.0,477.0,1536.0,1974.0,5.6,52.9,0.4841
0,1342.0,1215.0,542.0,1332.0,1806.0,5.5,54.9,0.4985
0,1488.0,1336.0,479.0,1483.0,1985.0,5.1,64.3,0.5697
0,1557.0,1432.0,445.0,1605.0,2068.0,5.5,66.1,0.601
0,1610.0,1502.0,420.0,1697.0,2087.0,5.5,69.3,0.6331
0,1583.0,1457.0,431.0,1640.0,1994.0,5.0,75.5,0.6667
0,1620.0,1420.0,436.0,1598.0,1971.0,5.2,76.2,0.6796
0,1605.0,1416.0,436.0,1614.0,1941.0,5.3,77.4,0.6954
0,1604.0,1496.0,410.0,1733.0,1969.0,5.0,79.6,0.7022
0,1582.0,1455.0,423.0,1725.0,1813.0,5.1,83.0,0.7352
0,1523.0,1342.0,466.0,1588.0,1677.0,6.4,82.9,0.8022
2,1172.0,813.0,774.0,1233.0,1118.0,10.3,74.0,0.9237
2,1021.0,670.0,932.0,1187.0,828.0,11.3,71.8,0.9577
2,1125.0,758.0,820.0,1241.0,867.0,9.8,81.9,0.9923
2,1197.0,840.0,712.0,1298.0,974.0,9.5,83.8,0.9972
2,1174.0,842.0,723.0,1286.0,975.0,9.9,81.0,0.9885
2,1106.0,733.0,822.0,1208.0,902.0,9.9,79.8,0.9725
2,873.0,549.0,1106.0,1008.0,791.0,6.9,76.4,0.7661
2,828.0,506.0,1222.0,945.0,673.0,4.8,75.7,0.659
2,830.0,492.0,1263.0,948.0,578.0,4.7,78.9,0.682
2,840.0,515.0,1235.0,941.0,563.0,5.0,75.0,0.6627
2,909.0,622.0,1046.0,992.0,730.0,5.6,69.5,0.6362
2,1098.0,881.0,760.0,1203.0,974.0,7.0,64.9,0.6512
2,1036.0,868.0,732.0,1158.0,958.0,7.1,65.4,0.6644
2,912.0,692.0,923.0,1020.0,713.0,6.4,67.4,0.6537
2,873.0,618.0,1036.0,994.0,617.0,5.3,75.9,0.6824
2,889.0,634.0,1009.0,1018.0,591.0,6.3,73.0,0.7024
2,965.0,742.0,889.0,1099.0,661.0,8.6,63.3,0.7073
2,1009.0,845.0,771.0,1132.0,856.0,10.0,55.0,0.6753
2,918.0,729.0,904.0,1014.0,639.0,9.4,53.6,0.6333
2,920.0,729.0,891.0,1013.0,647.0,9.2,55.0,0.6402
2,923.0,715.0,915.0,1015.0,646.0,8.7,55.1,0.6228
2,1021.0,883.0,766.0,1139.0,846.0,8.9,54.4,0.62
2,998.0,858.0,770.0,1109.0,857.0,8.6,53.6,0.5992
2,1061.0,962.0,721.0,1167.0,942.0,9.0,50.4,0.5809
2,1016.0,892.0,758.0,1109.0,945.0,9.2,49.8,0.5808
2,859.0,611.0,1053.0,918.0,562.0,8.8,52.1,0.5918
2,945.0,707.0,963.0,1005.0,657.0,8.8,50.9,0.5781
2,937.0,715.0,896.0,995.0,723.0,8.7,51.1,0.5755
2,876.0,618.0,1032.0,948.0,555.0,8.6,51.5,0.5772
2,831.0,530.0,1169.0,893.0,472.0,8.5,51.9,0.5766
2,828.0,514.0,1205.0,880.0,434.0,8.1,53.1,0.5742
2,810.0,470.0,1315.0,863.0,412.0,7.8,54.2,0.5755
2,822.0,493.0,1278.0,876.0,453.0,7.1,56.0,0.569
2,898.0,646.0,1013.0,954.0,702.0,7.0,57.6,0.5784
2,909.0,636.0,992.0,947.0,720.0,7.5,55.3,0.5734
0,1256.0,1130.0,616.0,1316.0,1311.0,7.0,56.3,0.566
0,1298.0,1217.0,552.0,1409.0,1444.0,7.6,53.5,0.5605
0,1326.0,1223.0,547.0,1381.0,1613.0,8.3,50.5,0.5558
2,1139.0,1031.0,649.0,1181.0,1388.0,12.4,37.1,0.5329
2,1135.0,1047.0,641.0,1175.0,1379.0,13.9,32.3,0.5117
2,1117.0,1071.0,638.0,1178.0,1289.0,14.4,28.9,0.4723
2,1094.0,1128.0,626.0,1191.0,1280.0,14.8,25.4,0.4259
2,982.0,990.0,745.0,1018.0,1059.0,15.1,20.8,0.3536
2,1107.0,1134.0,639.0,1172.0,1299.0,15.4,23.5,0.4076
0,1290.0,1349.0,534.0,1386.0,1638.0,13.7,28.1,0.4381
0,1445.0,1516.0,455.0,1594.0,1946.0,11.5,37.5,0.5068
0,1357.0,1330.0,511.0,1414.0,1798.0,10.4,42.3,0.5337
0,1248.0,1179.0,577.0,1259.0,1609.0,9.9,44.0,0.5381
0,1220.0,1085.0,618.0,1205.0,1531.0,8.7,48.3,0.5458
2,1137.0,856.0,758.0,1032.0,1338.0,8.1,49.9,0.5417
2,1102.0,829.0,773.0,1015.0,1274.0,7.3,52.8,0.5419
2,1082.0,801.0,780.0,1035.0,1200.0,8.0,52.2,0.5623
2,1053.0,795.0,786.0,1039.0,1143.0,6.8,56.4,0.5609
2,1003.0,740.0,847.0,992.0,1048.0,6.7,57.4,0.5654
2,1019.0,744.0,836.0,1000.0,1049.0,5.9,62.1,0.5806
2,1071.0,808.0,757.0,1046.0,1172.0,5.4,65.9,0.5947
2,1118.0,841.0,702.0,1056.0,1368.0,5.5,66.5,0.6054
2,1206.0,948.0,628.0,1129.0,1540.0,5.9,65.8,0.6178
0,1256.0,1056.0,582.0,1230.0,1575.0,6.4,63.9,0.6192
0,1501.0,1367.0,465.0,1558.0,1856.0,7.2,62.2,0.6351
0,1578.0,1527.0,419.0,1761.0,2086.0,7.9,60.0,0.6406
0,1427.0,1280.0,500.0,1481.0,1948.0,8.3,58.5,0.6403
0,1440.0,1311.0,482.0,1476.0,2022.0,9.3,54.5,0.6415
0,1522.0,1365.0,464.0,1526.0,2104.0,10.2,53.1,0.6608
0,1517.0,1403.0,451.0,1579.0,2195.0,11.1,51.4,0.679
0,1300.0,1113.0,573.0,1291.0,1845.0,12.8,46.9,0.6919
0,1401.0,1204.0,526.0,1401.0,1947.0,13.1,48.0,0.7181
0,1551.0,1303.0,469.0,1520.0,2171.0,13.5,51.5,0.793
0,1411.0,1191.0,519.0,1426.0,1920.0,13.4,51.2,0.7808
0,1434.0,1239.0,506.0,1458.0,1835.0,12.1,55.3,0.7777
0,1489.0,1305.0,476.0,1547.0,1919.0,12.0,56.5,0.7924
0,1835.0,1731.0,355.0,2083.0,2254.0,10.4,64.4,0.8123
0,1804.0,1679.0,370.0,2005.0,2210.0,9.4,69.1,0.815
0,1579.0,1345.0,459.0,1608.0,1961.0,8.9,71.0,0.8115
0,1508.0,1246.0,496.0,1498.0,1791.0,8.1,73.8,0.7968
0,1535.0,1300.0,483.0,1524.0,1725.0,7.3,76.8,0.7904
0,1395.0,1131.0,552.0,1362.0,1553.0,7.3,76.7,0.7862
0,1392.0,1153.0,542.0,1395.0,1506.0,7.1,77.3,0.7826
0,1326.0,1087.0,571.0,1333.0,1398.0,6.7,78.7,0.7779
0,1297.0,1032.0,605.0,1297.0,1300.0,7.0,77.8,0.7848
0,1331.0,1106.0,568.0,1322.0,1383.0,5.7,80.5,0.7416
0,1288.0,1036.0,590.0,1242.0,1413.0,5.2,81.4,0.7276
0,1322.0,1091.0,565.0,1307.0,1471.0,5.6,80.4,0.7349
0,1390.0,1167.0,522.0,1392.0,1619.0,6.3,78.8,0.7544
0,1443.0,1207.0,502.0,1431.0,1673.0,6.9,76.9,0.7682
0,1496.0,1254.0,484.0,1472.0,1881.0,9.2,67.7,0.79
0,1439.0,1198.0,502.0,1426.0,1877.0,11.6,59.8,0.8152
0,1432.0,1150.0,527.0,1393.0,1818.0,14.0,52.0,0.8288
0,1398.0,1149.0,535.0,1417.0,1699.0,15.0,50.2,0.8495
0,1380.0,1206.0,515.0,1500.0,1677.0,14.9,49.9,0.8394
2,1022.0,857.0,770.0,1068.0,1088.0,15.8,33.8,0.6034
2,973.0,806.0,851.0,994.0,926.0,15.4,29.3,0.5068
2,951.0,862.0,823.0,972.0,961.0,14.4,25.7,0.4193
2,987.0,925.0,776.0,1016.0,1066.0,13.4,27.2,0.4157
2,1100.0,1057.0,687.0,1126.0,1241.0,12.2,28.7,0.4077
2,1064.0,1072.0,704.0,1103.0,1220.0,11.3,25.7,0.3422
0,1316.0,1327.0,549.0,1328.0,1613.0,9.7,31.9,0.3848
0,1262.0,1208.0,587.0,1219.0,1577.0,8.4,36.5,0.4035
0,1259.0,1152.0,610.0,1165.0,1569.0,8.2,36.8,0.4016
2,1166.0,981.0,697.0,993.0,1445.0,8.0,36.0,0.3872
2,1066.0,880.0,784.0,946.0,1240.0,7.0,39.9,0.4006
2,1051.0,883.0,783.0,978.0,1169.0,5.7,44.3,0.4093
2,992.0,808.0,849.0,926.0,1052.0,4.7,46.6,0.4025
2,969.0,788.0,854.0,938.0,1006.0,4.2,50.8,0.4234
2,862.0,609.0,1101.0,810.0,757.0,4.6,45.1,0.3861
2,859.0,581.0,1112.0,829.0,753.0,2.7,53.3,0.4006
2,849.0,552.0,1165.0,812.0,737.0,3.1,51.0,0.3947
2,879.0,594.0,1119.0,839.0,792.0,2.5,54.1,0.4017
2,956.0,735.0,915.0,942.0,945.0,3.1,53.5,0.4123
2,1039.0,828.0,791.0,987.0,1115.0,5.0,47.5,0.418
2,1066.0,871.0,775.0,996.0,1131.0,5.8,43.4,0.4032
2,1124.0,927.0,722.0,1047.0,1242.0,7.1,42.8,0.4327
2,1160.0,948.0,712.0,1072.0,1289.0,7.9,41.6,0.4459
2,1110.0,896.0,737.0,1040.0,1276.0,8.1,41.2,0.448
2,1138.0,940.0,706.0,1088.0,1359.0,8.3,41.3,0.4533
2,1095.0,857.0,756.0,1075.0,1020.0,8.9,49.1,0.5629
2,1045.0,694.0,911.0,1025.0,805.0,7.1,66.0,0.6678
2,1078.0,727.0,849.0,1057.0,857.0,5.7,75.1,0.6942
2,1169.0,846.0,767.0,1157.0,942.0,5.4,77.6,0.7031
2,1174.0,926.0,674.0,1220.0,1020.0,5.4,78.2,0.7074
2,1075.0,749.0,827.0,1050.0,899.0,7.3,68.1,0.6979
2,1044.0,685.0,903.0,1042.0,860.0,5.8,74.4,0.6924
2,1110.0,782.0,798.0,1101.0,954.0,6.2,72.3,0.6887
2,1086.0,733.0,848.0,1064.0,883.0,5.9,72.7,0.6791
2,1092.0,811.0,773.0,1129.0,966.0,5.0,76.5,0.6728
2,1127.0,884.0,704.0,1173.0,983.0,4.0,80.4,0.663
2,881.0,578.0,1017.0,876.0,607.0,5.8,59.0,0.5493
2,831.0,498.0,1237.0,855.0,443.0,5.8,59.5,0.5519
2,791.0,459.0,1421.0,809.0,390.0,6.6,51.3,0.5026
2,836.0,520.0,1296.0,832.0,479.0,7.0,47.2,0.4745
2,907.0,644.0,1028.0,902.0,732.0,6.6,47.9,0.4686
2,1174.0,1018.0,688.0,1210.0,1149.0,7.2,49.8,0.5061
2,1094.0,967.0,682.0,1147.0,1136.0,6.9,52.8,0.5293
2,992.0,800.0,797.0,1007.0,934.0,8.7,46.7,0.5249
2,955.0,783.0,844.0,976.0,845.0,10.0,40.6,0.4971
2,959.0,771.0,852.0,975.0,808.0,11.8,35.4,0.4877
2,981.0,804.0,829.0,997.0,783.0,10.7,37.2,0.4788
2,947.0,791.0,825.0,963.0,785.0,10.9,34.9,0.456
2,1023.0,898.0,759.0,1034.0,899.0,10.7,33.1,0.4256
2,1009.0,860.0,787.0,993.0,922.0,10.6,34.2,0.4375
2,1007.0,884.0,780.0,1014.0,951.0,8.9,38.1,0.4341
2,1054.0,992.0,715.0,1092.0,1051.0,7.8,39.7,0.4206
2,1018.0,934.0,740.0,1014.0,967.0,7.3,42.2,0.4341
2,976.0,870.0,795.0,971.0,861.0,6.9,42.5,0.4257
2,872.0,689.0,970.0,866.0,631.0,6.6,43.2,0.4247
2,805.0,559.0,1183.0,781.0,466.0,6.4,41.7,0.4034
2,800.0,541.0,1250.0,779.0,407.0,6.1,42.6,0.4041
2,785.0,504.0,1306.0,760.0,387.0,5.9,41.8,0.3928
2,757.0,459.0,1447.0,735.0,337.0,5.7,41.5,0.3836
2,751.0,424.0,1583.0,726.0,303.0,5.5,42.4,0.3867
2,766.0,412.0,1651.0,763.0,295.0,4.5,52.0,0.4436
2,759.0,399.0,1696.0,749.0,288.0,4.3,51.6,0.4323
2,758.0,388.0,1785.0,765.0,274.0,3.7,56.3,0.453
2,761.0,383.0,1745.0,787.0,289.0,3.3,58.1,0.4559
2,762.0,434.0,1556.0,763.0,318.0,3.9,47.3,0.3862
2,869.0,646.0,1068.0,876.0,476.0,4.3,45.9,0.3843
2,938.0,785.0,853.0,969.0,704.0,4.2,50.1,0.4168
2,951.0,769.0,856.0,1000.0,735.0,3.4,62.7,0.4943
2,892.0,702.0,935.0,924.0,735.0,5.0,51.4,0.4534
2,876.0,703.0,968.0,892.0,653.0,5.7,44.1,0.4063
2,872.0,686.0,972.0,880.0,603.0,5.2,44.5,0.3968
2,893.0,722.0,932.0,917.0,645.0,4.7,48.6,0.4194
2,879.0,687.0,980.0,914.0,564.0,4.5,51.0,0.4327
2,896.0,689.0,966.0,909.0,614.0,5.1,50.1,0.4432
2,909.0,706.0,928.0,923.0,658.0,5.0,50.4,0.443
2,958.0,758.0,858.0,985.0,719.0,4.3,56.4,0.4721
2,984.0,803.0,813.0,1012.0,772.0,4.3,56.7,0.476
2,991.0,814.0,790.0,1040.0,812.0,4.3,57.0,0.4771
2,881.0,638.0,990.0,910.0,583.0,3.5,60.3,0.4782
2,853.0,616.0,1071.0,870.0,491.0,4.1,52.5,0.4351
2,804.0,546.0,1194.0,796.0,400.0,3.9,50.6,0.4127
2,788.0,514.0,1285.0,771.0,354.0,3.9,47.7,0.3901
2,788.0,487.0,1346.0,769.0,329.0,4.0,47.8,0.3939
2,763.0,428.0,1532.0,757.0,296.0,3.9,50.9,0.4144
2,771.0,410.0,1622.0,765.0,283.0,3.0,57.7,0.4423
2,747.0,390.0,1775.0,738.0,266.0,3.3,52.8,0.4137
2,744.0,383.0,1881.0,720.0,253.0,2.7,53.9,0.4062
2,774.0,441.0,1646.0,760.0,282.0,2.8,54.4,0.411
2,800.0,492.0,1310.0,783.0,353.0,3.6,49.0,0.3915
2,896.0,668.0,1043.0,887.0,519.0,3.3,50.2,0.3934
2,913.0,733.0,902.0,901.0,681.0,3.5,47.5,0.3778
2,871.0,638.0,1022.0,860.0,583.0,4.3,49.4,0.4136
2,872.0,662.0,1007.0,874.0,628.0,4.5,48.4,0.4131
2,858.0,634.0,1053.0,868.0,566.0,4.3,50.0,0.4199
2,876.0,683.0,993.0,894.0,572.0,4.3,49.7,0.4166
2,900.0,751.0,891.0,913.0,637.0,4.9,45.3,0.3955
2,864.0,678.0,987.0,866.0,579.0,5.6,42.4,0.3884
2,902.0,721.0,924.0,900.0,666.0,5.7,43.1,0.3984
2,916.0,720.0,912.0,922.0,707.0,4.8,49.7,0.4305
2,1004.0,918.0,752.0,1033.0,990.0,5.1,43.0,0.3821
2,1024.0,945.0,729.0,1073.0,1026.0,5.3,44.4,0.397
2,1011.0,884.0,763.0,1048.0,910.0,4.9,47.9,0.418
2,1006.0,822.0,794.0,1025.0,897.0,4.7,50.8,0.4398
2,913.0,645.0,966.0,922.0,651.0,4.6,54.8,0.4704
2,905.0,620.0,986.0,904.0,598.0,4.0,56.8,0.4688
2,872.0,628.0,1009.0,857.0,560.0,4.2,46.8,0.39
2,843.0,597.0,1059.0,808.0,527.0,4.5,42.0,0.3571
2,863.0,622.0,1025.0,826.0,574.0,4.1,42.1,0.3487
2,791.0,480.0,1259.0,738.0,422.0,4.5,39.7,0.3379
2,769.0,412.0,1481.0,727.0,326.0,4.4,42.2,0.3571
2,778.0,417.0,1531.0,745.0,312.0,4.1,45.9,0.3804
2,801.0,470.0,1313.0,762.0,382.0,4.3,42.5,0.3556
2,827.0,533.0,1198.0,775.0,488.0,4.6,38.1,0.3267
2,1038.0,837.0,822.0,972.0,915.0,4.6,39.4,0.3367
2,1040.0,917.0,739.0,1038.0,1021.0,4.8,41.9,0.3634
2,980.0,790.0,839.0,934.0,897.0,5.9,40.2,0.376
2,912.0,683.0,961.0,872.0,699.0,7.0,38.4,0.3861
2,887.0,649.0,1009.0,854.0,588.0,6.6,40.2,0.3944
2,922.0,716.0,930.0,893.0,643.0,6.6,41.2,0.4046
2,928.0,748.0,900.0,900.0,685.0,7.3,36.8,0.3779
2,921.0,736.0,921.0,881.0,673.0,7.3,35.0,0.3584
2,905.0,747.0,924.0,850.0,691.0,7.0,33.5,0.3367
2,906.0,769.0,913.0,865.0,726.0,6.5,32.4,0.3155
2,981.0,886.0,819.0,928.0,912.0,5.7,33.9,0.3131
2,1053.0,987.0,750.0,1025.0,1048.0,5.0,36.1,0.3178
2,1086.0,1032.0,717.0,1049.0,1136.0,4.7,38.3,0.3306
2,967.0,811.0,863.0,911.0,909.0,4.5,39.9,0.339
2,902.0,689.0,995.0,838.0,719.0,4.3,41.1,0.3451
2,916.0,725.0,953.0,855.0,746.0,4.0,43.1,0.3551
2,895.0,677.0,999.0,827.0,700.0,3.7,46.0,0.3701
2,866.0,613.0,1075.0,810.0,579.0,3.3,47.4,0.3716
2,861.0,585.0,1120.0,807.0,553.0,3.0,49.1,0.3774
2,845.0,534.0,1146.0,781.0,519.0,3.5,48.0,0.3822
2,849.0,522.0,1158.0,779.0,467.0,3.6,48.0,0.3835
2,818.0,486.0,1282.0,781.0,422.0,4.0,47.8,0.3919
2,864.0,554.0,1159.0,819.0,545.0,4.1,48.1,0.3975
2,856.0,559.0,1138.0,810.0,556.0,4.1,47.4,0.3926
2,1024.0,823.0,827.0,992.0,879.0,4.2,48.7,0.4073
2,1050.0,909.0,742.0,1055.0,993.0,4.1,49.8,0.4117
2,984.0,832.0,822.0,966.0,892.0,4.3,48.4,0.4043
2,990.0,808.0,838.0,975.0,901.0,4.6,49.7,0.4271
2,970.0,798.0,842.0,941.0,874.0,4.5,49.6,0.421
2,943.0,781.0,871.0,925.0,722.0,4.4,48.4,0.4087
2,994.0,871.0,793.0,997.0,836.0,4.7,47.2,0.4075
2,932.0,767.0,888.0,920.0,669.0,4.2,49.5,0.4118
2,891.0,706.0,949.0,860.0,600.0,3.4,50.7,0.3991
2,793.0,480.0,1306.0,745.0,376.0,1.9,49.7,0.3528
2,790.0,455.0,1376.0,751.0,336.0,1.6,52.9,0.3692
2,776.0,445.0,1460.0,737.0,330.0,1.4,53.8,0.3687
2,766.0,448.0,1494.0,734.0,321.0,1.0,54.7,0.3657
2,774.0,458.0,1473.0,735.0,334.0,1.4,52.3,0.3591
2,801.0,494.0,1324.0,754.0,395.0,1.6,51.0,0.3561
2,847.0,586.0,1163.0,814.0,473.0,1.4,53.1,0.3642
2,874.0,641.0,1022.0,857.0,553.0,1.7,54.1,0.3785
2,879.0,642.0,1027.0,836.0,545.0,2.5,51.0,0.3778
2,888.0,652.0,1025.0,833.0,547.0,2.9,48.7,0.3706
2,873.0,610.0,1051.0,819.0,527.0,3.6,45.8,0.3674
2,877.0,618.0,1027.0,830.0,505.0,3.1,48.1,0.3722
2,893.0,653.0,987.0,845.0,550.0,3.4,46.6,0.3668
2,866.0,602.0,1071.0,809.0,465.0,3.7,45.8,0.3697
2,873.0,629.0,1049.0,817.0,467.0,4.4,43.7,0.3688
2,911.0,676.0,998.0,855.0,555.0,4.0,44.9,0.3689
2,908.0,653.0,980.0,847.0,551.0,3.3,46.8,0.3671
2,907.0,657.0,981.0,844.0,569.0,3.1,48.1,0.3707
2,925.0,678.0,960.0,861.0,594.0,2.8,49.0,0.37
2,920.0,649.0,983.0,849.0,598.0,3.1,47.4,0.3661
2,865.0,561.0,1102.0,791.0,434.0,2.9,49.0,0.3725
2,867.0,553.0,1136.0,792.0,412.0,2.8,49.1,0.3726
2,900.0,604.0,1051.0,815.0,469.0,2.9,49.7,0.3782
2,901.0,599.0,1023.0,825.0,515.0,3.8,46.5,0.3762
2,863.0,560.0,1107.0,787.0,430.0,3.2,46.9,0.3658
2,884.0,599.0,1065.0,813.0,503.0,3.1,45.2,0.3504
2,873.0,565.0,1097.0,793.0,494.0,3.1,44.8,0.3473
2,806.0,459.0,1322.0,728.0,368.0,3.1,44.4,0.342
2,801.0,454.0,1374.0,727.0,348.0,3.0,43.4,0.3337
2,790.0,431.0,1439.0,722.0,354.0,2.8,43.8,0.3308
2,805.0,465.0,1358.0,736.0,382.0,2.7,43.2,0.3259
2,843.0,520.0,1202.0,762.0,450.0,3.3,42.3,0.3299
2,849.0,537.0,1148.0,757.0,460.0,4.6,39.0,0.333
2,872.0,583.0,1126.0,765.0,441.0,5.6,37.5,0.3426
2,890.0,585.0,1097.0,776.0,454.0,7.2,34.2,0.3488
2,874.0,552.0,1128.0,760.0,415.0,6.9,35.6,0.3561
2,863.0,553.0,1133.0,742.0,419.0,8.2,30.1,0.3281
2,840.0,566.0,1176.0,717.0,368.0,7.6,27.9,0.2927
2,845.0,569.0,1151.0,709.0,397.0,7.9,25.9,0.2774
2,888.0,625.0,1062.0,763.0,510.0,7.8,28.3,0.3017
2,845.0,582.0,1120.0,719.0,473.0,6.3,28.8,0.2772
2,880.0,641.0,1077.0,759.0,537.0,5.4,30.1,0.2726
2,917.0,708.0,972.0,787.0,670.0,5.0,31.1,0.273
2,927.0,715.0,965.0,797.0,711.0,4.6,33.8,0.2898
2,868.0,615.0,1095.0,752.0,551.0,4.3,36.6,0.3064
2,932.0,685.0,996.0,820.0,670.0,4.0,39.0,0.3203
2,971.0,741.0,901.0,864.0,771.0,2.9,42.8,0.3276
2,891.0,650.0,987.0,782.0,586.0,3.4,38.9,0.3076
2,806.0,495.0,1282.0,685.0,355.0,4.0,36.4,0.2982
2,787.0,446.0,1395.0,657.0,310.0,4.0,36.4,0.2989
2,791.0,435.0,1486.0,668.0,292.0,3.7,37.7,0.3024
2,787.0,415.0,1474.0,667.0,293.0,3.4,38.9,0.3075
2,814.0,449.0,1363.0,674.0,328.0,3.7,37.5,0.3012
2,844.0,538.0,1164.0,726.0,479.0,3.7,35.2,0.2833
2,1049.0,863.0,826.0,923.0,979.0,3.7,33.9,0.2732
0,1201.0,1116.0,617.0,1130.0,1469.0,4.4,38.8,0.328
0,1293.0,1153.0,602.0,1141.0,1667.0,6.6,34.4,0.3359
2,1121.0,1066.0,683.0,1040.0,1378.0,10.0,22.4,0.2753
2,1112.0,1078.0,683.0,1028.0,1426.0,11.9,18.6,0.2581
2,1060.0,1048.0,707.0,983.0,1246.0,12.5,17.2,0.2477
2,1056.0,1040.0,711.0,976.0,1187.0,13.2,17.3,0.2606
2,1131.0,1139.0,643.0,1097.0,1363.0,13.5,18.7,0.2872
0,1162.0,1170.0,618.0,1131.0,1425.0,14.1,18.2,0.2908
0,1283.0,1328.0,552.0,1294.0,1722.0,13.0,20.3,0.303
0,1414.0,1490.0,488.0,1433.0,2051.0,10.4,24.7,0.3116
0,1486.0,1570.0,455.0,1557.0,2179.0,8.6,29.8,0.3344
0,1523.0,1533.0,456.0,1532.0,2214.0,7.3,36.8,0.3771
0,1283.0,1149.0,587.0,1148.0,1799.0,6.3,39.4,0.3795
2,1109.0,863.0,737.0,960.0,1527.0,5.4,43.5,0.3922
2,1055.0,782.0,798.0,940.0,1377.0,5.1,45.6,0.4056
2,1038.0,756.0,813.0,921.0,1317.0,4.2,49.4,0.412
2,996.0,698.0,871.0,894.0,1228.0,4.1,50.1,0.415
2,995.0,680.0,879.0,904.0,1201.0,4.1,51.5,0.4263
2,1000.0,670.0,868.0,917.0,1158.0,3.7,57.5,0.4621
2,1042.0,688.0,814.0,935.0,1204.0,2.5,64.8,0.4807
2,1042.0,701.0,795.0,945.0,1216.0,1.8,68.9,0.4878
2,1024.0,724.0,814.0,944.0,1198.0,2.0,64.9,0.4661
2,1147.0,886.0,702.0,1056.0,1381.0,2.2,65.3,0.473
0,1496.0,1298.0,492.0,1441.0,1873.0,3.1,64.0,0.4938
0,1541.0,1353.0,449.0,1492.0,2112.0,3.7,61.7,0.4967
0,1491.0,1215.0,503.0,1343.0,2038.0,4.4,58.8,0.4979
0,1533.0,1334.0,466.0,1434.0,2118.0,5.8,54.1,0.502
0,1507.0,1292.0,479.0,1379.0,2110.0,7.3,50.8,0.5226
0,1451.0,1264.0,497.0,1408.0,1965.0,9.5,47.2,0.5589
0,1432.0,1264.0,487.0,1476.0,1888.0,11.8,44.4,0.6118
0,1408.0,1202.0,506.0,1411.0,1774.0,12.7,45.5,0.6648
0,1377.0,1129.0,540.0,1392.0,1626.0,13.5,44.8,0.6898
0,1454.0,1190.0,508.0,1434.0,1761.0,12.3,48.9,0.6967
0,1268.0,1128.0,573.0,1255.0,1533.0,10.8,40.3,0.5201
0,1259.0,1211.0,559.0,1243.0,1531.0,9.4,36.7,0.4324
0,1261.0,1143.0,595.0,1208.0,1477.0,8.3,39.5,0.4318
2,1133.0,971.0,683.0,1059.0,1332.0,7.8,41.3,0.4389
2,1054.0,818.0,777.0,966.0,1210.0,7.3,43.8,0.4505
2,1055.0,783.0,805.0,969.0,1167.0,6.7,47.6,0.4688
2,1059.0,747.0,820.0,964.0,1133.0,6.6,51.2,0.5007
2,1063.0,769.0,807.0,993.0,1109.0,6.4,52.6,0.5074
2,1135.0,854.0,722.0,1065.0,1218.0,5.3,57.8,0.5177
2,1126.0,869.0,680.0,1075.0,1222.0,3.4,66.7,0.5281
2,1058.0,753.0,764.0,986.0,1149.0,3.3,66.8,0.5215
2,1040.0,688.0,846.0,920.0,1090.0,3.7,62.9,0.5059
2,1069.0,737.0,792.0,946.0,1114.0,2.6,67.5,0.5034
2,1042.0,771.0,795.0,941.0,1089.0,3.5,60.9,0.4857
0,1322.0,1151.0,566.0,1286.0,1446.0,2.7,63.4,0.4787
0,1549.0,1485.0,422.0,1638.0,1930.0,2.8,64.2,0.4859
0,1416.0,1285.0,501.0,1390.0,1809.0,5.8,53.1,0.4942
0,1337.0,1143.0,560.0,1236.0,1769.0,9.7,40.1,0.4832
0,1281.0,1132.0,577.0,1206.0,1696.0,12.7,30.0,0.4398
2,1037.0,981.0,721.0,1000.0,1086.0,13.7,20.7,0.3221
2,1028.0,983.0,728.0,979.0,1048.0,13.7,19.9,0.3114
2,984.0,913.0,762.0,930.0,990.0,14.1,18.1,0.2884
2,1010.0,940.0,759.0,960.0,1027.0,14.5,18.0,0.2956
2,1113.0,1096.0,645.0,1092.0,1359.0,13.2,20.4,0.3074
0,1253.0,1284.0,536.0,1285.0,1618.0,10.5,25.1,0.3194
0,1400.0,1499.0,461.0,1527.0,1869.0,8.9,31.4,0.3597
0,1470.0,1584.0,436.0,1641.0,2033.0,8.2,36.2,0.3953
0,1281.0,1168.0,571.0,1195.0,1756.0,6.7,39.6,0.3906
2,1084.0,855.0,748.0,939.0,1446.0,5.8,42.0,0.3904
2,1097.0,892.0,719.0,979.0,1423.0,4.9,45.9,0.3999
2,1032.0,791.0,793.0,915.0,1278.0,4.5,47.9,0.4079
2,1046.0,812.0,782.0,940.0,1265.0,3.9,51.6,0.4226
2,975.0,707.0,860.0,902.0,1107.0,3.4,54.7,0.4323
2,932.0,642.0,950.0,871.0,1014.0,3.3,56.1,0.4379
2,926.0,623.0,954.0,873.0,1011.0,2.0,60.8,0.4337
2,932.0,645.0,916.0,882.0,1006.0,1.2,63.7,0.4327
2,937.0,640.0,923.0,870.0,1010.0,2.1,60.3,0.4368
2,996.0,724.0,861.0,938.0,1067.0,1.3,63.1,0.4322
0,1382.0,1202.0,534.0,1352.0,1630.0,1.3,64.8,0.441
0,1544.0,1530.0,416.0,1706.0,2030.0,2.1,62.2,0.4491
0,1429.0,1317.0,495.0,1425.0,1916.0,5.1,50.8,0.4499
0,1312.0,1164.0,570.0,1230.0,1761.0,8.5,39.7,0.4425
0,1205.0,989.0,643.0,1084.0,1597.0,11.5,33.0,0.4476
0,1322.0,1110.0,568.0,1208.0,1776.0,12.2,34.3,0.4864
0,1301.0,1074.0,574.0,1255.0,1636.0,13.5,35.0,0.5396
0,1280.0,1030.0,597.0,1246.0,1480.0,14.9,34.9,0.5869
0,1256.0,986.0,612.0,1240.0,1413.0,15.7,34.5,0.6111
0,1358.0,1128.0,545.0,1344.0,1611.0,14.7,37.2,0.618
0,1713.0,1605.0,383.0,1870.0,2186.0,12.2,44.8,0.6342
0,1655.0,1527.0,393.0,1758.0,2203.0,10.3,52.4,0.6578
0,1444.0,1227.0,485.0,1414.0,1891.0,9.3,55.5,0.6503
0,1314.0,1069.0,571.0,1271.0,1662.0,8.3,57.6,0.6304
0,1368.0,1164.0,524.0,1350.0,1674.0,6.3,65.1,0.6237
2,1195.0,943.0,645.0,1149.0,1462.0,6.5,63.1,0.6132
2,1083.0,828.0,734.0,1067.0,1273.0,6.0,62.7,0.589
2,1055.0,771.0,781.0,1030.0,1174.0,5.1,65.4,0.5797
2,973.0,672.0,887.0,954.0,1031.0,4.7,64.6,0.5568
2,1039.0,777.0,778.0,1031.0,1082.0,2.9,72.2,0.5523
2,949.0,657.0,895.0,948.0,991.0,5.0,63.5,0.5575
2,920.0,601.0,974.0,920.0,925.0,3.9,65.5,0.5367
2,989.0,703.0,843.0,988.0,1017.0,1.8,74.5,0.5271
2,1100.0,854.0,714.0,1075.0,1187.0,1.8,73.7,0.5198
0,1411.0,1288.0,492.0,1472.0,1638.0,2.3,70.9,0.5182
0,1328.0,1300.0,499.0,1405.0,1672.0,4.4,61.1,0.5176
0,1308.0,1189.0,534.0,1325.0,1656.0,7.7,49.8,0.5267
0,1280.0,1127.0,558.0,1277.0,1641.0,12.1,36.9,0.5212
2,1056.0,857.0,735.0,1028.0,1117.0,15.0,28.5,0.4821
2,1019.0,825.0,781.0,994.0,901.0,14.5,28.3,0.4665
2,1084.0,923.0,712.0,1085.0,1046.0,12.9,31.8,0.4707
2,998.0,841.0,792.0,979.0,884.0,12.1,32.3,0.4548
2,987.0,816.0,816.0,959.0,821.0,11.3,33.5,0.4476
2,1079.0,932.0,719.0,1018.0,1056.0,11.4,32.6,0.4373
2,1096.0,954.0,687.0,1085.0,1139.0,9.1,37.8,0.4372
2,1146.0,1043.0,639.0,1169.0,1248.0,8.1,41.0,0.4458
2,1125.0,1025.0,653.0,1147.0,1200.0,7.7,41.9,0.4409
2,1130.0,968.0,680.0,1102.0,1220.0,7.1,43.9,0.4433
2,1017.0,805.0,807.0,958.0,1032.0,6.3,45.8,0.4408
2,1017.0,776.0,843.0,946.0,971.0,6.0,46.1,0.4351
2,1041.0,778.0,828.0,947.0,1011.0,5.5,49.0,0.4471
2,1034.0,769.0,816.0,952.0,1049.0,4.9,52.0,0.4548
2,1009.0,751.0,828.0,939.0,1053.0,4.1,54.7,0.4536
2,1105.0,828.0,735.0,997.0,1157.0,2.1,64.2,0.4633
2,1084.0,859.0,703.0,1017.0,1163.0,1.5,66.2,0.4571
2,989.0,731.0,815.0,936.0,1018.0,1.0,67.7,0.4523
2,1047.0,792.0,757.0,957.0,1121.0,0.8,69.9,0.4591
2,1091.0,868.0,705.0,1021.0,1200.0,1.3,67.2,0.4598
0,1263.0,1074.0,614.0,1198.0,1403.0,2.0,63.6,0.4564
2,1165.0,1024.0,646.0,1134.0,1365.0,4.1,52.7,0.4345
2,966.0,760.0,877.0,890.0,940.0,7.5,39.2,0.4091
2,927.0,702.0,932.0,847.0,750.0,9.0,34.5,0.398
2,909.0,678.0,960.0,838.0,652.0,9.2,34.5,0.4025
2,941.0,723.0,922.0,880.0,643.0,9.3,33.8,0.3981
2,903.0,696.0,932.0,850.0,629.0,9.3,33.1,0.3874
2,891.0,668.0,991.0,819.0,549.0,9.7,30.8,0.3716
2,904.0,674.0,968.0,824.0,578.0,9.6,31.1,0.3718
2,900.0,659.0,990.0,807.0,582.0,8.6,32.8,0.3669
2,926.0,725.0,933.0,847.0,694.0,7.2,35.0,0.3567
2,999.0,821.0,846.0,915.0,926.0,6.4,36.8,0.3566
2,994.0,774.0,854.0,917.0,915.0,6.0,40.2,0.3773
2,1010.0,801.0,826.0,944.0,986.0,5.5,42.6,0.3874
2,938.0,685.0,934.0,870.0,840.0,4.9,43.7,0.3809
2,983.0,760.0,869.0,898.0,939.0,4.2,43.2,0.3605
2,963.0,749.0,900.0,834.0,869.0,4.0,39.2,0.3228
2,962.0,756.0,902.0,843.0,908.0,3.7,40.1,0.323
2,980.0,761.0,854.0,876.0,1051.0,3.1,47.1,0.3638
2,914.0,644.0,972.0,832.0,922.0,2.6,48.8,0.3658
2,898.0,624.0,987.0,825.0,871.0,0.8,53.8,0.3542
2,854.0,572.0,1070.0,788.0,793.0,1.2,51.9,0.3515
2,838.0,531.0,1146.0,774.0,753.0,1.0,52.2,0.3489
2,831.0,543.0,1132.0,787.0,737.0,0.6,53.3,0.3467
2,833.0,526.0,1169.0,771.0,722.0,0.8,52.8,0.3468
2,870.0,582.0,1091.0,791.0,737.0,0.3,53.7,0.3424
2,984.0,727.0,891.0,908.0,913.0,4.1,42.9,0.3551
2,1065.0,844.0,780.0,979.0,1117.0,8.0,33.3,0.3591
2,968.0,743.0,886.0,840.0,774.0,10.7,25.2,0.3242
2,911.0,683.0,981.0,790.0,558.0,11.1,23.5,0.3105
2,868.0,590.0,1081.0,753.0,420.0,10.6,26.0,0.332
2,868.0,576.0,1128.0,755.0,363.0,10.3,27.7,0.3481
2,904.0,633.0,1040.0,789.0,410.0,10.2,28.3,0.3516
2,944.0,693.0,928.0,832.0,568.0,9.2,29.9,0.3479
2,925.0,649.0,1003.0,819.0,570.0,6.9,36.4,0.3635
2,985.0,736.0,891.0,875.0,774.0,6.0,38.0,0.3584
2,1002.0,780.0,855.0,892.0,857.0,5.8,36.4,0.3385
2,938.0,692.0,937.0,805.0,737.0,5.8,35.4,0.3286
2,896.0,627.0,1033.0,782.0,610.0,5.4,36.6,0.3304
2,907.0,614.0,1052.0,782.0,627.0,5.1,37.9,0.3358
2,902.0,613.0,1049.0,777.0,566.0,4.8,38.0,0.33
2,885.0,582.0,1072.0,760.0,517.0,4.5,38.1,0.3249
2,863.0,545.0,1119.0,749.0,484.0,4.3,38.1,0.3207
2,861.0,518.0,1141.0,738.0,482.0,3.9,39.9,0.325
2,852.0,482.0,1187.0,726.0,496.0,3.8,41.0,0.3327
2,879.0,495.0,1147.0,753.0,623.0,3.3,44.6,0.3499
2,900.0,525.0,1090.0,780.0,696.0,3.6,44.5,0.3574
2,963.0,615.0,980.0,837.0,916.0,3.4,47.0,0.3713
2,1183.0,929.0,675.0,1037.0,1309.0,2.9,49.5,0.3775
2,1161.0,996.0,639.0,1067.0,1396.0,5.6,40.5,0.3704
2,1102.0,896.0,720.0,969.0,1226.0,7.5,33.8,0.352
2,1029.0,835.0,771.0,897.0,1002.0,10.8,25.2,0.3251
2,973.0,797.0,845.0,845.0,769.0,12.9,20.6,0.3045
2,981.0,820.0,807.0,876.0,784.0,12.2,21.4,0.3033
2,960.0,784.0,842.0,868.0,643.0,12.0,21.9,0.3069
2,973.0,761.0,862.0,865.0,682.0,12.2,24.0,0.3392
2,968.0,765.0,843.0,863.0,692.0,12.0,24.3,0.3393
2,1022.0,854.0,771.0,941.0,926.0,10.5,27.8,0.3525
2,1067.0,879.0,740.0,989.0,996.0,8.7,33.9,0.3832
2,1101.0,908.0,707.0,1025.0,1095.0,7.8,37.6,0.4004
2,1081.0,885.0,720.0,1017.0,1058.0,7.2,39.4,0.4032
2,988.0,738.0,843.0,906.0,893.0,7.1,39.6,0.4019
2,932.0,630.0,980.0,842.0,681.0,7.1,39.6,0.4001
2,923.0,602.0,1028.0,831.0,599.0,7.2,39.3,0.4004
2,915.0,589.0,1045.0,813.0,550.0,6.9,39.6,0.3966
2,879.0,534.0,1129.0,785.0,470.0,7.0,39.8,0.4006
2,852.0,479.0,1275.0,761.0,375.0,7.1,40.5,0.409
2,844.0,453.0,1378.0,748.0,337.0,6.9,40.9,0.4091
2,878.0,496.0,1182.0,782.0,451.0,6.0,42.9,0.404
2,910.0,524.0,1102.0,802.0,600.0,6.4,42.7,0.4126
2,918.0,551.0,1062.0,817.0,712.0,6.1,43.6,0.4129
2,991.0,653.0,944.0,885.0,931.0,5.9,45.1,0.4211
2,1223.0,979.0,658.0,1120.0,1332.0,6.0,46.4,0.4367
0,1277.0,1153.0,543.0,1268.0,1520.0,6.6,43.7,0.4273
2,1114.0,922.0,689.0,1022.0,1223.0,8.7,36.3,0.4074
2,1088.0,853.0,729.0,996.0,1122.0,10.5,33.4,0.4246
2,1064.0,881.0,727.0,979.0,1099.0,11.4,27.8,0.3748
2,1047.0,854.0,753.0,959.0,904.0,12.7,27.4,0.4011
2,1075.0,920.0,726.0,992.0,1022.0,13.3,23.3,0.354
2,973.0,777.0,858.0,844.0,719.0,13.9,20.7,0.3271
2,942.0,733.0,912.0,800.0,609.0,13.6,20.0,0.3093
0,1521.0,1203.0,476.0,1400.0,2141.0,8.5,50.9,0.5664
0,1428.0,1085.0,526.0,1268.0,2023.0,8.3,53.3,0.5843
0,1463.0,1069.0,530.0,1279.0,1967.0,7.1,58.1,0.5885
0,1494.0,1124.0,504.0,1313.0,1931.0,5.8,64.3,0.5964
0,1462.0,1080.0,522.0,1274.0,1889.0,5.3,66.8,0.5979
0,1326.0,967.0,578.0,1174.0,1699.0,5.0,66.6,0.5871
2,1185.0,807.0,685.0,1051.0,1467.0,5.0,66.3,0.5811
2,1154.0,788.0,709.0,1065.0,1390.0,5.1,65.9,0.5827
2,1175.0,839.0,670.0,1087.0,1371.0,4.1,69.0,0.5735
2,1203.0,870.0,641.0,1103.0,1427.0,4.6,67.6,0.5778
2,1250.0,933.0,620.0,1144.0,1489.0,5.2,65.5,0.5836
0,1321.0,1046.0,562.0,1263.0,1610.0,6.0,62.8,0.5929
0,1323.0,1049.0,550.0,1290.0,1619.0,7.1,59.3,0.6005
0,1381.0,1045.0,541.0,1307.0,1706.0,7.8,58.0,0.6136
0,1480.0,1186.0,498.0,1382.0,1882.0,9.0,54.7,0.6271
0,1485.0,1229.0,477.0,1450.0,1911.0,10.0,53.1,0.6495
0,1522.0,1229.0,470.0,1488.0,1943.0,10.8,52.0,0.6738
0,1570.0,1224.0,468.0,1448.0,2020.0,11.0,51.4,0.6746
0,1507.0,1170.0,488.0,1392.0,1999.0,11.0,51.4,0.6725
0,1540.0,1202.0,475.0,1440.0,2008.0,10.9,52.0,0.6796
0,1556.0,1214.0,472.0,1435.0,2026.0,11.1,52.0,0.6869
0,1707.0,1378.0,416.0,1637.0,2225.0,11.0,53.6,0.7033
0,1766.0,1419.0,404.0,1659.0,2317.0,11.0,55.1,0.7221
0,1846.0,1474.0,389.0,1712.0,2426.0,11.4,55.4,0.7471
0,1795.0,1382.0,410.0,1609.0,2355.0,11.1,56.9,0.7506
0,1755.0,1352.0,417.0,1587.0,2375.0,10.2,60.0,0.7461
0,1738.0,1309.0,424.0,1543.0,2494.0,10.1,59.9,0.7379
0,1712.0,1239.0,443.0,1488.0,2411.0,9.9,63.2,0.7706
0,1751.0,1255.0,435.0,1541.0,2226.0,9.4,73.4,0.8662
0,1574.0,1093.0,497.0,1451.0,1808.0,9.4,77.7,0.9203
0,1458.0,1024.0,530.0,1413.0,1571.0,9.6,78.7,0.9429
0,1515.0,1066.0,508.0,1430.0,1548.0,8.9,81.3,0.9277
0,1491.0,1031.0,515.0,1387.0,1541.0,8.5,82.9,0.9243
0,1453.0,1012.0,534.0,1348.0,1441.0,8.3,84.0,0.9234
0,1443.0,1003.0,542.0,1356.0,1396.0,8.1,85.0,0.9221
0,1473.0,1047.0,522.0,1420.0,1411.0,8.7,83.7,0.9423
0,1548.0,1097.0,491.0,1477.0,1497.0,9.5,82.4,0.976
0,1586.0,1084.0,495.0,1473.0,1619.0,11.0,78.2,1.022
0,1488.0,1023.0,533.0,1456.0,1590.0,14.1,67.9,1.0859
1,1220.0,787.0,675.0,1310.0,1163.0,16.3,56.6,1.0422
1,1198.0,758.0,698.0,1277.0,1001.0,18.7,48.0,1.0259
1,1168.0,836.0,666.0,1278.0,822.0,19.5,39.3,0.882
1,1149.0,917.0,616.0,1293.0,773.0,19.9,34.1,0.782
2,1052.0,734.0,799.0,1109.0,588.0,19.4,32.4,0.7239
2,1053.0,727.0,789.0,1081.0,610.0,17.1,35.8,0.6944
0,1238.0,1037.0,583.0,1388.0,1000.0,15.5,40.7,0.7103
2,1188.0,939.0,658.0,1234.0,1048.0,14.8,42.8,0.7182
2,1150.0,891.0,684.0,1198.0,1002.0,13.9,43.8,0.6937
2,984.0,694.0,881.0,1032.0,711.0,13.7,42.9,0.6687
2,1111.0,777.0,760.0,1137.0,1024.0,12.5,47.8,0.6877
2,1131.0,793.0,728.0,1173.0,1054.0,11.8,53.4,0.7366
2,1115.0,778.0,749.0,1158.0,994.0,10.9,55.9,0.7312
2,1133.0,811.0,708.0,1182.0,1031.0,10.1,58.9,0.7301
2,1024.0,709.0,798.0,1120.0,884.0,9.8,61.2,0.7413
2,968.0,639.0,891.0,1080.0,794.0,8.4,67.1,0.7411
2,923.0,567.0,994.0,1024.0,688.0,8.3,67.2,0.7382
2,902.0,548.0,1063.0,1024.0,617.0,7.7,68.9,0.728
2,995.0,646.0,895.0,1053.0,818.0,6.9,70.0,0.6997
2,858.0,597.0,1054.0,857.0,690.0,9.0,37.3,0.4297
0,1233.0,1030.0,619.0,1257.0,1291.0,9.4,44.9,0.5296
2,1140.0,958.0,627.0,1175.0,1200.0,10.3,45.4,0.5666
2,1096.0,1036.0,635.0,1043.0,1127.0,11.5,39.6,0.5372
0,1295.0,1639.0,477.0,1013.0,1582.0,11.7,36.9,0.506
2,926.0,882.0,744.0,913.0,700.0,11.8,36.2,0.4999
2,970.0,857.0,748.0,990.0,693.0,12.0,38.7,0.5402
2,960.0,853.0,782.0,967.0,709.0,13.7,30.3,0.4724
2,941.0,800.0,823.0,917.0,671.0,12.6,30.6,0.4443
2,921.0,771.0,850.0,885.0,632.0,13.0,27.4,0.4085
2,940.0,829.0,823.0,901.0,716.0,13.6,22.7,0.3529
2,1036.0,1046.0,694.0,1044.0,1059.0,11.8,23.0,0.3171
2,1102.0,1221.0,609.0,1136.0,1329.0,10.7,19.9,0.2547
2,1035.0,1141.0,670.0,1018.0,1196.0,10.4,18.0,0.2269
2,990.0,978.0,751.0,928.0,1131.0,9.7,20.6,0.2488
2,950.0,839.0,834.0,878.0,977.0,9.4,24.8,0.2923
2,988.0,839.0,803.0,936.0,963.0,8.8,31.2,0.3533
2,884.0,658.0,982.0,813.0,581.0,8.7,31.2,0.3521
2,840.0,597.0,1081.0,766.0,432.0,8.5,30.4,0.3391
2,814.0,526.0,1228.0,740.0,352.0,8.0,32.9,0.353
2,821.0,509.0,1235.0,762.0,348.0,7.1,37.4,0.3799
2,802.0,440.0,1413.0,738.0,312.0,6.9,39.1,0.3901
2,805.0,437.0,1491.0,738.0,296.0,6.9,39.8,0.3966
2,850.0,529.0,1183.0,780.0,385.0,6.1,40.8,0.3868
2,913.0,619.0,1018.0,834.0,586.0,6.0,41.5,0.3896
2,1047.0,844.0,784.0,979.0,987.0,6.1,39.9,0.3781
2,1055.0,899.0,731.0,1017.0,1035.0,6.5,39.5,0.3865
2,974.0,778.0,832.0,905.0,782.0,9.4,32.7,0.3855
2,863.0,669.0,993.0,776.0,511.0,11.3,24.9,0.3318
2,889.0,734.0,942.0,801.0,566.0,12.8,19.8,0.2933
2,906.0,790.0,893.0,837.0,642.0,12.3,19.3,0.274
2,874.0,751.0,918.0,792.0,591.0,12.0,19.3,0.2716
2,849.0,680.0,1015.0,741.0,461.0,11.9,19.2,0.2677
2,923.0,761.0,909.0,840.0,609.0,12.1,20.7,0.2906
2,962.0,841.0,827.0,901.0,821.0,11.5,22.1,0.2987
2,1067.0,1059.0,671.0,1085.0,1163.0,10.4,23.1,0.2905
2,1125.0,1121.0,630.0,1132.0,1405.0,9.5,25.2,0.2996
2,1149.0,1124.0,623.0,1141.0,1405.0,8.9,26.9,0.3069
2,1155.0,1034.0,648.0,1061.0,1429.0,8.2,30.1,0.327
2,1065.0,908.0,741.0,953.0,1284.0,7.4,31.8,0.3287
2,1145.0,946.0,699.0,1015.0,1409.0,6.6,37.5,0.3664
2,1134.0,912.0,707.0,999.0,1376.0,6.3,40.1,0.3842
2,1195.0,1004.0,652.0,1078.0,1421.0,5.2,44.2,0.3943
2,1141.0,898.0,689.0,1014.0,1356.0,4.4,47.5,0.4017
2,1077.0,806.0,725.0,949.0,1296.0,4.0,49.1,0.4019
2,1052.0,740.0,768.0,913.0,1202.0,3.3,52.2,0.4074
2,1033.0,701.0,782.0,883.0,1206.0,3.2,52.4,0.4071
2,1080.0,768.0,732.0,924.0,1305.0,3.6,51.7,0.4123
2,1208.0,931.0,622.0,1052.0,1485.0,3.5,54.2,0.4297
0,1363.0,1183.0,520.0,1273.0,1643.0,5.2,48.3,0.4304
0,1239.0,1096.0,577.0,1211.0,1459.0,7.8,37.6,0.3994
2,1044.0,940.0,706.0,1014.0,1152.0,8.9,33.8,0.385
2,956.0,761.0,849.0,887.0,885.0,9.1,33.0,0.3827
2,955.0,725.0,890.0,880.0,770.0,9.1,34.5,0.3994
2,997.0,825.0,790.0,948.0,852.0,9.6,31.3,0.3763
2,987.0,810.0,801.0,939.0,830.0,8.5,36.3,0.4026
2,1007.0,798.0,793.0,942.0,867.0,9.3,34.6,0.405
2,1025.0,795.0,783.0,967.0,881.0,8.9,37.9,0.4318
2,1083.0,856.0,720.0,1010.0,975.0,8.2,41.8,0.4563
2,1143.0,960.0,641.0,1110.0,1136.0,7.4,44.5,0.4582
0,1288.0,1178.0,539.0,1300.0,1434.0,7.0,43.4,0.4366
0,1464.0,1421.0,457.0,1542.0,1746.0,6.6,43.4,0.4241
0,1341.0,1204.0,534.0,1294.0,1592.0,5.9,44.3,0.4137
2,1177.0,1004.0,640.0,1111.0,1341.0,5.0,46.6,0.4099
2,1089.0,913.0,712.0,1016.0,1208.0,5.8,40.3,0.374
2,1196.0,1014.0,643.0,1101.0,1334.0,5.4,43.8,0.3945
2,1107.0,874.0,721.0,984.0,1208.0,5.7,42.1,0.3883
2,1102.0,897.0,715.0,1024.0,1196.0,5.7,42.1,0.3885
2,993.0,688.0,847.0,874.0,931.0,5.8,42.9,0.399
2,912.0,559.0,1016.0,837.0,656.0,5.7,46.6,0.4298
2,883.0,496.0,1140.0,804.0,478.0,6.9,45.0,0.4499
2,893.0,507.0,1111.0,794.0,489.0,6.9,42.2,0.4224
2,1033.0,711.0,893.0,935.0,893.0,6.4,43.8,0.423
2,1222.0,966.0,636.0,1134.0,1322.0,6.6,44.6,0.4383
2,1190.0,1000.0,624.0,1152.0,1280.0,7.7,42.1,0.444
2,1035.0,783.0,794.0,969.0,943.0,10.1,36.7,0.4536
2,990.0,705.0,873.0,913.0,772.0,9.0,41.4,0.4775
2,1011.0,732.0,830.0,944.0,826.0,8.7,42.5,0.4787
2,1041.0,763.0,790.0,1003.0,808.0,8.3,47.8,0.5238
2,1086.0,850.0,723.0,1072.0,901.0,8.9,45.5,0.5208
2,1021.0,755.0,807.0,980.0,763.0,8.9,46.1,0.5256
2,1014.0,761.0,806.0,972.0,722.0,9.0,44.9,0.5173
2,1023.0,771.0,807.0,982.0,735.0,9.3,42.3,0.4974
2,1172.0,977.0,657.0,1160.0,1047.0,8.4,45.2,0.4977
2,1172.0,1017.0,623.0,1185.0,1163.0,7.6,47.8,0.5013
0,1219.0,1081.0,590.0,1246.0,1244.0,7.4,47.2,0.4871
2,1106.0,891.0,708.0,1058.0,1025.0,7.4,46.9,0.4854
2,1078.0,824.0,759.0,1016.0,982.0,6.9,48.2,0.4832
2,939.0,637.0,960.0,883.0,607.0,7.1,47.9,0.4867
2,975.0,670.0,943.0,910.0,616.0,6.9,48.7,0.4874
2,958.0,660.0,935.0,905.0,654.0,6.8,48.2,0.4792
2,921.0,594.0,1025.0,867.0,479.0,6.3,49.6,0.4787
2,931.0,580.0,983.0,863.0,487.0,5.6,52.9,0.4855
2,874.0,472.0,1179.0,803.0,382.0,6.4,49.8,0.4814
2,872.0,476.0,1249.0,794.0,350.0,6.9,48.1,0.4796
2,904.0,530.0,1079.0,846.0,438.0,6.4,50.2,0.485
2,951.0,568.0,1021.0,888.0,578.0,6.4,50.7,0.4886
2,1183.0,896.0,673.0,1115.0,1140.0,6.9,48.8,0.4903
2,1187.0,970.0,625.0,1174.0,1203.0,8.4,44.6,0.4922
2,1072.0,874.0,715.0,1033.0,1000.0,10.8,37.1,0.4794
2,1011.0,780.0,805.0,964.0,806.0,11.2,36.2,0.4818
2,997.0,752.0,837.0,952.0,724.0,11.8,34.4,0.4758
2,989.0,791.0,804.0,953.0,690.0,11.5,33.1,0.4479
2,1006.0,837.0,775.0,971.0,757.0,10.9,32.6,0.426
2,1016.0,845.0,771.0,987.0,818.0,11.3,31.7,0.4249
2,1069.0,918.0,724.0,1045.0,936.0,11.6,30.9,0.4223
2,1109.0,989.0,664.0,1096.0,1133.0,11.1,32.2,0.4243
2,1182.0,1071.0,617.0,1187.0,1298.0,9.7,36.0,0.4333
0,1253.0,1179.0,573.0,1268.0,1387.0,8.5,39.0,0.4336
0,1288.0,1228.0,549.0,1333.0,1502.0,8.3,40.3,0.4411
2,1153.0,981.0,666.0,1097.0,1273.0,8.0,41.3,0.4448
2,1161.0,969.0,677.0,1111.0,1271.0,7.0,44.2,0.4446
0,1271.0,1031.0,618.0,1138.0,1464.0,5.4,51.8,0.4698
2,1156.0,909.0,684.0,1023.0,1384.0,4.1,55.0,0.4558
2,1106.0,850.0,727.0,997.0,1281.0,3.1,57.8,0.4462
2,1008.0,726.0,834.0,913.0,1083.0,3.1,56.7,0.4388
2,966.0,703.0,865.0,903.0,989.0,2.2,59.6,0.4333
2,931.0,627.0,948.0,860.0,911.0,2.3,58.9,0.4317
2,922.0,611.0,962.0,867.0,893.0,1.9,60.0,0.4276
2,911.0,606.0,950.0,866.0,894.0,1.9,60.3,0.4293
2,993.0,736.0,819.0,941.0,1018.0,0.9,64.6,0.4294
2,1100.0,919.0,678.0,1072.0,1191.0,0.6,65.0,0.4231
2,1141.0,940.0,651.0,1099.0,1285.0,2.1,59.9,0.4338
2,1085.0,800.0,750.0,983.0,1219.0,3.1,57.2,0.4402
2,1153.0,853.0,696.0,1027.0,1370.0,4.2,54.0,0.4483
2,1122.0,831.0,722.0,982.0,1317.0,7.4,43.8,0.4538
2,992.0,685.0,890.0,902.0,818.0,11.2,34.5,0.4586
2,1018.0,693.0,868.0,937.0,683.0,13.8,32.4,0.5084
2,981.0,649.0,924.0,901.0,573.0,12.4,34.9,0.5002
2,988.0,679.0,905.0,911.0,595.0,12.8,31.9,0.4684
2,1059.0,777.0,797.0,969.0,774.0,13.5,29.1,0.4486
2,1110.0,870.0,708.0,1057.0,1059.0,11.6,33.3,0.454
2,1204.0,979.0,639.0,1147.0,1326.0,10.9,34.9,0.4568
0,1275.0,1061.0,593.0,1203.0,1494.0,10.4,37.3,0.4708
0,1297.0,1044.0,600.0,1185.0,1559.0,9.7,39.7,0.4792
0,1277.0,991.0,609.0,1141.0,1575.0,9.1,41.9,0.4857
2,1207.0,888.0,664.0,1062.0,1447.0,9.3,41.9,0.4927
2,1222.0,880.0,684.0,1083.0,1367.0,9.4,44.7,0.5279
2,1141.0,816.0,745.0,1026.0,1230.0,8.5,45.8,0.5108
2,1228.0,913.0,643.0,1124.0,1396.0,7.8,50.0,0.53
2,1120.0,770.0,756.0,1012.0,1191.0,7.7,49.7,0.5242
2,1067.0,758.0,775.0,993.0,1009.0,8.2,46.9,0.5099
2,947.0,580.0,978.0,894.0,572.0,8.4,48.6,0.5375
2,918.0,501.0,1148.0,881.0,420.0,8.0,54.7,0.5883
2,920.0,506.0,1142.0,905.0,453.0,7.8,55.7,0.5914
2,941.0,541.0,1065.0,919.0,520.0,8.0,53.8,0.5796
2,949.0,552.0,1035.0,919.0,531.0,8.8,50.7,0.5752
2,990.0,604.0,944.0,947.0,579.0,10.1,47.6,0.587
2,996.0,620.0,928.0,946.0,570.0,10.6,45.8,0.5838
2,1023.0,623.0,916.0,976.0,571.0,9.1,56.2,0.6515
2,1037.0,636.0,891.0,1024.0,582.0,7.9,66.5,0.7124
2,1017.0,613.0,919.0,1007.0,551.0,8.0,65.0,0.6991
2,1042.0,671.0,861.0,1038.0,634.0,8.4,61.0,0.6721
2,1037.0,665.0,854.0,1013.0,633.0,8.6,57.3,0.6429
2,1009.0,640.0,915.0,996.0,613.0,8.4,56.3,0.6227
2,1033.0,675.0,853.0,1006.0,702.0,8.0,57.7,0.6222
2,1016.0,647.0,906.0,997.0,649.0,7.1,62.6,0.6341
2,1076.0,745.0,801.0,1040.0,841.0,7.4,59.3,0.6123
2,1029.0,699.0,851.0,1001.0,795.0,7.7,56.9,0.5994
2,984.0,661.0,898.0,965.0,638.0,7.7,54.4,0.5753
2,1003.0,694.0,876.0,976.0,663.0,7.7,53.0,0.5572
2,1009.0,671.0,877.0,1010.0,610.0,6.7,62.8,0.6188
2,946.0,588.0,1005.0,948.0,480.0,6.6,61.9,0.6056
2,910.0,518.0,1130.0,936.0,404.0,5.7,70.3,0.6498
2,886.0,464.0,1273.0,919.0,357.0,4.5,79.2,0.6751
2,879.0,447.0,1317.0,910.0,348.0,4.0,81.5,0.6712
2,907.0,502.0,1129.0,947.0,399.0,3.9,81.5,0.6653
2,949.0,589.0,987.0,1001.0,464.0,3.3,84.3,0.6617
2,1054.0,786.0,766.0,1129.0,699.0,4.2,80.9,0.6742
2,1214.0,1010.0,609.0,1282.0,1006.0,5.1,75.0,0.6646
0,1253.0,1095.0,566.0,1375.0,1206.0,4.6,77.6,0.6651
2,1197.0,964.0,614.0,1260.0,1122.0,3.8,84.3,0.6811
2,1156.0,859.0,684.0,1196.0,1069.0,6.2,77.4,0.7383
2,1132.0,837.0,694.0,1199.0,1062.0,7.7,67.6,0.7133
2,1207.0,950.0,623.0,1303.0,1162.0,8.1,64.8,0.7039
2,1127.0,896.0,664.0,1227.0,1010.0,8.1,64.0,0.6942
2,1112.0,851.0,694.0,1184.0,931.0,6.9,71.3,0.7118
2,1186.0,925.0,641.0,1272.0,1025.0,7.0,73.7,0.7425
2,1192.0,976.0,618.0,1290.0,1110.0,7.3,70.0,0.7195
2,1177.0,931.0,656.0,1281.0,979.0,5.8,77.8,0.7223
0,1478.0,1301.0,469.0,1682.0,1409.0,5.4,80.9,0.7293
0,1486.0,1289.0,466.0,1633.0,1438.0,5.5,79.8,0.7261
2,1118.0,863.0,680.0,1194.0,1083.0,5.6,74.0,0.6808
2,1019.0,730.0,811.0,1082.0,916.0,5.6,71.9,0.6604
2,961.0,643.0,914.0,1046.0,825.0,6.4,70.7,0.6848
2,931.0,591.0,1015.0,1015.0,704.0,6.3,70.1,0.6733
2,938.0,592.0,992.0,1032.0,668.0,4.4,80.5,0.6825
2,888.0,511.0,1112.0,963.0,512.0,3.9,83.1,0.6787
2,844.0,454.0,1327.0,908.0,385.0,2.5,86.6,0.6407
2,851.0,440.0,1349.0,918.0,377.0,3.4,85.4,0.6736
2,905.0,503.0,1152.0,956.0,467.0,3.3,84.5,0.6608
2,987.0,628.0,929.0,1035.0,691.0,3.4,84.5,0.664
2,1124.0,842.0,690.0,1180.0,981.0,3.4,84.5,0.6677
0,1408.0,1200.0,490.0,1523.0,1369.0,4.1,82.7,0.682
0,1501.0,1403.0,418.0,1789.0,1589.0,4.6,80.3,0.6889
0,1266.0,1149.0,528.0,1435.0,1370.0,6.1,74.0,0.7025
2,1082.0,855.0,725.0,1140.0,1005.0,9.1,58.4,0.6787
2,1123.0,942.0,653.0,1225.0,1105.0,11.4,48.9,0.658
2,1174.0,979.0,611.0,1282.0,1142.0,8.3,64.4,0.7072
0,1209.0,1082.0,573.0,1355.0,1105.0,6.5,71.0,0.6903
2,1120.0,940.0,657.0,1245.0,917.0,6.6,71.1,0.6973
2,1174.0,1010.0,613.0,1305.0,1050.0,7.4,69.3,0.7165
2,1068.0,896.0,702.0,1177.0,848.0,6.4,70.6,0.6834
2,1146.0,985.0,650.0,1236.0,952.0,5.8,72.5,0.6718
2,1204.0,1089.0,601.0,1335.0,1059.0,5.6,71.6,0.6556
2,1062.0,903.0,717.0,1141.0,720.0,4.2,77.8,0.6491
2,1122.0,919.0,680.0,1201.0,981.0,4.3,79.5,0.6648
2,940.0,686.0,903.0,1005.0,648.0,4.5,75.5,0.6429
2,935.0,628.0,995.0,986.0,611.0,4.4,77.1,0.6523
2,1011.0,725.0,852.0,1050.0,773.0,4.2,78.2,0.6506
2,952.0,665.0,907.0,1007.0,703.0,4.0,79.3,0.6517
2,899.0,572.0,1063.0,951.0,560.0,3.9,78.7,0.643
2,880.0,533.0,1161.0,948.0,499.0,3.5,80.6,0.6403
2,882.0,516.0,1132.0,959.0,575.0,3.2,82.8,0.6426
2,844.0,466.0,1261.0,894.0,478.0,4.1,76.0,0.6304
2,860.0,497.0,1251.0,912.0,442.0,4.2,75.9,0.6311
2,917.0,597.0,1084.0,994.0,602.0,4.5,76.3,0.648
2,1126.0,886.0,719.0,1208.0,936.0,4.4,79.1,0.6687
2,1033.0,820.0,740.0,1114.0,870.0,4.3,79.8,0.6706
2,944.0,697.0,881.0,1022.0,688.0,3.1,83.0,0.6419
2,955.0,687.0,895.0,1004.0,706.0,2.8,83.9,0.6326
2,992.0,694.0,900.0,1020.0,756.0,3.9,79.5,0.6482
2,1090.0,910.0,701.0,1192.0,974.0,5.1,74.5,0.6621
2,1151.0,983.0,629.0,1244.0,1121.0,5.7,72.5,0.6686
2,1148.0,975.0,638.0,1243.0,1064.0,5.6,74.6,0.6826
2,1140.0,946.0,653.0,1231.0,1076.0,5.4,75.9,0.6875
2,1160.0,990.0,632.0,1254.0,1090.0,4.9,78.2,0.6826
2,1167.0,1027.0,610.0,1289.0,1119.0,4.8,79.0,0.6845
2,1194.0,1038.0,605.0,1317.0,1181.0,4.8,78.6,0.6826
0,1224.0,1071.0,590.0,1331.0,1240.0,4.6,78.2,0.6686
2,1209.0,1028.0,619.0,1264.0,1254.0,4.2,79.7,0.6647
2,1145.0,962.0,657.0,1212.0,1192.0,4.3,78.9,0.6621
2,1016.0,744.0,825.0,1053.0,1020.0,4.2,77.9,0.6479
2,1018.0,750.0,831.0,1051.0,916.0,3.2,83.0,0.645
2,937.0,625.0,977.0,983.0,798.0,5.1,74.5,0.6626
2,949.0,647.0,956.0,1023.0,762.0,4.0,80.8,0.6666
2,895.0,545.0,1080.0,964.0,685.0,4.3,81.0,0.677
2,884.0,528.0,1148.0,960.0,619.0,2.9,85.3,0.6503
2,883.0,518.0,1135.0,962.0,606.0,3.3,84.5,0.6612
2,968.0,652.0,937.0,1051.0,788.0,3.6,84.4,0.6724
2,1071.0,787.0,755.0,1146.0,947.0,3.8,83.8,0.6771
0,1310.0,1082.0,555.0,1400.0,1254.0,4.1,82.5,0.6819
0,1332.0,1132.0,522.0,1439.0,1352.0,3.9,83.9,0.6847
2,1178.0,939.0,640.0,1228.0,1165.0,4.1,83.9,0.6967
2,1093.0,836.0,728.0,1142.0,1025.0,4.6,82.0,0.6997
2,1060.0,784.0,770.0,1117.0,941.0,5.5,79.5,0.7238
2,1121.0,873.0,697.0,1206.0,1000.0,6.7,76.2,0.7519
2,1118.0,888.0,685.0,1223.0,962.0,7.9,69.0,0.7394
0,1205.0,1002.0,612.0,1299.0,1214.0,8.5,66.3,0.7387
0,1274.0,1094.0,537.0,1364.0,1428.0,7.6,70.8,0.7399
0,1301.0,1092.0,525.0,1388.0,1484.0,7.2,72.4,0.7372
0,1405.0,1224.0,468.0,1503.0,1658.0,6.7,74.2,0.7326
0,1375.0,1230.0,473.0,1522.0,1632.0,6.1,75.8,0.7184
0,1367.0,1225.0,485.0,1492.0,1628.0,6.3,74.9,0.7187
0,1324.0,1121.0,531.0,1399.0,1481.0,6.0,78.0,0.7345
2,1170.0,917.0,652.0,1218.0,1205.0,5.6,81.2,0.7443
2,1169.0,895.0,681.0,1201.0,1106.0,5.5,81.5,0.7393
2,1181.0,905.0,657.0,1215.0,1106.0,5.3,84.1,0.753
2,1146.0,860.0,692.0,1181.0,1092.0,5.2,83.9,0.7487
2,1059.0,773.0,767.0,1127.0,984.0,5.1,83.5,0.7416
2,1010.0,679.0,854.0,1046.0,889.0,5.0,82.9,0.73
2,1007.0,677.0,863.0,1053.0,848.0,5.0,82.5,0.7265
2,932.0,595.0,991.0,1025.0,771.0,5.0,82.8,0.7273
2,998.0,717.0,872.0,1095.0,895.0,5.2,80.7,0.7219
2,1072.0,819.0,751.0,1161.0,1003.0,5.3,80.2,0.7179
0,1424.0,1260.0,494.0,1568.0,1442.0,5.7,79.7,0.734
0,1527.0,1502.0,411.0,1868.0,1727.0,6.2,76.8,0.7355
0,1364.0,1234.0,504.0,1533.0,1606.0,8.3,67.4,0.7384
0,1190.0,1044.0,615.0,1324.0,1354.0,10.8,52.1,0.6746
2,1021.0,839.0,771.0,1084.0,914.0,13.0,40.3,0.6028
2,1051.0,914.0,707.0,1122.0,913.0,10.9,44.8,0.5849
2,1021.0,882.0,727.0,1097.0,847.0,11.5,42.1,0.5706
2,1016.0,842.0,762.0,1067.0,778.0,12.5,38.5,0.5568
2,1040.0,893.0,723.0,1104.0,835.0,12.6,38.5,0.5586
2,1089.0,916.0,710.0,1124.0,903.0,12.3,38.4,0.5488
2,1148.0,1054.0,631.0,1233.0,1157.0,10.2,43.1,0.5366
2,1162.0,1070.0,625.0,1229.0,1237.0,8.6,48.2,0.5385
0,1197.0,1102.0,609.0,1309.0,1253.0,7.8,50.8,0.5384
2,1059.0,905.0,735.0,1098.0,1130.0,7.3,52.8,0.5404
0,1207.0,1023.0,629.0,1233.0,1373.0,6.2,62.4,0.5958
2,1188.0,983.0,648.0,1193.0,1338.0,5.1,68.2,0.6033
2,1153.0,933.0,687.0,1133.0,1268.0,4.7,69.0,0.5936
2,1061.0,849.0,757.0,1063.0,1125.0,4.0,69.8,0.5756
2,1028.0,831.0,771.0,1063.0,1054.0,3.4,71.3,0.5626
2,1082.0,843.0,729.0,1061.0,1090.0,2.8,74.0,0.5591
2,1037.0,771.0,784.0,1004.0,1029.0,2.3,75.1,0.5514
2,942.0,688.0,897.0,947.0,882.0,3.8,66.2,0.5359
2,904.0,633.0,993.0,897.0,717.0,4.6,60.5,0.5173
2,855.0,578.0,1121.0,855.0,599.0,5.7,54.3,0.5022
2,914.0,705.0,966.0,926.0,687.0,6.2,51.3,0.488
2,933.0,714.0,899.0,927.0,706.0,6.7,49.5,0.4892
2,942.0,696.0,920.0,912.0,682.0,8.8,45.0,0.5114
2,943.0,688.0,924.0,909.0,629.0,9.6,43.5,0.5202
2,959.0,717.0,892.0,939.0,664.0,9.8,43.3,0.5238
2,971.0,739.0,868.0,972.0,664.0,9.9,43.5,0.53
2,954.0,735.0,863.0,953.0,630.0,9.8,44.1,0.5332
2,929.0,645.0,962.0,906.0,524.0,9.7,45.1,0.5417
2,933.0,660.0,955.0,911.0,488.0,9.0,47.3,0.542
2,967.0,704.0,888.0,961.0,609.0,7.4,56.0,0.5797
2,987.0,723.0,863.0,974.0,684.0,6.4,61.7,0.5956
2,1003.0,772.0,821.0,1008.0,788.0,6.8,58.0,0.5758
2,1138.0,986.0,663.0,1188.0,1030.0,7.3,56.7,0.5806
2,1087.0,903.0,713.0,1106.0,1026.0,7.2,56.7,0.579
2,1129.0,920.0,689.0,1139.0,1182.0,6.7,59.1,0.5848
2,1191.0,1005.0,637.0,1224.0,1284.0,5.9,62.1,0.5808
0,1256.0,1032.0,612.0,1230.0,1371.0,6.3,60.4,0.5811
2,1171.0,960.0,679.0,1121.0,1234.0,5.5,60.2,0.5458
2,1016.0,780.0,798.0,1004.0,1060.0,4.6,64.4,0.5525
2,1035.0,805.0,790.0,1022.0,1038.0,3.5,68.8,0.5458
2,980.0,744.0,840.0,979.0,970.0,2.8,70.9,0.5383
2,901.0,631.0,988.0,915.0,751.0,3.7,65.9,0.5295
2,914.0,655.0,949.0,949.0,742.0,1.6,74.3,0.5168
2,940.0,665.0,900.0,955.0,879.0,1.4,76.3,0.5261
2,935.0,689.0,894.0,949.0,871.0,2.5,69.5,0.5172
2,970.0,691.0,891.0,956.0,890.0,3.7,64.8,0.5208
2,1064.0,830.0,739.0,1053.0,1059.0,7.8,49.9,0.5307
2,1023.0,776.0,817.0,972.0,808.0,11.2,37.1,0.4936
2,955.0,706.0,888.0,884.0,616.0,12.6,30.6,0.446
2,943.0,714.0,898.0,868.0,609.0,10.3,32.9,0.4131
2,895.0,622.0,1012.0,804.0,471.0,10.0,35.5,0.4346
2,890.0,601.0,1053.0,803.0,391.0,8.8,40.0,0.4538
2,904.0,608.0,1033.0,807.0,398.0,8.3,40.3,0.4431
2,888.0,611.0,1035.0,791.0,419.0,7.9,38.9,0.4141
2,905.0,648.0,1007.0,822.0,509.0,6.8,41.0,0.4072
2,974.0,757.0,886.0,884.0,723.0,6.0,42.0,0.3962
2,1048.0,847.0,801.0,955.0,888.0,5.5,43.5,0.3963
2,895.0,660.0,975.0,826.0,596.0,4.6,46.8,0.4001
2,875.0,594.0,1079.0,793.0,451.0,4.5,48.0,0.4085
2,943.0,703.0,950.0,870.0,581.0,4.3,48.6,0.4069
2,947.0,697.0,913.0,878.0,698.0,4.0,50.0,0.4115
2,865.0,566.0,1119.0,797.0,423.0,4.0,52.9,0.4338
2,823.0,503.0,1268.0,755.0,332.0,4.0,51.0,0.42
2,798.0,452.0,1435.0,699.0,280.0,3.9,48.1,0.393
2,781.0,425.0,1609.0,667.0,261.0,3.8,48.0,0.3879
2,781.0,409.0,1664.0,669.0,252.0,3.6,50.3,0.4022
2,779.0,402.0,1665.0,684.0,257.0,2.8,52.6,0.3972
2,817.0,462.0,1378.0,732.0,308.0,2.5,52.7,0.3908
2,893.0,629.0,1015.0,837.0,456.0,2.7,50.5,0.3804
2,883.0,659.0,943.0,842.0,527.0,2.7,49.4,0.3714
2,839.0,608.0,1040.0,780.0,475.0,3.3,45.2,0.354
2,809.0,587.0,1084.0,744.0,434.0,3.1,43.3,0.3354
2,805.0,584.0,1137.0,726.0,385.0,3.7,38.8,0.3123
2,840.0,661.0,1016.0,757.0,435.0,4.0,36.8,0.3016
2,812.0,646.0,1045.0,731.0,421.0,3.7,35.0,0.2823
2,782.0,594.0,1134.0,673.0,371.0,3.4,32.4,0.2563
2,799.0,617.0,1099.0,699.0,382.0,3.3,33.1,0.2592
2,812.0,640.0,1093.0,716.0,408.0,2.6,35.1,0.2618
2,922.0,842.0,849.0,858.0,676.0,2.1,36.6,0.2634
2,938.0,903.0,790.0,885.0,798.0,1.6,37.9,0.2645
2,939.0,872.0,814.0,870.0,793.0,1.4,38.0,0.2615
2,827.0,687.0,1015.0,727.0,573.0,1.0,36.6,0.2456
2,776.0,580.0,1183.0,655.0,402.0,1.1,35.4,0.2382
2,755.0,538.0,1285.0,621.0,343.0,1.0,34.3,0.2292
2,766.0,515.0,1327.0,642.0,322.0,1.0,37.4,0.2487
2,762.0,487.0,1364.0,640.0,307.0,0.7,41.2,0.2693
2,736.0,453.0,1498.0,602.0,268.0,0.2,40.6,0.2566
2,715.0,387.0,1791.0,559.0,227.0,0.1,40.0,0.2499
2,716.0,390.0,1804.0,551.0,221.0,-0.1,37.5,0.2326
2,731.0,408.0,1727.0,561.0,225.0,-0.3,38.4,0.2347
2,735.0,407.0,1677.0,579.0,232.0,-0.6,40.1,0.2404
2,779.0,500.0,1361.0,652.0,313.0,-0.6,41.4,0.2478
2,915.0,774.0,911.0,839.0,629.0,-0.2,40.2,0.2478
2,905.0,818.0,853.0,840.0,790.0,0.6,36.8,0.2388
2,835.0,688.0,988.0,720.0,630.0,2.8,30.3,0.2294
2,798.0,609.0,1122.0,660.0,472.0,3.1,29.1,0.224
2,783.0,580.0,1181.0,647.0,378.0,3.3,29.2,0.2288
2,807.0,623.0,1097.0,684.0,384.0,3.1,31.0,0.2386
2,827.0,660.0,1030.0,709.0,426.0,3.2,30.8,0.2399
2,822.0,632.0,1074.0,701.0,442.0,3.3,31.5,0.2464
2,830.0,655.0,1045.0,710.0,467.0,4.1,28.6,0.2363
2,833.0,653.0,1073.0,708.0,448.0,3.9,29.2,0.2378
2,882.0,766.0,922.0,815.0,582.0,1.9,35.0,0.2494
2,967.0,880.0,815.0,887.0,892.0,1.8,35.4,0.2497
2,1009.0,958.0,751.0,935.0,1006.0,1.4,36.5,0.2503
2,911.0,777.0,913.0,796.0,852.0,0.8,36.3,0.2388
2,808.0,613.0,1137.0,672.0,543.0,0.6,34.1,0.221
2,812.0,621.0,1143.0,669.0,529.0,0.3,31.9,0.2031
2,790.0,597.0,1184.0,637.0,465.0,0.2,30.2,0.191
2,765.0,544.0,1253.0,601.0,405.0,0.0,29.7,0.1847
2,761.0,525.0,1307.0,605.0,332.0,-0.1,31.9,0.1975
2,788.0,486.0,1294.0,650.0,420.0,-1.1,41.4,0.2379
2,790.0,471.0,1302.0,669.0,532.0,-1.4,44.9,0.2536
2,804.0,489.0,1262.0,698.0,630.0,-1.3,46.3,0.2635
2,831.0,537.0,1158.0,722.0,768.0,-1.2,47.2,0.27
2,881.0,680.0,1023.0,813.0,866.0,-1.3,47.5,0.2702
2,1099.0,1013.0,690.0,1056.0,1254.0,-1.9,51.4,0.2801
2,1100.0,1065.0,669.0,1072.0,1347.0,-0.5,45.9,0.2763
2,1042.0,910.0,774.0,922.0,1216.0,4.6,32.5,0.2783
2,1026.0,935.0,747.0,942.0,1151.0,7.5,24.3,0.2528
2,905.0,796.0,900.0,767.0,699.0,9.6,18.8,0.2246
2,891.0,790.0,927.0,764.0,584.0,9.3,18.4,0.2157
2,968.0,938.0,790.0,897.0,836.0,9.7,18.6,0.2244
2,909.0,826.0,898.0,802.0,626.0,10.1,16.7,0.2062
2,938.0,945.0,804.0,855.0,878.0,11.8,13.5,0.1862
2,971.0,917.0,802.0,885.0,952.0,11.6,15.3,0.2086
0,1148.0,1226.0,624.0,1126.0,1460.0,9.1,19.2,0.2225
0,1299.0,1384.0,523.0,1325.0,1855.0,7.2,25.6,0.2611
0,1315.0,1269.0,551.0,1282.0,1860.0,6.1,34.0,0.3237
2,1180.0,1020.0,656.0,1054.0,1629.0,5.1,36.4,0.323
2,1070.0,821.0,754.0,936.0,1454.0,4.8,39.6,0.344
2,1031.0,763.0,818.0,905.0,1348.0,5.0,39.6,0.3479
2,1047.0,778.0,799.0,907.0,1326.0,4.1,41.7,0.3456
2,1030.0,724.0,832.0,893.0,1285.0,4.4,43.3,0.3656
2,986.0,682.0,875.0,884.0,1205.0,3.8,45.9,0.3728
2,992.0,655.0,876.0,887.0,1220.0,3.6,49.7,0.396
2,1076.0,715.0,783.0,947.0,1448.0,3.4,56.3,0.4455
2,1104.0,713.0,754.0,1001.0,1433.0,2.9,67.9,0.5183
2,1160.0,770.0,702.0,1063.0,1447.0,2.8,74.1,0.5618
2,1217.0,846.0,650.0,1120.0,1481.0,2.9,75.6,0.5742
0,1457.0,1167.0,496.0,1422.0,1785.0,3.8,72.4,0.5867
0,1337.0,1212.0,529.0,1406.0,1756.0,5.9,50.2,0.4706
2,1111.0,931.0,687.0,1069.0,1368.0,7.3,39.4,0.4035
2,1165.0,852.0,692.0,1155.0,1197.0,3.6,75.9,0.6055
2,1129.0,783.0,757.0,1127.0,1084.0,3.6,78.6,0.6283
2,1092.0,759.0,773.0,1088.0,1039.0,5.3,69.2,0.6213
2,1096.0,777.0,767.0,1107.0,961.0,6.1,66.0,0.6255
2,1108.0,783.0,758.0,1115.0,964.0,6.0,70.1,0.6577
2,1124.0,787.0,740.0,1147.0,941.0,6.3,72.1,0.6907
2,1216.0,879.0,670.0,1252.0,1111.0,6.3,75.7,0.7252
0,1437.0,1202.0,507.0,1510.0,1459.0,5.6,80.4,0.7382
0,1473.0,1245.0,476.0,1539.0,1519.0,4.9,82.4,0.7201
0,1396.0,1164.0,508.0,1488.0,1412.0,4.3,84.0,0.7051
0,1285.0,1013.0,568.0,1331.0,1336.0,4.3,83.6,0.7025
2,1206.0,928.0,621.0,1235.0,1285.0,4.6,82.5,0.7066
2,1179.0,868.0,664.0,1205.0,1240.0,4.4,82.0,0.6938
2,1213.0,877.0,654.0,1206.0,1282.0,4.3,80.9,0.6791
2,1142.0,849.0,680.0,1173.0,1189.0,4.1,81.2,0.6721
2,1089.0,750.0,765.0,1108.0,1117.0,3.9,80.9,0.6613
2,982.0,617.0,891.0,977.0,1024.0,4.5,70.6,0.6004
2,888.0,526.0,1134.0,912.0,744.0,4.5,65.1,0.5547
2,979.0,602.0,925.0,993.0,928.0,4.0,75.2,0.6161
2,1023.0,690.0,833.0,1049.0,1006.0,3.7,76.4,0.6164
2,1153.0,878.0,682.0,1180.0,1173.0,3.1,77.3,0.5985
0,1393.0,1204.0,506.0,1497.0,1568.0,3.7,74.4,0.5992
0,1567.0,1502.0,399.0,1848.0,1913.0,5.0,69.4,0.6118
0,1334.0,1174.0,524.0,1432.0,1643.0,6.5,60.9,0.5919
0,1280.0,1165.0,533.0,1435.0,1605.0,7.6,59.8,0.6245
0,1330.0,1145.0,537.0,1399.0,1668.0,8.6,57.6,0.6471
0,1349.0,1193.0,507.0,1493.0,1710.0,10.9,52.4,0.6826
0,1349.0,1167.0,515.0,1443.0,1632.0,12.3,48.3,0.6871
0,1344.0,1182.0,525.0,1411.0,1545.0,12.5,43.4,0.6298
0,1337.0,1198.0,521.0,1401.0,1557.0,11.9,42.3,0.5902
0,1316.0,1177.0,544.0,1392.0,1529.0,12.3,41.2,0.5867
0,1253.0,1094.0,575.0,1327.0,1430.0,10.8,48.1,0.6235
0,1258.0,1144.0,558.0,1336.0,1509.0,8.9,52.5,0.5996
0,1326.0,1253.0,514.0,1479.0,1615.0,8.4,54.7,0.6057
2,1109.0,896.0,710.0,1132.0,1242.0,7.5,58.7,0.6112
2,1029.0,762.0,820.0,1049.0,1065.0,6.9,60.0,0.5977
2,1112.0,833.0,759.0,1104.0,1180.0,6.6,61.3,0.5995
2,1100.0,810.0,768.0,1070.0,1158.0,6.3,59.8,0.5761
2,1136.0,849.0,715.0,1132.0,1216.0,5.4,65.8,0.5935
2,1000.0,712.0,848.0,989.0,971.0,5.8,59.6,0.5523
2,1041.0,732.0,789.0,1003.0,1076.0,4.9,62.6,0.5477
2,1009.0,710.0,819.0,974.0,1011.0,4.4,63.9,0.5385
2,975.0,681.0,889.0,948.0,813.0,4.2,62.5,0.5191
2,993.0,727.0,810.0,989.0,1001.0,3.1,68.6,0.5302
2,872.0,587.0,1082.0,866.0,655.0,4.6,54.6,0.4682
2,1017.0,818.0,842.0,1034.0,933.0,5.0,54.5,0.4788
2,1070.0,928.0,701.0,1112.0,1088.0,7.0,48.1,0.4847
2,915.0,658.0,957.0,866.0,562.0,10.0,37.7,0.4643
2,978.0,772.0,870.0,955.0,586.0,13.0,30.3,0.452
2,968.0,777.0,830.0,929.0,617.0,14.0,28.1,0.4476
2,1008.0,843.0,787.0,998.0,705.0,13.3,28.9,0.4399
2,1025.0,913.0,724.0,1035.0,814.0,13.4,29.0,0.4436
2,983.0,806.0,820.0,966.0,615.0,13.5,28.3,0.4374
2,1018.0,868.0,751.0,1015.0,804.0,13.0,29.7,0.442
2,1101.0,916.0,721.0,1125.0,861.0,11.6,38.7,0.5271
2,1116.0,888.0,695.0,1176.0,980.0,8.6,56.3,0.6312
2,1161.0,945.0,654.0,1205.0,1077.0,8.5,57.9,0.6435
2,1212.0,1010.0,622.0,1284.0,1214.0,7.8,63.4,0.6735
2,1225.0,985.0,635.0,1255.0,1169.0,7.2,69.5,0.7084
2,1154.0,891.0,697.0,1197.0,1079.0,6.5,74.7,0.7248
2,1140.0,856.0,707.0,1171.0,1147.0,6.5,73.9,0.7224
2,1201.0,949.0,665.0,1220.0,1260.0,6.8,72.1,0.7143
2,1011.0,742.0,842.0,998.0,929.0,7.0,60.0,0.6055
2,867.0,590.0,1088.0,826.0,465.0,7.2,47.8,0.487
2,856.0,545.0,1166.0,803.0,398.0,7.2,47.3,0.483
2,859.0,527.0,1203.0,810.0,342.0,6.8,52.9,0.5245
2,859.0,479.0,1285.0,822.0,313.0,5.8,65.0,0.6029
2,842.0,454.0,1433.0,788.0,292.0,5.8,59.4,0.5502
2,856.0,505.0,1246.0,833.0,367.0,5.5,58.3,0.529
2,867.0,500.0,1219.0,818.0,387.0,5.9,54.8,0.5119
2,877.0,541.0,1148.0,829.0,399.0,7.3,48.7,0.5007
2,869.0,535.0,1162.0,783.0,376.0,9.4,39.9,0.4707
2,900.0,582.0,1081.0,792.0,377.0,11.2,33.8,0.449
2,899.0,603.0,1055.0,782.0,379.0,12.3,29.9,0.4255
2,895.0,624.0,1002.0,787.0,387.0,14.8,23.7,0.3945
2,992.0,844.0,830.0,990.0,552.0,13.1,26.6,0.399
2,1104.0,1095.0,609.0,1210.0,930.0,13.3,25.7,0.3914
2,933.0,711.0,912.0,850.0,554.0,12.0,27.7,0.3885
2,973.0,778.0,839.0,916.0,723.0,11.5,30.1,0.4067
2,1069.0,923.0,735.0,1036.0,875.0,10.1,33.2,0.4115
2,1055.0,821.0,797.0,942.0,949.0,8.6,38.1,0.4282
2,1032.0,778.0,834.0,926.0,869.0,8.0,41.2,0.4433
2,982.0,714.0,879.0,905.0,747.0,7.5,43.8,0.4551
2,968.0,680.0,918.0,891.0,740.0,6.8,46.9,0.465
2,979.0,718.0,883.0,903.0,807.0,6.1,46.3,0.4394
2,935.0,666.0,939.0,836.0,653.0,5.6,45.5,0.4187
2,942.0,666.0,960.0,848.0,553.0,5.4,48.8,0.4393
2,883.0,561.0,1080.0,785.0,412.0,5.1,51.2,0.4534
2,841.0,470.0,1311.0,708.0,289.0,5.3,51.0,0.4563
2,843.0,443.0,1490.0,730.0,262.0,5.2,57.2,0.5094
2,872.0,460.0,1359.0,755.0,288.0,4.5,63.1,0.5381
2,862.0,474.0,1312.0,753.0,310.0,5.2,54.5,0.486
2,917.0,562.0,1099.0,827.0,418.0,5.6,51.3,0.4712
2,1022.0,771.0,812.0,941.0,769.0,5.9,45.4,0.4244
2,1022.0,837.0,755.0,978.0,881.0,6.9,41.3,0.4145
2,961.0,789.0,839.0,910.0,816.0,8.6,34.2,0.3834
2,912.0,731.0,912.0,811.0,684.0,9.6,27.7,0.3308
2,896.0,731.0,911.0,799.0,627.0,10.6,25.3,0.3224
2,890.0,726.0,921.0,779.0,523.0,10.2,25.6,0.3181
2,891.0,740.0,919.0,788.0,502.0,10.0,25.2,0.3079
2,894.0,737.0,913.0,805.0,604.0,9.7,25.7,0.3088
2,907.0,753.0,886.0,819.0,682.0,9.7,26.8,0.3226
2,973.0,827.0,825.0,888.0,846.0,9.4,27.3,0.3216
2,1035.0,961.0,726.0,985.0,1027.0,7.9,28.0,0.2999
2,1146.0,1147.0,621.0,1148.0,1315.0,6.9,30.7,0.3066
0,1176.0,1162.0,600.0,1137.0,1363.0,6.1,33.3,0.3152
2,1057.0,935.0,720.0,982.0,1236.0,5.0,37.4,0.329
2,974.0,763.0,861.0,865.0,1076.0,4.2,40.9,0.3417
2,1044.0,834.0,781.0,924.0,1200.0,3.9,43.5,0.3538
2,988.0,734.0,860.0,868.0,1081.0,3.0,47.7,0.3658
2,1016.0,781.0,799.0,918.0,1174.0,2.5,52.1,0.3855
2,929.0,659.0,920.0,851.0,1033.0,2.0,53.5,0.3831
2,876.0,576.0,1040.0,815.0,900.0,1.0,56.7,0.3803
2,872.0,558.0,1054.0,807.0,853.0,0.5,59.4,0.3841
2,888.0,574.0,1035.0,820.0,886.0,1.4,56.8,0.3903
2,927.0,638.0,949.0,846.0,949.0,0.9,58.4,0.388
2,991.0,786.0,817.0,931.0,1037.0,0.3,61.0,0.3881
0,1317.0,1247.0,558.0,1360.0,1571.0,0.9,59.1,0.3913
0,1402.0,1462.0,449.0,1599.0,1885.0,4.1,47.9,0.3959
0,1222.0,1188.0,554.0,1265.0,1683.0,7.7,34.6,0.3652
2,1109.0,1060.0,650.0,1091.0,1412.0,10.9,25.7,0.3341
2,959.0,875.0,797.0,864.0,1006.0,13.7,17.4,0.2715
2,964.0,902.0,780.0,882.0,855.0,14.0,16.8,0.2672
2,1006.0,1006.0,705.0,988.0,964.0,14.1,17.0,0.2729
2,1002.0,968.0,732.0,920.0,886.0,15.0,15.8,0.2678
2,997.0,975.0,739.0,926.0,947.0,16.5,14.9,0.2775
2,1019.0,964.0,729.0,957.0,984.0,15.8,16.7,0.2972
0,1192.0,1196.0,581.0,1222.0,1450.0,13.2,23.9,0.3597
0,1399.0,1387.0,487.0,1499.0,1837.0,11.0,33.8,0.4436
0,1419.0,1408.0,466.0,1531.0,1899.0,9.5,39.0,0.4644
0,1250.0,1094.0,600.0,1198.0,1629.0,8.5,42.4,0.4716
2,1156.0,916.0,687.0,1055.0,1490.0,7.5,44.0,0.4564
2,1064.0,783.0,785.0,954.0,1319.0,6.6,46.0,0.4505
2,1066.0,771.0,795.0,949.0,1247.0,5.5,49.6,0.4526
2,1031.0,741.0,821.0,927.0,1144.0,4.9,52.2,0.4567
2,973.0,663.0,889.0,887.0,1014.0,4.6,53.5,0.4584
2,937.0,600.0,985.0,873.0,885.0,4.7,53.1,0.4589
2,930.0,616.0,969.0,893.0,875.0,3.8,56.8,0.4614
2,949.0,640.0,902.0,909.0,971.0,2.3,63.5,0.463
2,979.0,707.0,851.0,959.0,1048.0,2.0,64.9,0.4657
2,1094.0,865.0,708.0,1061.0,1223.0,2.0,65.3,0.4688
0,1450.0,1322.0,490.0,1497.0,1756.0,3.3,61.6,0.4829
0,1508.0,1479.0,419.0,1685.0,2014.0,5.7,52.5,0.4851
0,1374.0,1255.0,504.0,1375.0,1855.0,8.3,43.5,0.4774
0,1308.0,1117.0,549.0,1261.0,1795.0,10.5,38.9,0.4926
0,1249.0,996.0,593.0,1198.0,1575.0,14.5,33.4,0.5488
0,1282.0,1023.0,573.0,1305.0,1461.0,15.7,34.6,0.6147
0,1253.0,988.0,589.0,1292.0,1314.0,16.1,36.3,0.6593
1,1222.0,924.0,612.0,1216.0,1147.0,17.3,34.5,0.6728
1,1201.0,882.0,638.0,1189.0,948.0,17.6,34.1,0.6781
0,1238.0,985.0,592.0,1271.0,1252.0,18.0,33.1,0.6779
0,1434.0,1234.0,476.0,1520.0,1676.0,14.6,41.0,0.6792
0,1573.0,1436.0,407.0,1747.0,2056.0,12.8,46.2,0.6794
0,1552.0,1413.0,407.0,1724.0,2088.0,11.5,53.9,0.7312
0,1510.0,1297.0,458.0,1606.0,1945.0,10.6,58.8,0.7512
2,1165.0,870.0,671.0,1181.0,1482.0,9.7,60.0,0.7238
2,1177.0,837.0,670.0,1161.0,1448.0,8.3,64.2,0.7071
2,1135.0,800.0,705.0,1130.0,1304.0,7.8,65.5,0.6961
2,1070.0,739.0,767.0,1070.0,1186.0,7.5,65.9,0.6868
2,1034.0,715.0,801.0,1067.0,1051.0,6.1,72.1,0.6847
2,1014.0,731.0,784.0,1062.0,1038.0,4.6,78.2,0.6684
2,988.0,673.0,838.0,1034.0,969.0,4.0,80.9,0.667
2,975.0,668.0,874.0,1020.0,951.0,4.2,79.1,0.6611
2,984.0,681.0,852.0,1020.0,970.0,5.3,73.2,0.6577
2,1092.0,831.0,720.0,1143.0,1090.0,4.3,76.1,0.6395
0,1454.0,1299.0,457.0,1606.0,1673.0,4.8,74.6,0.647
0,1446.0,1328.0,439.0,1620.0,1833.0,7.5,64.5,0.6702
0,1316.0,1105.0,511.0,1372.0,1828.0,11.7,49.3,0.6772
0,1283.0,1039.0,549.0,1308.0,1724.0,14.7,41.2,0.6857
0,1223.0,999.0,578.0,1258.0,1547.0,17.4,33.2,0.6535
1,1176.0,969.0,612.0,1196.0,1300.0,18.8,26.2,0.5637
2,1041.0,945.0,692.0,1082.0,1000.0,19.1,18.1,0.3955
2,1008.0,946.0,705.0,1016.0,942.0,19.5,15.3,0.3431
2,962.0,807.0,821.0,901.0,745.0,20.2,14.4,0.337
2,1048.0,925.0,721.0,1022.0,941.0,19.8,16.0,0.3632
1,1145.0,1074.0,593.0,1186.0,1232.0,16.5,21.6,0.4012
0,1198.0,1291.0,531.0,1295.0,1527.0,14.5,18.3,0.2996
0,1319.0,1399.0,497.0,1458.0,1746.0,12.8,22.8,0.3364
0,1274.0,1136.0,547.0,1233.0,1741.0,11.5,35.9,0.4862
2,1085.0,882.0,705.0,985.0,1433.0,9.5,34.6,0.411
2,1017.0,760.0,806.0,922.0,1235.0,8.3,38.2,0.4203
2,1039.0,774.0,786.0,949.0,1173.0,7.7,41.7,0.4387
2,1027.0,751.0,798.0,936.0,1171.0,6.8,44.9,0.4472
2,952.0,662.0,905.0,887.0,1024.0,5.7,49.4,0.4551
2,930.0,609.0,968.0,864.0,928.0,5.7,50.1,0.4629
2,942.0,665.0,923.0,912.0,956.0,4.4,56.4,0.4761
2,897.0,594.0,999.0,870.0,871.0,4.9,55.2,0.4807
2,928.0,631.0,985.0,908.0,884.0,4.5,56.3,0.48
2,987.0,738.0,833.0,957.0,1010.0,3.8,59.7,0.4839
0,1272.0,1111.0,563.0,1279.0,1416.0,4.3,58.6,0.4915
0,1452.0,1370.0,445.0,1581.0,1817.0,7.1,50.0,0.5067
0,1415.0,1278.0,483.0,1399.0,1870.0,11.1,38.4,0.5066
1,1203.0,951.0,618.0,1162.0,1305.0,17.2,30.6,0.5949
0,1258.0,1052.0,551.0,1297.0,1205.0,17.8,33.3,0.6741
0,1328.0,1123.0,508.0,1404.0,1339.0,18.8,31.8,0.6853
0,1260.0,1059.0,544.0,1319.0,1161.0,19.3,29.9,0.6604
1,1201.0,985.0,585.0,1252.0,996.0,18.8,31.5,0.6752
1,1161.0,992.0,601.0,1211.0,906.0,18.2,28.1,0.5817
0,1254.0,1112.0,533.0,1349.0,1161.0,16.0,35.3,0.6356
0,1452.0,1381.0,428.0,1661.0,1695.0,13.8,43.6,0.6825
0,1438.0,1374.0,435.0,1640.0,1705.0,12.9,48.8,0.725
0,1273.0,1096.0,553.0,1350.0,1379.0,12.8,49.3,0.7277
2,1096.0,850.0,690.0,1146.0,943.0,12.2,50.9,0.7202
2,1151.0,813.0,702.0,1156.0,1073.0,10.6,55.9,0.7138
2,1189.0,797.0,688.0,1157.0,1213.0,10.3,55.9,0.7014
2,1078.0,704.0,765.0,1077.0,898.0,10.2,55.8,0.6927
2,1152.0,759.0,706.0,1113.0,1094.0,10.0,57.3,0.7015
2,1128.0,740.0,705.0,1113.0,1064.0,10.2,57.9,0.7191
2,1015.0,608.0,873.0,1027.0,655.0,10.3,59.4,0.7459
2,979.0,547.0,952.0,1039.0,470.0,9.8,68.9,0.8329
2,972.0,542.0,1029.0,1056.0,443.0,9.2,75.3,0.8764
2,992.0,565.0,912.0,1074.0,547.0,9.4,73.1,0.8621
2,1053.0,671.0,807.0,1137.0,570.0,10.6,66.1,0.8444
2,1140.0,800.0,679.0,1209.0,782.0,12.6,58.5,0.8517
2,1136.0,822.0,653.0,1184.0,744.0,15.0,48.6,0.8253
2,1180.0,846.0,646.0,1206.0,791.0,14.2,51.5,0.8313
2,1131.0,792.0,678.0,1177.0,749.0,15.1,48.6,0.8266
2,1083.0,804.0,702.0,1105.0,615.0,18.0,35.4,0.7233
2,1120.0,859.0,640.0,1167.0,681.0,17.9,35.3,0.7184
2,1038.0,699.0,765.0,1042.0,515.0,17.7,35.0,0.7014
2,1096.0,788.0,699.0,1115.0,583.0,17.6,35.5,0.7065
2,1126.0,881.0,648.0,1140.0,728.0,17.5,34.1,0.6775
2,1153.0,910.0,622.0,1208.0,827.0,15.6,40.0,0.7018
2,1177.0,878.0,641.0,1224.0,844.0,14.0,47.8,0.7582
0,1383.0,1119.0,522.0,1415.0,1310.0,13.2,51.4,0.776
0,1363.0,1064.0,536.0,1350.0,1353.0,12.0,56.1,0.7832
2,1087.0,803.0,699.0,1130.0,907.0,11.6,54.7,0.7454
2,1028.0,703.0,783.0,1070.0,646.0,12.0,53.3,0.7472
2,1017.0,641.0,892.0,1044.0,482.0,12.5,55.4,0.7999
2,1050.0,660.0,860.0,1071.0,526.0,12.3,56.0,0.7958
2,1023.0,672.0,819.0,1069.0,595.0,12.4,53.4,0.7669
2,940.0,583.0,942.0,991.0,416.0,12.7,51.8,0.7574
2,963.0,617.0,902.0,1006.0,398.0,13.2,49.7,0.7503
2,971.0,585.0,928.0,1004.0,394.0,12.3,55.9,0.7966
2,887.0,488.0,1184.0,908.0,312.0,13.3,50.1,0.7624
2,944.0,551.0,1063.0,985.0,381.0,12.3,51.8,0.7384
2,970.0,592.0,909.0,1018.0,509.0,12.9,50.4,0.7448
2,1034.0,651.0,861.0,1060.0,601.0,12.9,49.9,0.7406
2,1160.0,765.0,711.0,1134.0,962.0,13.9,47.3,0.7479
0,1283.0,887.0,607.0,1238.0,1231.0,13.5,51.6,0.7931
0,1387.0,981.0,535.0,1368.0,1396.0,13.2,56.2,0.8499
0,1325.0,921.0,570.0,1345.0,1297.0,14.2,57.8,0.9292
2,1057.0,641.0,803.0,1103.0,616.0,17.2,46.2,0.8989
2,1078.0,668.0,855.0,1109.0,509.0,19.9,36.6,0.8406
2,1159.0,762.0,742.0,1158.0,590.0,19.7,37.1,0.8399
2,1195.0,795.0,710.0,1157.0,718.0,19.0,37.4,0.8122
2,1217.0,861.0,642.0,1234.0,898.0,16.4,43.5,0.8055
0,1542.0,1200.0,469.0,1520.0,1577.0,15.1,49.8,0.8458
0,1407.0,1066.0,525.0,1397.0,1560.0,14.8,51.0,0.8507
2,1189.0,837.0,665.0,1204.0,1208.0,14.6,51.6,0.8508
2,1208.0,911.0,613.0,1245.0,1244.0,13.7,52.1,0.8121
2,1207.0,861.0,649.0,1217.0,1181.0,13.2,55.6,0.8412
2,1056.0,699.0,787.0,1085.0,828.0,13.2,55.9,0.8465
2,1128.0,771.0,733.0,1178.0,923.0,11.7,62.1,0.8535
2,1119.0,778.0,705.0,1187.0,1096.0,9.9,68.9,0.8388
2,1077.0,701.0,761.0,1122.0,1106.0,9.8,68.0,0.8227
2,1036.0,636.0,845.0,1084.0,976.0,8.9,71.9,0.8202
2,1016.0,647.0,824.0,1090.0,937.0,8.4,74.5,0.8241
2,1103.0,730.0,735.0,1139.0,1049.0,9.2,71.0,0.8299
2,1176.0,880.0,634.0,1257.0,1180.0,9.9,67.6,0.8239
0,1430.0,1169.0,481.0,1543.0,1514.0,10.8,64.4,0.8328
0,1572.0,1374.0,411.0,1763.0,1771.0,11.7,61.7,0.8483
0,1243.0,1006.0,572.0,1349.0,1395.0,13.7,51.9,0.8106
2,1101.0,817.0,707.0,1157.0,1024.0,16.3,43.5,0.7988
2,1103.0,857.0,681.0,1182.0,946.0,17.9,38.8,0.7883
1,1116.0,859.0,670.0,1197.0,864.0,19.3,35.5,0.7876
1,1141.0,904.0,646.0,1249.0,889.0,20.1,32.9,0.7672
1,1151.0,885.0,660.0,1222.0,903.0,20.0,33.0,0.7625
1,1263.0,1008.0,597.0,1308.0,1121.0,20.2,32.2,0.7526
0,1324.0,1128.0,540.0,1441.0,1319.0,18.9,34.4,0.7436
0,1533.0,1439.0,416.0,1799.0,1829.0,17.9,37.6,0.7624
0,1626.0,1531.0,371.0,1937.0,2000.0,16.7,43.4,0.8168
0,1639.0,1510.0,378.0,1904.0,2001.0,15.9,47.9,0.8573
0,1346.0,1124.0,502.0,1490.0,1598.0,15.3,52.6,0.906
0,1218.0,914.0,597.0,1291.0,1383.0,13.7,58.5,0.9146
2,1166.0,880.0,631.0,1280.0,1238.0,12.7,62.8,0.9198
2,1095.0,772.0,721.0,1175.0,1023.0,12.2,65.0,0.9193
2,958.0,601.0,947.0,1054.0,659.0,13.0,61.2,0.9105
2,960.0,582.0,933.0,1062.0,657.0,11.1,66.1,0.8738
2,972.0,571.0,931.0,1063.0,764.0,10.1,69.8,0.8619
2,911.0,508.0,1048.0,1005.0,667.0,11.6,61.0,0.8299
2,923.0,516.0,1049.0,1002.0,667.0,10.1,64.5,0.7968
2,981.0,610.0,867.0,1068.0,856.0,9.3,67.9,0.7969
2,1038.0,701.0,760.0,1102.0,940.0,10.1,64.3,0.7934
0,1370.0,1118.0,495.0,1459.0,1406.0,10.4,62.7,0.7909
0,1471.0,1265.0,434.0,1655.0,1617.0,13.0,53.9,0.8036
0,1447.0,1167.0,466.0,1514.0,1694.0,16.4,44.6,0.8242
0,1329.0,1090.0,508.0,1401.0,1473.0,19.1,36.7,0.8044
1,1197.0,989.0,577.0,1297.0,1087.0,21.0,30.6,0.7508
1,1198.0,968.0,590.0,1264.0,945.0,22.1,27.6,0.7254
1,1171.0,977.0,608.0,1234.0,905.0,22.2,25.5,0.6752
1,1191.0,1011.0,620.0,1262.0,903.0,23.6,23.2,0.6665
1,1213.0,1060.0,578.0,1292.0,1041.0,23.6,22.9,0.6571
1,1258.0,1124.0,552.0,1363.0,1194.0,22.8,24.6,0.6736
0,1413.0,1339.0,464.0,1611.0,1533.0,20.3,29.7,0.6973
0,1610.0,1573.0,381.0,1890.0,1932.0,18.0,36.0,0.7345
0,1710.0,1632.0,346.0,2028.0,2140.0,16.4,41.9,0.7759
0,1515.0,1295.0,435.0,1615.0,1871.0,14.9,47.6,0.8003
0,1199.0,916.0,613.0,1227.0,1435.0,13.8,49.6,0.7793
2,1128.0,818.0,674.0,1156.0,1303.0,13.2,51.6,0.7765
2,1108.0,798.0,694.0,1144.0,1199.0,11.8,56.9,0.7836
2,1038.0,709.0,768.0,1087.0,1069.0,11.4,58.0,0.7818
2,1004.0,646.0,823.0,1054.0,989.0,11.3,58.0,0.7742
2,969.0,584.0,904.0,1021.0,899.0,10.7,59.6,0.7673
2,938.0,559.0,942.0,1026.0,850.0,9.0,65.4,0.7532
2,927.0,549.0,967.0,1008.0,828.0,8.0,68.9,0.7402
2,977.0,673.0,830.0,1060.0,902.0,7.5,70.9,0.7358
2,1011.0,685.0,823.0,1054.0,902.0,7.6,69.2,0.7238
0,1228.0,984.0,588.0,1293.0,1222.0,8.7,64.3,0.7257
0,1521.0,1434.0,404.0,1809.0,1784.0,11.7,54.3,0.7459
0,1425.0,1178.0,468.0,1477.0,1761.0,15.9,42.2,0.7553
0,1339.0,1094.0,509.0,1376.0,1634.0,19.3,34.7,0.7681
0,1310.0,1046.0,552.0,1351.0,1527.0,23.1,27.3,0.7615
1,1250.0,1012.0,585.0,1249.0,1192.0,26.1,20.8,0.6959
1,1181.0,1015.0,617.0,1192.0,1023.0,26.8,17.9,0.6249
1,1272.0,1220.0,533.0,1353.0,1251.0,28.4,16.0,0.6095
1,1231.0,1064.0,618.0,1188.0,1082.0,28.8,15.1,0.5877
0,1286.0,1223.0,529.0,1350.0,1348.0,27.9,15.6,0.5782
0,1315.0,1225.0,509.0,1408.0,1365.0,24.1,20.6,0.6075
0,1494.0,1460.0,420.0,1682.0,1827.0,21.0,28.0,0.6904
0,1494.0,1381.0,422.0,1677.0,1879.0,18.4,38.8,0.8152
0,1545.0,1390.0,423.0,1676.0,1915.0,16.9,42.9,0.8222
0,1354.0,1094.0,517.0,1357.0,1705.0,15.5,45.0,0.7895
0,1301.0,998.0,553.0,1283.0,1610.0,14.3,49.6,0.8049
2,1144.0,826.0,661.0,1158.0,1300.0,14.7,48.0,0.7977
2,1080.0,732.0,748.0,1087.0,1093.0,13.3,51.4,0.7821
2,1013.0,671.0,817.0,1056.0,986.0,12.6,53.7,0.7793
2,966.0,587.0,921.0,1017.0,846.0,11.5,56.8,0.7706
2,959.0,578.0,909.0,1016.0,822.0,10.1,61.9,0.7631
2,919.0,532.0,997.0,983.0,714.0,9.8,61.8,0.7523
2,953.0,604.0,903.0,1020.0,838.0,9.0,64.3,0.7417
2,1117.0,808.0,669.0,1178.0,1109.0,7.9,68.4,0.7324
0,1485.0,1265.0,441.0,1647.0,1676.0,9.5,62.6,0.7444
0,1583.0,1457.0,376.0,1808.0,1976.0,13.2,51.0,0.7704
0,1448.0,1187.0,471.0,1490.0,1814.0,16.9,40.3,0.7717
0,1294.0,1006.0,567.0,1296.0,1538.0,20.8,31.3,0.7617
1,1269.0,1016.0,579.0,1273.0,1383.0,24.3,24.7,0.7407
1,1247.0,985.0,581.0,1255.0,1184.0,26.7,22.6,0.7785
1,1239.0,1045.0,559.0,1312.0,1094.0,27.1,21.7,0.7636
1,1199.0,1041.0,574.0,1271.0,986.0,28.3,17.9,0.6769
1,1216.0,1013.0,576.0,1277.0,967.0,27.8,20.0,0.7378
1,1131.0,925.0,638.0,1158.0,831.0,26.2,19.4,0.6491
0,1300.0,1149.0,530.0,1353.0,1182.0,22.7,24.4,0.6661
0,1358.0,1331.0,459.0,1518.0,1523.0,20.2,29.3,0.686
0,1492.0,1425.0,417.0,1690.0,1780.0,17.3,35.2,0.6907
0,1413.0,1251.0,478.0,1504.0,1682.0,16.1,38.7,0.7023
0,1210.0,943.0,611.0,1224.0,1390.0,14.6,44.5,0.7337
2,1196.0,902.0,620.0,1185.0,1390.0,13.7,48.6,0.7555
2,1101.0,809.0,690.0,1123.0,1201.0,12.4,52.2,0.7513
2,1076.0,770.0,721.0,1093.0,1107.0,11.9,53.4,0.7414
2,1040.0,736.0,740.0,1099.0,1050.0,10.4,58.4,0.7367
2,989.0,667.0,824.0,1048.0,943.0,8.9,63.5,0.7268
2,966.0,639.0,843.0,1033.0,903.0,8.2,65.9,0.7168
2,912.0,587.0,922.0,1002.0,826.0,7.7,67.1,0.7074
2,960.0,668.0,841.0,1038.0,878.0,7.2,68.6,0.6978
2,1028.0,784.0,709.0,1110.0,996.0,7.5,66.7,0.6943
0,1375.0,1134.0,504.0,1467.0,1470.0,8.7,61.6,0.696
0,1522.0,1466.0,380.0,1822.0,1883.0,12.0,51.0,0.7131
0,1400.0,1227.0,465.0,1542.0,1661.0,15.4,42.5,0.7379
0,1323.0,1144.0,502.0,1405.0,1568.0,18.8,33.5,0.7186
1,1250.0,990.0,579.0,1262.0,1291.0,22.2,28.1,0.7426
1,1283.0,1048.0,550.0,1336.0,1226.0,24.7,25.5,0.7785
1,1171.0,993.0,597.0,1208.0,841.0,25.0,23.4,0.7301
1,1264.0,1081.0,555.0,1323.0,951.0,25.9,21.9,0.7209
1,1301.0,1152.0,525.0,1343.0,1151.0,25.6,21.7,0.7039
0,1321.0,1175.0,525.0,1366.0,1279.0,25.1,21.8,0.6854
0,1343.0,1298.0,477.0,1495.0,1416.0,22.1,25.6,0.6728
0,1493.0,1444.0,417.0,1702.0,1738.0,19.1,32.5,0.7112
0,1545.0,1403.0,407.0,1743.0,1821.0,16.7,42.5,0.8002
0,1477.0,1247.0,456.0,1562.0,1733.0,15.5,48.3,0.8439
2,1202.0,864.0,620.0,1255.0,1115.0,13.3,60.5,0.9168
2,1236.0,849.0,631.0,1274.0,1131.0,12.1,67.6,0.9539
2,1206.0,849.0,640.0,1245.0,1127.0,11.8,68.3,0.9432
2,1192.0,832.0,646.0,1253.0,1167.0,11.6,68.3,0.9314
2,1044.0,630.0,845.0,1099.0,809.0,11.8,67.9,0.9362
2,1053.0,648.0,808.0,1109.0,709.0,12.3,65.8,0.9374
2,1023.0,600.0,872.0,1089.0,575.0,12.2,66.9,0.9496
2,1005.0,620.0,846.0,1098.0,572.0,12.1,67.3,0.948
2,959.0,578.0,907.0,1079.0,546.0,11.8,67.1,0.9274
2,1049.0,686.0,793.0,1159.0,795.0,11.9,65.6,0.9129
0,1255.0,983.0,555.0,1439.0,1268.0,12.2,65.6,0.93
0,1285.0,1009.0,517.0,1452.0,1366.0,12.8,64.4,0.9448
0,1254.0,973.0,543.0,1403.0,1328.0,13.4,62.0,0.9498
0,1253.0,966.0,560.0,1378.0,1251.0,14.5,57.0,0.9333
0,1242.0,935.0,584.0,1327.0,1127.0,15.8,51.3,0.9144
1,1212.0,918.0,593.0,1308.0,1066.0,17.5,46.0,0.9104
1,1165.0,839.0,652.0,1214.0,867.0,19.5,40.2,0.901
1,1136.0,781.0,712.0,1169.0,691.0,21.2,35.9,0.8943
1,1233.0,926.0,617.0,1293.0,917.0,21.7,35.1,0.8993
1,1177.0,800.0,696.0,1191.0,748.0,20.5,38.4,0.9161
1,1223.0,883.0,614.0,1289.0,968.0,18.2,45.9,0.9488
0,1360.0,1063.0,507.0,1483.0,1420.0,16.2,53.0,0.9722
0,1435.0,1140.0,477.0,1550.0,1530.0,15.0,57.6,0.9777
0,1305.0,995.0,552.0,1402.0,1341.0,14.1,60.8,0.9716
2,1199.0,869.0,618.0,1306.0,1160.0,13.2,65.6,0.9882
0,1217.0,921.0,589.0,1336.0,1261.0,13.5,63.8,0.9797
2,1200.0,847.0,636.0,1297.0,1132.0,13.6,63.4,0.9794
2,1150.0,807.0,669.0,1243.0,1042.0,13.6,63.5,0.9857
2,1086.0,726.0,736.0,1192.0,848.0,13.4,64.8,0.988
2,1027.0,684.0,788.0,1149.0,666.0,13.2,64.8,0.9801
2,993.0,640.0,848.0,1110.0,548.0,13.0,65.3,0.9704
2,985.0,610.0,851.0,1101.0,604.0,12.6,65.9,0.9583
2,934.0,552.0,966.0,1063.0,520.0,13.1,64.0,0.9591
2,977.0,631.0,859.0,1120.0,659.0,12.4,66.2,0.95
2,970.0,618.0,888.0,1095.0,611.0,13.3,62.4,0.946
2,1041.0,706.0,778.0,1178.0,756.0,14.0,59.7,0.9491
2,1144.0,821.0,651.0,1262.0,988.0,15.4,54.0,0.9385
1,1209.0,933.0,581.0,1329.0,1058.0,17.0,47.5,0.9146
2,1083.0,727.0,763.0,1135.0,636.0,18.6,42.6,0.904
2,1063.0,678.0,796.0,1107.0,522.0,21.5,35.0,0.8886
2,988.0,600.0,912.0,1033.0,415.0,21.3,35.6,0.8924
2,1060.0,686.0,830.0,1110.0,445.0,23.1,32.1,0.8973
2,1087.0,717.0,786.0,1112.0,515.0,22.1,34.5,0.9035
1,1153.0,798.0,715.0,1184.0,678.0,21.5,35.7,0.905
1,1167.0,838.0,660.0,1227.0,825.0,19.3,41.6,0.923
0,1370.0,1072.0,535.0,1428.0,1233.0,17.3,47.8,0.9363
0,1403.0,1142.0,492.0,1518.0,1419.0,16.0,54.9,0.9934
0,1364.0,1061.0,534.0,1436.0,1397.0,15.6,58.0,1.0197
2,1111.0,825.0,679.0,1238.0,975.0,14.8,61.3,1.025
2,1091.0,777.0,711.0,1217.0,891.0,13.8,63.4,0.9916
2,1107.0,777.0,697.0,1221.0,945.0,13.1,66.1,0.9913
2,1095.0,746.0,716.0,1217.0,916.0,13.3,66.4,1.0128
2,1027.0,673.0,794.0,1160.0,770.0,13.3,67.0,1.0207
2,996.0,631.0,845.0,1153.0,697.0,13.1,68.6,1.0288
2,955.0,582.0,902.0,1118.0,611.0,12.2,72.4,1.0224
2,947.0,553.0,944.0,1110.0,693.0,11.6,73.8,1.0054
2,1003.0,650.0,831.0,1158.0,750.0,12.9,67.5,0.999
2,1120.0,815.0,660.0,1291.0,1053.0,12.8,68.0,1.0023
0,1476.0,1219.0,459.0,1673.0,1561.0,13.5,63.9,0.9875
0,1653.0,1573.0,345.0,2147.0,1920.0,14.7,59.8,0.9928
0,1403.0,1161.0,487.0,1576.0,1583.0,15.9,56.6,1.0147
0,1241.0,1011.0,545.0,1428.0,1274.0,18.3,49.4,1.0264
1,1176.0,914.0,621.0,1347.0,1083.0,19.8,44.2,1.0091
1,1160.0,862.0,636.0,1320.0,924.0,21.6,39.6,1.009
1,1224.0,977.0,571.0,1424.0,1002.0,23.3,35.8,1.0086
1,1175.0,906.0,616.0,1332.0,905.0,23.8,33.4,0.9699
1,1235.0,947.0,594.0,1362.0,923.0,22.8,35.3,0.9693
1,1288.0,1064.0,539.0,1446.0,1123.0,22.8,34.9,0.9576
0,1512.0,1386.0,425.0,1831.0,1602.0,20.9,39.3,0.9615
0,1609.0,1544.0,367.0,1999.0,1878.0,18.6,46.4,0.9867
0,1537.0,1446.0,392.0,1855.0,1840.0,17.2,52.7,1.0285
0,1315.0,1126.0,498.0,1537.0,1474.0,15.3,61.0,1.054
0,1155.0,909.0,604.0,1331.0,1244.0,14.2,65.4,1.0497
2,1033.0,759.0,735.0,1185.0,937.0,13.8,65.2,1.0275
2,1078.0,808.0,696.0,1221.0,891.0,13.3,65.6,0.9969
2,1069.0,799.0,682.0,1211.0,1044.0,12.6,67.9,0.9886
2,952.0,648.0,847.0,1107.0,792.0,12.8,64.5,0.9493
2,910.0,570.0,964.0,1060.0,670.0,12.8,63.6,0.936
2,878.0,517.0,1069.0,1046.0,689.0,12.0,65.2,0.9103
2,899.0,556.0,1001.0,1064.0,717.0,10.6,70.8,0.9033
2,939.0,620.0,905.0,1095.0,813.0,10.9,69.2,0.9033
2,1001.0,701.0,816.0,1130.0,891.0,10.3,70.9,0.8907
0,1303.0,1102.0,536.0,1488.0,1323.0,11.8,66.3,0.9174
0,1557.0,1499.0,381.0,1945.0,1817.0,14.1,58.9,0.9447
0,1402.0,1263.0,446.0,1640.0,1723.0,16.5,51.6,0.9601
0,1380.0,1170.0,477.0,1566.0,1656.0,20.2,42.1,0.984
0,1350.0,1168.0,475.0,1564.0,1539.0,21.7,39.0,0.9979
0,1283.0,1061.0,525.0,1434.0,1294.0,23.5,35.0,0.9977
0,1293.0,1064.0,522.0,1446.0,1229.0,23.5,34.2,0.9748
1,1197.0,943.0,599.0,1294.0,951.0,25.5,28.3,0.9124
1,1142.0,924.0,629.0,1236.0,819.0,25.5,24.7,0.7928
1,1147.0,914.0,633.0,1233.0,801.0,22.9,29.2,0.8055
0,1448.0,1322.0,447.0,1655.0,1492.0,21.3,32.9,0.8209
0,1487.0,1350.0,418.0,1698.0,1692.0,20.1,42.4,0.988
0,1476.0,1308.0,428.0,1674.0,1654.0,18.6,46.6,0.9858
0,1282.0,1013.0,545.0,1384.0,1287.0,17.4,50.6,0.9989
1,1147.0,848.0,636.0,1289.0,938.0,16.4,57.2,1.0574
2,1130.0,828.0,645.0,1283.0,973.0,16.3,59.4,1.0895
2,1154.0,822.0,656.0,1285.0,1087.0,16.0,60.2,1.0844
2,1049.0,683.0,782.0,1190.0,796.0,15.6,61.6,1.0859
2,1056.0,672.0,769.0,1184.0,830.0,15.4,62.0,1.0793
2,1011.0,622.0,827.0,1158.0,703.0,15.2,63.5,1.0881
2,993.0,604.0,848.0,1160.0,762.0,14.5,66.4,1.0919
2,976.0,568.0,891.0,1143.0,705.0,15.0,64.8,1.1007
2,1050.0,690.0,761.0,1223.0,867.0,14.2,68.3,1.0988
2,1143.0,818.0,646.0,1316.0,1122.0,14.0,68.6,1.0918
0,1606.0,1360.0,396.0,1895.0,1771.0,15.4,63.4,1.1045
0,1592.0,1478.0,360.0,1975.0,1874.0,17.8,53.3,1.0736
0,1510.0,1282.0,419.0,1726.0,1812.0,19.4,47.5,1.061
0,1421.0,1172.0,474.0,1513.0,1726.0,21.4,38.7,0.9724
1,1169.0,987.0,596.0,1285.0,1184.0,22.9,29.3,0.8077
1,1187.0,1014.0,578.0,1315.0,1131.0,24.2,26.5,0.7869
1,1171.0,1045.0,570.0,1291.0,1149.0,24.5,23.1,0.6968
1,1175.0,1040.0,582.0,1268.0,1185.0,23.1,22.8,0.6346
1,1216.0,1050.0,564.0,1311.0,1244.0,23.3,23.8,0.6738
0,1239.0,1062.0,558.0,1299.0,1380.0,23.2,23.3,0.6562
0,1463.0,1383.0,440.0,1636.0,1727.0,22.7,25.5,0.6944
0,1616.0,1610.0,374.0,1909.0,2021.0,21.0,29.2,0.7192
0,1663.0,1597.0,366.0,1906.0,2159.0,19.5,35.6,0.7978
0,1445.0,1263.0,464.0,1500.0,1844.0,18.8,37.3,0.8031
0,1293.0,1052.0,536.0,1332.0,1593.0,17.7,39.7,0.799
0,1354.0,1084.0,502.0,1380.0,1651.0,16.7,45.2,0.8506
0,1251.0,973.0,559.0,1277.0,1482.0,15.9,47.0,0.8434
0,1222.0,902.0,590.0,1256.0,1384.0,15.1,50.2,0.8543
2,1044.0,702.0,746.0,1099.0,1101.0,15.3,49.2,0.8493
2,1006.0,659.0,791.0,1082.0,999.0,13.1,56.1,0.8416
2,953.0,583.0,889.0,1043.0,895.0,13.3,54.4,0.8287
2,959.0,598.0,878.0,1045.0,904.0,12.4,58.3,0.8364
2,949.0,607.0,884.0,1043.0,851.0,12.9,56.0,0.8292
2,1073.0,760.0,727.0,1128.0,1052.0,11.9,59.6,0.8294
0,1499.0,1291.0,444.0,1653.0,1609.0,13.4,55.1,0.8444
0,1404.0,1149.0,469.0,1523.0,1614.0,16.1,46.4,0.8436
0,1465.0,1241.0,434.0,1572.0,1774.0,17.9,42.2,0.8557
0,1474.0,1158.0,469.0,1476.0,1802.0,18.2,43.2,0.8926
0,1611.0,1233.0,413.0,1687.0,1741.0,16.0,67.9,1.2217
0,1590.0,1219.0,410.0,1677.0,1830.0,17.6,59.7,1.188
0,1422.0,1120.0,476.0,1525.0,1696.0,20.9,43.4,1.0618
1,1273.0,988.0,563.0,1387.0,1257.0,24.1,33.3,0.9881
0,1296.0,1014.0,543.0,1401.0,1305.0,22.9,35.2,0.9694
1,1247.0,989.0,557.0,1383.0,1183.0,22.2,36.2,0.956
0,1359.0,1135.0,505.0,1500.0,1347.0,21.3,37.8,0.9462
0,1726.0,1570.0,359.0,2021.0,1947.0,20.1,43.2,1.0051
0,1818.0,1675.0,330.0,2143.0,2129.0,18.8,49.1,1.0538
0,1667.0,1410.0,383.0,1818.0,1948.0,18.2,52.2,1.0795
0,1549.0,1233.0,424.0,1648.0,1804.0,17.4,57.3,1.1288
0,1385.0,1045.0,496.0,1462.0,1572.0,17.0,56.6,1.0902
0,1320.0,950.0,542.0,1428.0,1426.0,16.2,66.3,1.208
0,1205.0,828.0,622.0,1344.0,1170.0,15.3,73.3,1.2655
2,1099.0,709.0,727.0,1263.0,1000.0,15.2,73.3,1.2556
2,1106.0,715.0,714.0,1279.0,949.0,13.9,80.4,1.2694
2,1099.0,718.0,714.0,1300.0,905.0,13.6,82.8,1.2817
2,1042.0,671.0,754.0,1255.0,845.0,13.7,82.0,1.277
2,980.0,621.0,858.0,1190.0,692.0,13.7,78.0,1.2174
2,1138.0,782.0,705.0,1321.0,926.0,14.1,75.5,1.2065
0,1517.0,1222.0,437.0,1750.0,1470.0,14.8,73.6,1.2331
0,1537.0,1374.0,384.0,1941.0,1660.0,16.0,67.8,1.2276
0,1296.0,1017.0,526.0,1494.0,1360.0,18.4,59.2,1.2398
0,1255.0,958.0,579.0,1420.0,1215.0,20.4,50.5,1.1954
0,1367.0,1105.0,503.0,1578.0,1391.0,21.3,46.6,1.1628
0,1473.0,1210.0,462.0,1686.0,1521.0,20.4,49.8,1.1765
0,1422.0,1175.0,474.0,1647.0,1483.0,21.1,47.8,1.1813
0,1378.0,1125.0,502.0,1601.0,1380.0,21.5,47.8,1.206
0,1446.0,1224.0,471.0,1706.0,1450.0,21.7,47.4,1.2184
0,1473.0,1235.0,468.0,1702.0,1519.0,21.0,49.8,1.2208
0,1619.0,1411.0,417.0,1908.0,1684.0,20.4,51.9,1.2261
0,1673.0,1484.0,397.0,2008.0,1812.0,19.4,56.3,1.25
0,1605.0,1397.0,420.0,1891.0,1710.0,18.8,58.3,1.2514
0,1460.0,1201.0,466.0,1685.0,1591.0,18.2,61.0,1.2634
0,1407.0,1117.0,486.0,1596.0,1521.0,17.7,63.3,1.2729
0,1286.0,982.0,550.0,1458.0,1353.0,17.7,63.5,1.27
0,1372.0,1054.0,504.0,1534.0,1463.0,17.1,66.9,1.2926
0,1312.0,995.0,527.0,1488.0,1447.0,16.8,69.0,1.3135
0,1205.0,867.0,601.0,1361.0,1294.0,16.6,70.0,1.3078
1,1167.0,829.0,622.0,1360.0,1172.0,16.1,71.3,1.2955
1,1122.0,811.0,641.0,1336.0,1122.0,16.2,71.2,1.3013
1,1126.0,779.0,663.0,1309.0,1103.0,16.3,69.8,1.2853
2,1121.0,757.0,672.0,1293.0,1113.0,16.1,70.0,1.2739
1,1135.0,797.0,651.0,1325.0,1109.0,16.1,69.5,1.2623
0,1248.0,939.0,565.0,1458.0,1229.0,16.5,68.1,1.2653
0,1325.0,1010.0,513.0,1522.0,1404.0,17.4,65.0,1.2775
0,1347.0,1000.0,510.0,1490.0,1450.0,18.4,60.2,1.2623
0,1317.0,952.0,541.0,1443.0,1393.0,19.1,57.5,1.2569
1,1243.0,912.0,579.0,1406.0,1227.0,21.2,48.4,1.2028
1,1169.0,841.0,623.0,1361.0,1040.0,22.3,43.9,1.1695
1,1085.0,769.0,711.0,1264.0,820.0,23.7,39.4,1.1366
1,1177.0,896.0,616.0,1374.0,1011.0,23.1,41.2,1.1523
1,1207.0,888.0,611.0,1382.0,1042.0,25.7,35.7,1.1626
1,1269.0,1005.0,553.0,1463.0,1136.0,24.3,38.4,1.1503
1,1205.0,996.0,559.0,1456.0,1101.0,21.9,45.1,1.1687
0,1218.0,1009.0,553.0,1486.0,1108.0,19.7,51.8,1.1779
1,1183.0,914.0,604.0,1387.0,1078.0,18.7,54.5,1.1644
0,1242.0,978.0,564.0,1449.0,1210.0,17.8,58.1,1.1742
0,1263.0,990.0,553.0,1465.0,1270.0,17.3,60.8,1.1885
1,1139.0,865.0,625.0,1362.0,1119.0,16.5,63.8,1.1873
1,1166.0,829.0,632.0,1338.0,1133.0,16.3,65.2,1.1982
2,1079.0,727.0,724.0,1275.0,1010.0,16.5,63.8,1.1896
2,1008.0,669.0,791.0,1241.0,894.0,16.6,63.0,1.1784
2,1034.0,707.0,740.0,1267.0,930.0,16.2,64.3,1.1729
2,1001.0,675.0,778.0,1260.0,861.0,15.9,65.1,1.1654
2,977.0,605.0,852.0,1212.0,841.0,15.8,65.4,1.1629
2,986.0,602.0,878.0,1211.0,851.0,15.8,65.9,1.1792
2,1082.0,720.0,697.0,1297.0,960.0,15.6,67.7,1.1911
2,1068.0,688.0,725.0,1289.0,926.0,15.2,71.5,1.2228
2,1136.0,733.0,692.0,1344.0,901.0,14.5,80.8,1.3224
2,1184.0,743.0,672.0,1369.0,915.0,15.2,81.4,1.393
2,1179.0,738.0,680.0,1335.0,956.0,15.9,77.3,1.3838
1,1182.0,761.0,677.0,1338.0,1019.0,17.5,67.1,1.3342
2,1082.0,700.0,759.0,1286.0,842.0,18.1,62.8,1.2916
2,996.0,620.0,820.0,1238.0,612.0,18.6,62.1,1.3224
2,1024.0,630.0,862.0,1240.0,544.0,16.2,71.9,1.3171
2,1093.0,682.0,797.0,1256.0,638.0,15.4,75.2,1.3024
2,1170.0,756.0,713.0,1341.0,793.0,14.4,80.8,1.3182
2,1153.0,734.0,712.0,1324.0,811.0,13.8,83.5,1.3154
2,1220.0,796.0,652.0,1367.0,896.0,13.9,83.6,1.3208
2,1218.0,825.0,627.0,1393.0,978.0,14.2,82.3,1.3219
2,1172.0,810.0,637.0,1376.0,964.0,14.1,81.4,1.3046
2,1182.0,812.0,650.0,1368.0,993.0,14.4,79.0,1.2917
2,1160.0,794.0,658.0,1356.0,966.0,14.6,77.7,1.2834
2,1106.0,728.0,722.0,1309.0,885.0,14.4,78.6,1.2839
2,1031.0,652.0,803.0,1256.0,775.0,14.4,78.0,1.2741
2,1015.0,640.0,821.0,1247.0,738.0,14.1,79.1,1.2665
2,1003.0,635.0,829.0,1235.0,711.0,13.7,80.6,1.2528
2,951.0,583.0,905.0,1212.0,624.0,13.9,79.6,1.2616
2,938.0,575.0,955.0,1195.0,585.0,13.8,79.0,1.2425
2,933.0,574.0,937.0,1201.0,646.0,13.9,78.0,1.2346
2,1010.0,656.0,815.0,1260.0,809.0,14.1,77.8,1.2445
2,1025.0,675.0,798.0,1257.0,828.0,15.0,73.2,1.2413
2,1086.0,756.0,700.0,1308.0,894.0,16.4,67.3,1.2451
1,1111.0,773.0,690.0,1331.0,915.0,17.8,61.7,1.2436
1,1129.0,788.0,692.0,1305.0,920.0,20.8,50.4,1.2213
1,1097.0,721.0,746.0,1266.0,807.0,21.6,46.8,1.1959
1,1029.0,670.0,800.0,1223.0,678.0,23.1,41.3,1.1506
1,1071.0,752.0,736.0,1289.0,668.0,23.6,39.4,1.132
1,1053.0,721.0,764.0,1216.0,617.0,25.1,34.0,1.068
1,1055.0,693.0,789.0,1203.0,598.0,24.7,35.6,1.0882
1,1176.0,822.0,704.0,1294.0,778.0,24.2,38.1,1.1357
1,1293.0,965.0,589.0,1399.0,1062.0,22.7,42.4,1.154
0,1307.0,1063.0,554.0,1432.0,1224.0,19.6,47.8,1.0781
1,1163.0,954.0,600.0,1369.0,1118.0,17.6,54.4,1.0839
1,1103.0,861.0,660.0,1310.0,964.0,16.2,60.6,1.1089
2,1120.0,817.0,669.0,1310.0,1050.0,15.2,65.8,1.1288
2,1107.0,810.0,677.0,1311.0,1016.0,14.5,68.9,1.1298
2,1078.0,766.0,692.0,1269.0,998.0,14.3,68.5,1.1122
2,963.0,646.0,834.0,1181.0,846.0,14.7,66.4,1.1006
2,923.0,596.0,908.0,1148.0,762.0,13.4,70.4,1.0793
2,853.0,502.0,1117.0,1087.0,592.0,14.2,65.1,1.0495
2,883.0,530.0,997.0,1102.0,617.0,13.7,68.2,1.0611
2,921.0,575.0,956.0,1143.0,672.0,13.7,67.8,1.0575
2,1031.0,748.0,738.0,1245.0,890.0,12.9,71.8,1.0657
0,1371.0,1180.0,472.0,1632.0,1354.0,13.2,69.9,1.0543
0,1519.0,1461.0,370.0,2005.0,1648.0,14.4,65.8,1.0727
0,1409.0,1262.0,434.0,1709.0,1566.0,15.3,63.3,1.092
0,1303.0,1128.0,489.0,1573.0,1541.0,17.7,55.6,1.112
1,1184.0,978.0,567.0,1425.0,1226.0,19.6,49.4,1.1176
0,1202.0,1052.0,519.0,1525.0,1126.0,18.1,58.3,1.2013
0,1197.0,1040.0,530.0,1519.0,1147.0,18.0,57.9,1.1826
0,1234.0,1049.0,523.0,1516.0,1190.0,18.6,55.0,1.1696
0,1247.0,1059.0,508.0,1550.0,1212.0,18.3,57.9,1.2047
0,1234.0,1060.0,509.0,1504.0,1251.0,18.3,54.8,1.1403
0,1339.0,1200.0,457.0,1671.0,1404.0,18.3,53.9,1.1252
0,1331.0,1160.0,474.0,1598.0,1419.0,18.5,54.6,1.1515
0,1251.0,1097.0,502.0,1541.0,1328.0,17.1,61.5,1.191
0,1267.0,1102.0,498.0,1545.0,1378.0,16.4,62.5,1.1531
0,1145.0,938.0,591.0,1376.0,1159.0,15.2,64.2,1.0983
2,1010.0,752.0,740.0,1218.0,932.0,14.6,67.3,1.1102
2,1025.0,761.0,745.0,1237.0,942.0,13.5,70.8,1.0928
2,1024.0,759.0,721.0,1224.0,944.0,13.0,71.9,1.0697
2,938.0,679.0,829.0,1144.0,798.0,13.0,70.2,1.0457
2,905.0,615.0,885.0,1104.0,776.0,11.6,74.9,1.0224
2,826.0,512.0,1108.0,1043.0,636.0,12.5,67.4,0.9722
2,879.0,539.0,1045.0,1073.0,678.0,11.5,71.5,0.9684
2,901.0,589.0,933.0,1109.0,754.0,10.2,77.9,0.9692
2,948.0,702.0,801.0,1164.0,818.0,11.0,73.1,0.9554
0,1250.0,1069.0,532.0,1457.0,1202.0,10.7,73.6,0.9439
0,1263.0,1138.0,503.0,1533.0,1296.0,12.1,67.3,0.9499
0,1319.0,1164.0,489.0,1543.0,1418.0,15.1,58.6,0.9982
0,1202.0,1055.0,534.0,1458.0,1293.0,18.6,49.5,1.052
1,1109.0,896.0,629.0,1308.0,1027.0,20.9,42.5,1.037
1,1136.0,962.0,594.0,1350.0,1052.0,23.6,34.8,0.9986
1,1082.0,910.0,629.0,1301.0,875.0,25.6,28.5,0.9199
1,1070.0,947.0,609.0,1292.0,815.0,26.1,26.3,0.875
1,1070.0,917.0,633.0,1252.0,760.0,26.6,24.9,0.8525
1,1123.0,945.0,623.0,1303.0,856.0,25.1,28.5,0.8932
0,1271.0,1183.0,493.0,1498.0,1258.0,24.1,32.1,0.9504
0,1304.0,1212.0,476.0,1585.0,1383.0,21.5,39.1,0.9914
0,1360.0,1295.0,451.0,1639.0,1518.0,19.3,46.2,1.023
0,1278.0,1147.0,505.0,1536.0,1890.0,18.2,52.6,1.0911
0,1130.0,933.0,608.0,1373.0,1389.0,16.8,58.2,1.1022
2,1066.0,802.0,689.0,1282.0,1090.0,16.0,61.9,1.115
2,1090.0,841.0,661.0,1317.0,1092.0,15.3,65.4,1.126
2,1013.0,754.0,729.0,1245.0,954.0,14.5,67.8,1.1171
2,998.0,718.0,757.0,1230.0,951.0,14.2,68.6,1.1068
2,923.0,616.0,874.0,1169.0,790.0,13.9,68.7,1.0892
2,904.0,565.0,942.0,1144.0,752.0,13.1,72.5,1.0911
2,884.0,556.0,965.0,1135.0,708.0,12.9,72.7,1.076
2,936.0,628.0,876.0,1173.0,782.0,12.3,74.2,1.0583
2,1068.0,816.0,681.0,1264.0,1011.0,12.6,71.5,1.038
0,1531.0,1394.0,407.0,1860.0,1683.0,12.7,69.6,1.0206
0,1184.0,1012.0,567.0,1397.0,1341.0,16.8,51.6,0.9818
1,1064.0,848.0,692.0,1212.0,1014.0,20.3,40.1,0.9439
2,996.0,759.0,773.0,1119.0,751.0,21.0,37.3,0.9139
2,984.0,724.0,810.0,1088.0,630.0,21.0,36.9,0.9089
2,980.0,728.0,808.0,1098.0,565.0,22.8,33.0,0.904
1,970.0,710.0,833.0,1094.0,535.0,24.0,30.3,0.8925
2,940.0,656.0,913.0,1052.0,471.0,22.6,33.2,0.9007
2,963.0,691.0,857.0,1075.0,512.0,22.5,32.9,0.8846
2,961.0,702.0,849.0,1070.0,527.0,21.5,33.8,0.8575
1,1067.0,836.0,713.0,1206.0,690.0,21.4,36.4,0.9172
1,1084.0,866.0,682.0,1219.0,778.0,20.0,38.9,0.8974
1,1102.0,912.0,647.0,1287.0,872.0,17.8,45.2,0.9123
2,976.0,731.0,787.0,1095.0,622.0,16.3,47.3,0.8686
2,895.0,607.0,944.0,1012.0,512.0,16.3,44.8,0.8244
2,886.0,568.0,1015.0,992.0,438.0,15.6,47.1,0.8273
2,886.0,589.0,975.0,1001.0,443.0,15.1,47.6,0.8139
2,848.0,541.0,1067.0,937.0,392.0,15.1,44.5,0.7569
2,818.0,497.0,1198.0,885.0,347.0,14.6,43.0,0.7108
2,848.0,509.0,1126.0,882.0,341.0,14.5,43.7,0.7163
2,826.0,488.0,1187.0,895.0,322.0,13.6,46.7,0.7245
2,818.0,473.0,1257.0,898.0,323.0,13.7,48.8,0.7606
2,868.0,535.0,1136.0,944.0,395.0,13.5,50.6,0.7783
2,901.0,586.0,993.0,979.0,510.0,13.7,47.4,0.7412
2,1044.0,845.0,710.0,1158.0,909.0,13.7,45.9,0.7154
2,1030.0,828.0,705.0,1130.0,869.0,16.1,41.0,0.7435
2,965.0,730.0,799.0,1038.0,652.0,16.1,41.5,0.7559
2,948.0,684.0,851.0,1011.0,599.0,16.5,40.8,0.757
2,939.0,687.0,870.0,981.0,550.0,18.9,33.8,0.7312
2,925.0,713.0,853.0,957.0,518.0,19.2,29.5,0.648
2,924.0,739.0,834.0,966.0,541.0,19.9,26.3,0.6054
2,891.0,669.0,923.0,911.0,456.0,19.2,27.0,0.5934
2,897.0,687.0,908.0,916.0,467.0,19.4,25.3,0.5625
2,939.0,726.0,890.0,955.0,508.0,18.9,26.2,0.5667
2,943.0,770.0,856.0,959.0,583.0,19.3,24.7,0.5483
2,928.0,790.0,812.0,951.0,609.0,17.1,25.3,0.4881
2,961.0,874.0,747.0,1003.0,757.0,15.6,26.2,0.4604
2,867.0,694.0,906.0,858.0,539.0,13.8,30.6,0.479
2,823.0,579.0,1070.0,778.0,420.0,13.1,31.7,0.4756
2,835.0,593.0,1072.0,793.0,408.0,13.2,31.8,0.4798
2,893.0,675.0,955.0,853.0,560.0,13.6,30.8,0.4779
2,965.0,803.0,802.0,951.0,889.0,13.1,32.0,0.4817
2,838.0,580.0,1055.0,791.0,516.0,12.7,33.6,0.4902
2,835.0,546.0,1111.0,768.0,391.0,12.2,35.6,0.5038
2,820.0,536.0,1137.0,777.0,374.0,11.9,35.6,0.4945
2,815.0,488.0,1223.0,742.0,326.0,11.2,38.3,0.5099
2,842.0,535.0,1140.0,805.0,352.0,11.0,40.5,0.5316
2,884.0,587.0,999.0,863.0,566.0,10.7,42.8,0.5489
2,922.0,658.0,898.0,922.0,706.0,11.1,43.3,0.572
2,903.0,618.0,933.0,899.0,575.0,14.2,36.9,0.5939
2,899.0,631.0,955.0,884.0,505.0,15.6,33.3,0.5861
2,890.0,634.0,952.0,856.0,471.0,16.3,30.0,0.5514
2,877.0,632.0,993.0,834.0,421.0,17.0,26.1,0.5036
2,867.0,613.0,1019.0,817.0,389.0,19.3,22.3,0.495
2,892.0,614.0,986.0,843.0,408.0,20.5,21.9,0.5215
2,889.0,603.0,1022.0,853.0,382.0,22.0,20.2,0.5274
2,900.0,622.0,1008.0,861.0,387.0,21.7,20.9,0.5367
2,910.0,644.0,971.0,873.0,428.0,21.6,20.8,0.5292
2,947.0,682.0,906.0,928.0,488.0,21.0,22.3,0.5468
2,947.0,708.0,858.0,958.0,556.0,18.6,26.6,0.5631
2,936.0,685.0,866.0,942.0,568.0,15.5,33.9,0.5957
2,925.0,645.0,904.0,930.0,546.0,14.3,38.0,0.6162
2,885.0,567.0,1021.0,872.0,428.0,13.5,39.4,0.6089
2,891.0,567.0,1031.0,881.0,418.0,13.1,41.3,0.6184
2,904.0,593.0,1012.0,894.0,472.0,13.5,37.8,0.5815
2,929.0,617.0,953.0,898.0,544.0,13.5,37.4,0.5745
2,951.0,642.0,895.0,929.0,666.0,12.7,40.8,0.5977
2,938.0,631.0,882.0,931.0,679.0,12.0,44.2,0.6177
2,921.0,642.0,861.0,948.0,768.0,10.5,48.7,0.6164
2,850.0,583.0,955.0,914.0,589.0,10.1,49.7,0.6122
2,811.0,494.0,1118.0,872.0,470.0,9.6,51.0,0.6082
2,848.0,530.0,1072.0,901.0,523.0,9.1,52.4,0.6074
2,882.0,563.0,978.0,936.0,660.0,8.9,52.7,0.6034
2,936.0,611.0,911.0,949.0,741.0,13.5,40.0,0.6168
2,1022.0,715.0,806.0,1004.0,831.0,17.8,30.7,0.6205
2,970.0,677.0,888.0,931.0,613.0,21.1,23.7,0.5875
2,1000.0,779.0,805.0,1001.0,640.0,24.0,19.3,0.5673
1,996.0,781.0,806.0,985.0,631.0,26.5,16.4,0.5594
2,928.0,701.0,926.0,902.0,456.0,28.7,13.7,0.5302
2,933.0,722.0,899.0,890.0,450.0,28.5,13.1,0.5002
1,956.0,783.0,857.0,896.0,516.0,30.0,11.1,0.4624
1,968.0,826.0,867.0,898.0,548.0,29.4,10.4,0.4192
2,953.0,817.0,872.0,891.0,603.0,28.9,9.9,0.3866
2,1015.0,743.0,851.0,981.0,597.0,22.8,21.7,0.5945
1,1248.0,1018.0,599.0,1289.0,1167.0,19.9,33.0,0.7608
1,1180.0,894.0,636.0,1200.0,1372.0,17.5,40.7,0.8073
2,1102.0,812.0,693.0,1178.0,1042.0,16.4,46.6,0.8642
2,1116.0,803.0,696.0,1173.0,1055.0,15.5,49.0,0.8579
2,1100.0,769.0,722.0,1147.0,1049.0,14.3,52.5,0.8497
2,1012.0,683.0,801.0,1073.0,816.0,14.2,51.4,0.8275
2,944.0,579.0,925.0,1002.0,598.0,13.8,51.2,0.8058
2,912.0,544.0,959.0,1002.0,573.0,12.1,56.3,0.7927
2,887.0,508.0,1047.0,974.0,549.0,11.3,58.9,0.7888
2,864.0,478.0,1116.0,958.0,489.0,11.8,56.0,0.7743
2,888.0,528.0,1077.0,987.0,578.0,10.4,59.9,0.755
2,1031.0,730.0,760.0,1129.0,905.0,9.5,63.1,0.7531
0,1384.0,1221.0,470.0,1600.0,1457.0,9.7,61.9,0.7446
0,1446.0,1362.0,415.0,1777.0,1705.0,13.5,48.9,0.7553
0,1297.0,1102.0,507.0,1375.0,1583.0,18.2,36.3,0.7487
0,1314.0,1101.0,539.0,1374.0,1729.0,21.9,29.3,0.7568
1,1163.0,1027.0,604.0,1264.0,1269.0,24.3,23.7,0.7119
1,1142.0,1063.0,603.0,1241.0,1092.0,26.9,18.3,0.6406
1,1003.0,961.0,702.0,1041.0,770.0,28.3,13.5,0.5139
1,1071.0,1047.0,654.0,1129.0,816.0,28.5,13.1,0.5028
